   2.0000000e+00  -5.8728104e-01   1.0429565e+00  -1.4028296e+00  -7.7710480e-01  -3.4491973e-01  -9.9585417e-01   5.8640925e-01  -2.5274292e-01  -4.5875023e-01  -6.3345322e-01   3.5105893e-01   5.4948547e-02  -9.9241521e-01   3.7885430e-01  -1.6211172e-01   2.1779207e+00   5.8548044e-01   1.0778971e+00
   1.0000000e+00  -4.5644979e-01  -1.6183412e-01   4.5913650e-01  -6.9015806e-01   4.2676253e-01   1.1658571e+00   4.0599668e-01   5.0142368e-01  -7.3765407e-01  -3.2677192e-01   2.8011946e-01  -2.3113122e-01  -1.6608415e+00  -1.0853843e+00  -6.9339505e-01   7.6978803e-01  -7.6296383e-01   5.5334855e-01
   2.0000000e+00   1.3455774e+00  -2.5484223e+00   4.3777743e-01  -5.1890172e-01  -1.7344143e+00  -4.3305736e-01   4.0050325e-01  -1.6354854e-01   5.4393312e-01   3.1998336e-01  -2.8613849e-01   5.5393875e-01  -1.5831259e+00   7.5843434e-02  -3.7767840e-01   1.8636848e+00   9.4325203e-01   2.6539283e+00
   2.0000000e+00  -2.2507935e-01  -2.6887596e-01  -1.9317327e+00   1.2281750e+00   1.2253632e+00  -5.7599341e-01   2.1516000e+00   1.7772989e-01  -9.1441134e-02  -1.0027447e+00   4.1708769e-01   1.0451819e+00   7.6255089e-01  -1.9338718e+00  -1.2434685e-01   2.0553675e+00   7.9410211e-01   1.3392024e+00
   1.0000000e+00   1.6230161e+00   1.1284989e-01  -7.1759155e-02   1.7744658e+00   5.8704810e-01  -4.6875018e-01   2.8505457e-01   8.6476674e-01  -2.4144982e-01  -3.1637571e-01  -2.7449114e-01   3.0951273e-01   9.9909935e-02  -1.2446546e+00  -2.4744045e+00   8.8992626e-01  -7.9444260e-01  -2.7030501e-01
   2.0000000e+00  -1.2597988e+00  -1.0827268e-01   6.3855903e-01   1.0633593e-01  -3.2803297e-01  -8.1508557e-01  -1.8364227e-01  -1.4624797e+00  -3.7364337e-02   1.0797150e+00   5.1252472e-01   9.0650096e-02  -1.0758325e+00   1.2042788e+00  -1.7220346e+00   6.6027257e-01  -3.3516482e-01   1.0726693e+00
   2.0000000e+00  -1.3872605e+00   1.6557303e-01   1.5109207e+00   1.2670464e+00   8.4669907e-01   3.6680771e-01  -1.3334740e-01   2.4473055e-01   5.6776441e-01  -8.7091913e-01  -1.3696796e-01   3.7579305e-01  -8.6689241e-01   3.7980484e-01   1.0781190e-01   6.4874911e-01   4.1089611e-01   1.9132792e+00
   1.0000000e+00  -7.0622033e-01   1.6594521e-01   2.5510296e-01  -1.6119007e-01   7.0001295e-01  -1.6611451e+00  -5.6930509e-01  -1.2129101e+00  -7.4842867e-02   8.2960360e-01  -1.7441567e-01   6.1375671e-03   6.0936556e-01  -7.1877580e-02   1.5789908e+00   8.4944228e-01  -4.3019664e-01  -6.6546702e-02
   2.0000000e+00   3.5971781e-01   6.0758961e-01  -2.7195047e-03  -1.9398670e-01   5.0361422e-01  -1.2269877e+00  -4.1072639e-01   1.6691839e+00  -2.1014300e-01  -9.1641536e-01  -1.1541668e+00   1.0205829e+00   1.7586649e-01  -2.6244735e-01   1.2022424e+00  -5.6486277e-01  -1.9049338e+00   3.3093703e-01
   1.0000000e+00  -1.3144858e+00  -2.9280307e-01  -1.7818916e+00  -1.6889940e-02   6.2006976e-01   4.9285822e-02  -5.2455080e-01   1.0497298e+00  -3.2735273e-01   8.9958397e-01   5.3958311e-01  -4.4220073e-01  -5.5252593e-01  -3.3651346e-01   6.4535580e-01  -3.1537207e-01  -3.7381503e-02   1.2825442e+00
   1.0000000e+00   9.3437644e-01   1.4836830e+00  -2.6975879e+00   4.5435548e-02   5.0880141e-01   1.5388137e+00  -2.1721913e+00   2.2319693e-01  -1.4423304e-01   6.4554863e-01  -2.4129793e-01  -1.1562097e+00   1.1540877e+00  -2.0314125e+00  -1.8891977e-01   5.1211808e-01   3.2258031e-01  -1.5520978e+00
   2.0000000e+00  -1.8471366e-01  -2.3523235e+00  -2.1756977e-01   7.6476247e-02   1.7236969e-01  -1.4839795e+00  -4.1073834e-03   4.1762474e-01   1.9128235e+00   8.2990436e-01   7.9222808e-01  -8.9824423e-01   7.5066480e-01  -5.4152273e-01  -7.8936858e-01  -6.1129319e-01   1.2559363e+00  -1.2181984e+00
   2.0000000e+00   3.0182547e-03  -2.4907245e+00   6.0773598e-01   4.8679276e-01  -1.1233935e+00   5.4034751e-01   5.0193976e-01   1.5580918e+00   9.1534415e-01  -2.8564751e-01   9.0119404e-02   9.4808822e-03   1.6750940e-01  -8.0645694e-01   2.4901917e-01   1.7475311e+00  -1.0551663e+00  -5.3201971e-02
   2.0000000e+00   9.4457686e-01   4.9324022e-01   5.8259143e-01   1.6944939e+00   2.4951939e-01   8.7462963e-01   4.8762819e-01   1.5780322e+00   3.5738895e-01  -1.3674421e+00   7.7001996e-01   7.2610906e-01  -1.3679108e-01  -2.8780298e-01  -6.2407282e-01  -9.4608610e-01  -1.2605637e+00  -2.7197611e-01
   2.0000000e+00   7.6695154e-01   1.0078269e+00  -6.8084652e-01  -5.6718956e-01  -5.8644777e-01   6.5540245e-01  -9.9424157e-01   2.4458973e+00  -7.9278234e-01  -1.0980389e+00  -5.2034638e-01   3.5023455e-01  -1.2591021e-01  -1.9754684e-02  -6.9935702e-01  -3.2458410e-01   7.9820047e-01  -4.3085941e-01
   2.0000000e+00  -8.2301153e-01  -1.5427128e+00   3.8130982e-01  -3.1708069e-01  -1.0692185e+00   8.6122695e-01   8.3429654e-01  -9.1710978e-01  -2.3608628e-01   5.2724236e-01  -1.6198281e+00  -7.2080223e-01   1.2875268e-01  -1.9749970e-01   2.2546478e-02   4.1510948e-01   2.1911126e-01  -7.4433798e-01
   2.0000000e+00  -1.4247312e+00  -2.7076220e-02   8.1777630e-01   2.8079732e-01  -1.3490638e+00  -2.6780056e-01  -1.7118825e+00   1.5302725e+00  -1.9539979e-01   3.2836223e-01   1.1863677e+00  -1.2140972e+00   1.2552245e+00   1.1804017e+00   1.1977695e+00   1.5928060e+00  -1.8866613e-01   6.1296632e-02
   2.0000000e+00   4.6631630e-01   1.0026645e+00  -5.5178990e-01  -3.0133742e-01  -9.4834108e-01  -7.0374500e-01   7.5112645e-01  -3.2670117e-01  -7.6071638e-01   4.1005838e-02   1.7272879e+00   4.7647376e-01  -8.6359903e-01   2.5594602e-02  -6.9809271e-01  -1.1989353e+00   1.1784909e+00  -1.3513615e+00
   2.0000000e+00  -1.2640606e-01   6.7254550e-01   2.3640775e-01   2.3454588e+00   9.2280450e-02  -3.5574906e-02  -4.4942997e-01  -7.8786072e-01  -7.8143773e-01   2.8623180e-01   1.2283373e+00   1.2229572e+00   1.2699369e-01   5.4443814e-01   1.2236094e+00  -1.6677587e-01  -1.3526618e+00   6.4419853e-01
   1.0000000e+00  -2.2828796e-01  -1.2581795e+00   1.1407902e+00  -8.7947745e-01   9.5856233e-02  -7.7906843e-02   6.3730814e-01   2.4322863e-01   6.1256798e-01  -2.1852646e-01   1.8497107e-01  -1.2064413e+00  -4.8692982e-01   1.8637441e+00  -8.7018373e-01   2.0559954e-01   3.6633187e-01  -2.1442837e-02
   2.0000000e+00   4.7231747e-01  -8.4629086e-01   6.9788407e-01  -8.8912301e-01   3.8704664e-01   1.2459790e+00  -2.4737370e+00  -5.1417073e-01  -1.7491354e-01   2.3831643e+00  -1.1059474e+00  -2.1704353e+00   7.5990750e-01   3.5508425e-02  -7.1012943e-01   7.5422755e-01  -3.9970823e-01  -2.5184658e+00
   1.0000000e+00  -4.8111287e-01   1.0871457e+00  -1.1412275e-01   6.8453959e-01   1.9616273e-01   8.8713734e-01  -3.1821649e-01   5.9364821e-01  -1.0626731e+00   4.0546013e-01   5.9514006e-01  -1.2115347e+00   1.6666272e+00  -1.4443033e+00   6.1119651e-02  -1.4096931e+00  -3.4219553e-01  -1.1772135e+00
   2.0000000e+00   1.8332008e+00  -4.6101541e-02   4.0715863e-01  -4.4006678e-01   6.4562972e-01  -1.0963575e+00  -1.8693299e+00  -2.1329232e-01  -1.8749716e+00  -1.2914405e+00  -4.6863624e-01  -5.3956935e-01  -8.7923568e-01   5.1632074e-01   1.7985510e-01  -1.1047554e+00   7.6729112e-01   3.6471854e-01
   2.0000000e+00  -3.9881565e-01  -1.2311896e+00   7.9458811e-01   2.0817174e-01   1.4059919e+00  -4.6622619e-01  -1.3561731e+00  -2.6543721e-01  -1.1478901e+00  -3.9651059e-01   3.1951527e-01  -3.1267554e+00   7.3130021e-01   1.4093032e+00   2.4231087e-01   3.2536564e-02  -1.2090834e+00  -5.1141346e-01
   2.0000000e+00   4.8016435e-01  -3.8840382e-01   2.8750208e-02   2.3394990e-01   1.4607193e+00   1.5218603e+00   1.0816138e+00   1.4077040e-01   5.8515866e-01   1.4863723e+00  -9.6644785e-01   8.2722323e-01  -3.0671385e-01  -9.5992140e-02  -8.9488661e-01  -5.7487375e-01  -5.1903657e-01  -2.0042318e+00
   1.0000000e+00  -3.5186672e-01  -2.2935231e+00  -4.8701348e-01  -5.7652426e-01   7.0373505e-01   2.0979999e-01   2.5564171e-01   1.4480784e+00   1.4496174e-01  -4.6967673e-01   1.0949524e+00   1.1843823e+00   2.8004573e-01   3.9331159e-02  -3.3627092e-01   7.7464841e-02   6.5395973e-03   5.0605829e-01
   2.0000000e+00   4.4013827e-01  -8.8498378e-01   8.4895446e-01  -1.1013431e+00  -3.7855371e-01   2.4515265e-01   1.3923330e+00  -2.5854737e-01   1.1640747e+00   2.1211233e-01   1.8706125e+00   1.5321707e+00  -1.3510699e+00   2.0495183e-01  -1.0964119e-01  -5.7811889e-01   2.2995604e-01  -1.5411531e+00
   1.0000000e+00  -6.7145578e-02  -3.0513235e-01   1.7377256e+00  -1.2020887e+00   3.1145251e-01  -1.9241317e+00   5.5990452e-01   5.2847236e-01  -4.3304276e-01   1.4896481e+00   1.7138606e+00  -1.3114485e+00  -2.1403679e+00  -2.9101804e-02  -2.3979387e+00   5.8775447e-01  -8.4704016e-01   4.8190016e-01
   2.0000000e+00  -1.9514631e+00  -9.2888687e-02   1.8445526e-01   9.7904467e-01   1.7543665e+00   4.1376862e-01  -1.3386505e+00   6.0657642e-01  -4.1706944e-01  -1.1252016e+00   1.2156203e+00  -8.3817290e-01   9.9560892e-01  -3.0204926e+00   1.1302969e+00  -1.0856890e+00   7.6600557e-01  -2.8711761e-01
   1.0000000e+00   2.6162979e+00  -9.1971265e-02  -5.1469867e-01  -6.4644308e-01   9.2219323e-01   1.6358428e+00   5.5608277e-01  -5.9060124e-01   1.2999805e+00   1.3352802e+00   1.7244262e-01   1.0128062e+00  -4.9794353e-01   2.4595546e-01   7.3957368e-01  -6.1863849e-01   7.6386111e-02   4.6456015e-01
   1.0000000e+00   7.4508377e-01   1.6819795e+00   2.0517918e+00  -1.5403036e+00   8.3779306e-02   1.8082913e-01  -1.6345716e+00  -1.5825941e+00   9.2643024e-02   1.4307876e+00   1.1535353e+00   7.0109928e-01  -1.5870094e-01  -1.1801438e+00  -1.7371929e+00  -5.5770022e-01  -7.3467868e-01   1.3417707e+00
   2.0000000e+00  -3.4092803e-01   3.3734070e-01   6.2880694e-01   3.1707761e-02  -2.9237852e-01  -2.4605334e+00   1.8786037e+00  -3.1353078e-01  -1.2299411e+00   2.0849996e-01   1.2187348e+00   2.5241744e-01   7.5118773e-01   6.1594665e-01  -2.1105326e-01  -8.9370419e-01   1.9384458e-01   4.2854808e-01
   2.0000000e+00  -4.5556507e-01  -1.8017321e+00  -1.7358611e+00   3.4317383e-01   1.7643394e+00  -1.2521815e+00  -4.9011008e-01   3.7735818e-01   5.7123069e-01   5.0852097e-01  -4.8305985e-01  -3.1032167e-01   3.9064988e-01  -1.8463204e-01  -5.3863030e-01   5.3325059e-01   9.1304991e-02  -1.1273515e-01
   2.0000000e+00   9.5810231e-01  -3.8629497e-01  -6.2184366e-03  -1.2213814e+00   3.7641531e+00   1.1122734e+00   1.6305443e+00   3.3267336e-01   3.2677561e-01  -5.0870414e-01  -1.4400348e+00  -5.9751955e-01   1.0751944e+00   1.8332816e-01  -6.5089251e-01  -2.4719155e+00  -7.8794921e-01  -8.3078935e-03
   2.0000000e+00   1.3060994e+00  -3.0304793e-01  -8.3653659e-01  -1.6047548e+00   1.1223116e+00  -1.3147861e+00  -5.3585700e-01  -6.0605380e-01   5.6897944e-01  -5.5328379e-01  -7.1020349e-01   5.9391702e-01   8.5200917e-01  -2.3337049e+00   2.0039467e+00   1.7196056e-01  -5.6410906e-01   1.7459521e+00
   2.0000000e+00  -9.3241231e-01   4.7491791e-02   1.5566715e-01  -9.1647509e-01  -2.8272001e-01   4.6370281e-01  -3.3437184e-01   9.3822615e-01  -7.9773646e-01   8.0913344e-01  -1.3839068e+00   1.1332451e+00  -7.4115875e-01   9.3605259e-01  -1.5885701e-02   2.4000101e-01   1.0049626e+00  -1.1967373e+00
   1.0000000e+00  -4.9968673e-01   1.6316533e+00  -1.0976582e+00   7.9141729e-01   5.0341184e-02  -1.2731299e+00   6.5439608e-01  -4.3797936e-01   7.5089353e-01   6.6655332e-01  -3.4420551e+00   2.9685728e-02  -7.5958444e-01   7.6959557e-01  -1.1919835e+00   1.2059343e+00  -9.8753043e-01  -1.0062613e+00
   2.0000000e+00  -1.1582141e+00  -1.5043791e-02  -9.4952239e-01  -6.8245213e-02   1.6467681e-03  -1.5893759e-01   1.6610920e+00  -3.1346373e-01  -3.1480075e-01   3.4711269e-01   3.0743840e-01   1.6300393e+00   1.6275633e+00  -1.2754815e+00  -1.7642727e-01  -5.0360118e-01   1.0655708e+00  -5.1640952e-01
   1.0000000e+00   5.3991642e-01  -3.1430958e-01  -1.7512543e-01   9.4589093e-01   5.4623190e-01   1.4136385e+00  -5.1494311e-01  -4.5193949e-01  -4.3032470e-01  -1.2137234e-01  -2.3731590e-01   1.0557742e+00   9.2005628e-01  -5.3295395e-01  -5.7106767e-01  -1.0649063e-01   4.2778061e-01   2.8246758e-01
   2.0000000e+00   1.0380544e+00   1.0959682e-01   2.0211072e-01   6.3523610e-01   1.3814378e-01   1.1052010e-01   9.6321658e-01   1.0017269e+00   5.9976954e-01  -4.7376350e-01   2.4938437e-01  -2.3124185e+00   2.0689555e+00  -4.8061049e-02   2.5560265e-01  -1.1214840e+00  -1.6746750e+00   6.5852035e-01
   1.0000000e+00   4.3540480e-01  -1.2962670e+00   9.7597228e-01  -1.8729751e+00   5.9720259e-01  -2.1721862e+00  -9.2184511e-01   1.2567030e+00  -3.9736922e-01  -7.7144253e-01  -6.0093529e-01   2.6384540e-01  -7.4890582e-01  -3.7256833e-02  -2.6631018e-01   8.3383694e-01  -5.1445962e-01  -5.4517266e-01
   2.0000000e+00   6.1289151e-01   1.6766110e+00   6.3086742e-01   4.7560093e-01  -1.0314430e+00   1.9788876e+00   5.6736394e-01   1.6588155e-01  -3.2691600e-01   7.9362016e-01   1.3021779e+00   5.5050564e-02  -6.8576854e-01  -1.6088683e+00   2.0270243e+00  -1.1276489e+00  -3.6661825e-01  -1.0990224e+00
   1.0000000e+00   4.7839054e-01  -5.7911314e-01  -9.2792264e-01  -7.0169752e-01   2.4059066e-01   9.6351336e-01  -1.1006395e+00   2.8086598e-01  -1.3846409e-01   1.5055240e-01   1.1482861e+00   5.1024486e-01   9.9128576e-01  -4.2332934e-01  -7.5393932e-02  -3.9579392e-02   9.4339360e-01   1.9352495e-01
   2.0000000e+00   1.0187609e+00  -9.1235411e-01   2.2309539e+00  -1.4932328e+00  -5.6034116e-01   4.1965879e-01  -1.3917995e+00   4.1500373e-01   6.4225193e-01  -2.7891028e+00   2.7150601e-01   6.4499548e-01   7.9394653e-01   5.9689273e-01  -1.5448820e+00   2.8324883e-01  -7.6061663e-04  -2.9014785e-02
   1.0000000e+00   2.2543464e+00  -6.5638282e-01  -1.0151748e+00  -2.9936762e-01   1.6780101e-01  -1.9179519e+00  -1.5972402e+00  -1.8324881e+00   1.8314175e+00   4.0998941e-01   6.4924095e-01   1.4550849e+00  -2.5611027e-02   5.8285042e-01  -4.2002083e-01   7.9508398e-01  -2.9331115e-01   5.9490769e-01
   2.0000000e+00  -8.3107135e-01  -5.6029498e-02   2.1037487e+00  -7.3425822e-01  -5.1084129e-01   7.6809788e-01  -5.7929638e-01  -7.2114376e-01   1.0574383e+00  -7.2342693e-01  -5.8789113e-01  -1.3306788e+00   3.0793495e-01  -1.0019443e+00   8.3719563e-01   4.8880849e-01   4.8503650e-02   8.8806124e-02
   2.0000000e+00  -5.2364680e-02   3.0992412e-02   6.2591190e-01   3.0190281e-01   1.8378186e+00   1.6344555e-01   3.9305059e-03  -1.2949081e+00  -5.9222723e-01  -1.2566749e+00  -2.8023049e-02   6.2967059e-01   7.2023156e-01   1.8763717e-01  -1.3444174e+00   3.8841945e-01  -1.0852678e+00  -9.3818107e-01
   2.0000000e+00  -4.9429165e-01   7.3083739e-01  -2.0154380e+00   6.7198885e-01  -6.3087887e-01  -7.4593080e-01  -4.7030940e-01   3.7598725e-01   9.0871509e-01  -4.9956656e-01   5.6925439e-01  -8.2011178e-01  -7.7457356e-01  -9.4939440e-01  -9.7044769e-01   1.3776532e+00  -3.8438192e-01   6.7451992e-02
   2.0000000e+00  -1.0032751e+00  -7.5078162e-01  -1.7803390e+00  -2.2355269e+00  -4.4404095e-01   6.4283454e-01  -1.0400368e+00  -1.3210617e+00   4.0029872e-01  -5.8500897e-01  -9.0047633e-01   8.8053377e-01   1.2400847e+00   8.0445089e-01   1.3142053e+00  -1.1656823e+00  -8.3021188e-01   7.0625199e-02
   2.0000000e+00  -3.0452521e-01   9.6029348e-01  -5.5919273e-01   2.1073437e-01   1.7159421e+00   3.0624961e-01  -4.1149905e-01   8.3628756e-01  -1.0900141e+00  -1.6185524e+00  -1.3138965e+00  -1.5955677e-01  -1.0928490e+00   4.8920511e-01   9.6598414e-01   1.3015657e+00   1.7868721e-01  -2.3446535e-01
   2.0000000e+00  -8.5566074e-02   1.9983516e-04  -7.6968606e-01   3.2560594e-02   7.8393362e-01  -1.5169003e-01  -8.2529325e-01   1.5240585e+00   2.2210559e-01   1.0936956e+00   2.8379488e-01  -8.8936789e-01  -7.8516413e-01   2.5904064e-01  -1.7376482e-01   2.9642587e-01   1.4320965e+00  -4.0314508e-01
   1.0000000e+00   4.0144180e-01   1.5810749e-02   1.2198446e+00  -3.8211623e-02   2.9081153e-01   2.6336111e+00   2.2268094e+00  -4.9631927e-01   1.1293314e-02  -5.7556188e-01   1.4017946e-01  -6.2478083e-01  -8.4202701e-01   2.3778201e+00   5.0645185e-01  -1.4006791e-01  -3.2572498e-01  -1.8320439e+00
   2.0000000e+00   6.4274735e-02   1.7705540e+00   9.0871526e-01   2.0747003e-01  -1.3470281e+00   1.2528069e-01   1.8413586e-01   1.5742775e+00  -4.6977083e-01  -1.3905621e+00  -4.3280658e-01  -4.9319273e-01   9.9859397e-01  -5.9316411e-02  -4.4507247e-01   4.1368509e-01   5.7360252e-01   7.4323428e-01
   2.0000000e+00   7.9360614e-01  -2.5663333e-01  -1.6343204e+00  -2.1211272e+00  -1.0020570e-01  -1.2426548e+00  -3.1748672e-01  -1.9383818e+00  -1.9618488e+00   5.5379417e-01  -6.9935925e-01   4.3219403e-02  -6.1397840e-01  -8.9589438e-02   1.4332157e+00   5.9680687e-02   9.0310009e-02   1.0490237e-02
   1.0000000e+00  -6.0244148e-01  -9.8457844e-01  -1.1630620e+00   6.9541355e-01   4.6469842e-01   6.7101812e-01  -9.0641624e-01  -2.1350830e-01  -1.8110795e+00  -2.0497606e-01  -6.3528119e-01   2.8923480e-01   4.1134365e-02  -3.7525724e-01   2.4462588e-01  -4.2248405e-01   3.9953886e-01   5.9115446e-02
   2.0000000e+00  -1.2459588e+00  -4.6797011e-01  -1.4378158e+00   1.0574296e+00  -3.8199892e-02   5.5660806e-01   1.4983991e-02   2.9405352e-01   8.6403905e-01   3.7655157e-01  -6.1848499e-01   3.9475251e-01  -7.1822927e-01   3.9316487e-02   3.5227379e-01   3.7939038e-01  -5.3557766e-01   1.6184469e-01
   2.0000000e+00  -1.1285458e+00   1.0774090e-01   1.7253978e+00  -2.3348903e+00  -2.7434383e-01   3.1808348e-01   5.8962426e-01  -1.4182608e-01  -5.3071893e-01  -4.0314907e-01  -6.1197055e-01  -9.0580549e-01  -1.0178918e+00   1.9471936e-01   6.4083212e-01  -4.2777556e-01   1.0539012e-02   1.0422796e+00
   2.0000000e+00   1.0282580e+00   2.6041820e-02   9.5764953e-01  -1.0427595e+00  -1.2074268e+00   5.8075151e-01  -2.0261191e+00   2.6268849e-01   5.5446895e-01   2.8117475e-01  -5.7609825e-01  -4.7689676e-01   1.9714173e-01   5.2771796e-01  -1.4516468e+00  -6.5833967e-01  -5.6014423e-01  -1.9699527e-01
   2.0000000e+00   5.3077174e-01   6.1380959e-01  -2.2159181e-01   4.9484650e-01   6.5577156e-01   6.6368997e-01  -2.6990232e-02  -3.4774929e-01   9.6562704e-01   9.0572242e-01   2.3351027e+00   1.1737680e+00  -8.5476037e-01  -7.1321517e-01   1.1334611e-01   4.1606909e-01   1.4702827e+00   3.8706949e-02
   2.0000000e+00   1.2122664e-01   3.5097951e-02   3.0917577e-01  -9.4315164e-01  -2.7374940e-01  -7.5167018e-01  -7.4529028e-01   9.5297535e-01  -5.9892795e-01   1.1916153e+00  -1.5197792e-01   1.3072369e-01  -7.8007569e-01  -8.9174614e-01  -4.8795858e-01   6.7451234e-01  -3.0429075e-01   2.7006784e-01
   2.0000000e+00   1.1399028e+00   7.3541664e-01  -7.7641894e-01   2.2063463e+00   1.2734862e+00  -1.0222935e-02   6.7631636e-01   2.1096460e+00   3.1394895e-01   1.3968566e+00  -1.5988386e+00   1.3502349e+00  -8.7266296e-01  -7.2477021e-01   2.2618135e-01   1.3084430e-01  -1.3139520e+00   9.0643745e-01
   2.0000000e+00   4.0158027e-01   7.1795763e-01   7.8420242e-01   1.9056997e-01  -5.7642931e-01  -7.5871544e-01  -1.4466780e+00  -6.7778453e-01  -3.8752387e-01  -2.0632692e+00   3.5590671e-01   1.6764476e+00  -7.4612218e-01   1.2483075e+00  -8.3816287e-01  -5.5793339e-02  -9.1055766e-01   5.8420287e-01
   2.0000000e+00  -1.4407491e+00   2.7207553e-01   4.4012078e-01   8.2440581e-01  -1.6797682e+00   1.2464577e+00  -1.0366498e+00   1.8519282e+00   3.5275309e-01  -1.3401123e+00   1.2535640e-01  -1.2388852e+00  -2.4019706e-01   2.1431441e+00  -3.8836296e-01   6.7491131e-01  -4.5007946e-03  -1.1401612e+00
   2.0000000e+00   1.6394773e-01  -1.1014193e-01  -2.7449736e-01   2.8457039e-01  -7.0074358e-01  -5.6374800e-01   2.3394191e-01   1.4030677e-02   5.5750328e-01  -1.3892411e+00  -5.9055867e-01  -2.9571869e-01   1.1550781e+00  -4.9195034e-01   3.4145400e-01   6.8058668e-01  -1.6350612e-01   1.1436360e+00
   2.0000000e+00   1.5231601e-01   7.2753351e-02   1.5981060e-01   1.6150640e-01   7.5454135e-01   6.9911835e-01  -5.2797875e-01   9.0347465e-01  -9.1618873e-01   6.0656445e-01   1.0134867e+00   1.7203072e+00   1.2711274e+00   7.5673092e-01   1.8660816e+00  -9.3141477e-02   1.3662797e+00  -1.1055633e+00
   2.0000000e+00  -3.9093158e-01  -5.5801174e-02  -1.1065768e+00   7.7177631e-01  -3.9856682e-01  -1.5343060e+00   2.5935217e-01   7.5623003e-01  -1.2096789e+00  -7.9098823e-01   1.1768421e+00   6.8253811e-01   1.2744418e-01  -1.2971263e-01   6.5937807e-01  -7.8519266e-02  -9.1074340e-01   1.2637806e+00
   1.0000000e+00  -1.1434946e+00   8.5856199e-01   8.6348320e-02   2.1801780e-01   6.3394183e-01   5.6655057e-01   1.7383969e-02  -3.5799147e-01  -9.7240325e-01  -2.6464227e-01  -1.1827873e+00  -2.0788181e+00   3.2477739e-01  -5.9495515e-01   4.4259796e-01  -1.9570711e-01  -3.4192044e-01   1.4858307e+00
   2.0000000e+00  -3.1682814e-01   8.7460846e-01  -6.8588653e-01  -7.2029703e-01   1.5351302e+00   7.3540519e-01   4.2918535e-01  -1.4144929e+00  -6.2008947e-01  -9.7038063e-01  -8.7144057e-01  -6.2174002e-03  -6.6124636e-01  -5.9535858e-01   3.5179124e-01  -6.2688960e-01  -2.8559651e-01   9.9995573e-01
   2.0000000e+00  -3.3965423e-01  -1.1016419e+00  -7.0632759e-01  -1.7923695e+00   1.5042447e+00  -1.1517033e+00  -3.1531160e-01  -1.0322093e+00  -2.1257005e-01   1.0777397e+00  -4.9960178e-01  -1.1103695e-01  -8.0912493e-01   2.7012405e-01  -1.7633192e+00   2.6772883e-01   1.4330960e+00   4.8396141e-01
   2.0000000e+00  -4.1684368e-01   4.5494200e-01   2.1105282e+00  -6.6774021e-01  -7.4511475e-01  -1.4740604e+00  -9.5056633e-01  -7.6989943e-01  -5.2156543e-01  -9.1689822e-01  -2.4967817e+00  -4.9454725e-01  -4.7662460e-01   3.1489912e-01   4.3700621e-01  -5.1124726e-01  -1.5316212e+00  -5.1073019e-01
   2.0000000e+00  -1.2360234e+00   6.8031965e-01  -4.8719115e-01  -7.5217280e-01   9.7610349e-01  -2.5249330e-02  -3.0831456e-01   6.5523148e-01   2.0582212e+00   3.1417299e-01   3.2488430e-01   1.8156346e-01   1.5649703e-01   9.9205885e-01   1.0359640e+00  -1.3755061e+00  -6.5898529e-01  -1.2992391e+00
   2.0000000e+00   5.6654244e-02  -3.5113094e-01   9.6035842e-02  -6.2355862e-01   1.3917203e+00  -9.2091173e-01  -2.1997587e-01   3.4862054e-01   1.1093898e+00   6.6720018e-01   5.4046852e-01  -2.9153203e-01  -1.4280993e+00   4.3089813e-01   1.4416919e+00  -4.2794429e-01  -5.7593078e-02   1.3920139e+00
   2.0000000e+00   2.4187401e-01  -8.4883501e-01  -6.5490967e-01  -3.5426261e-01  -2.1550831e-02  -1.0577099e+00  -7.4525189e-01  -3.6397891e-01   5.7270244e-02  -6.0181745e-01  -1.8483168e-01  -1.3729137e+00  -2.3168176e-01   8.6082465e-02  -7.7737164e-01   1.7870848e+00  -1.4219952e+00   2.5846187e-01
   2.0000000e+00   6.3214954e-01   1.5382008e+00   1.7216317e-01   5.5407953e-01  -7.3210455e-02  -9.2358448e-02  -5.6161953e-01  -1.3022787e+00   2.2533027e+00  -3.7100514e-01  -2.6702621e-01  -9.3410575e-01  -5.0908924e-01  -1.1123658e+00  -9.8099314e-01   9.1713521e-01   1.4203286e+00   1.9986519e-01
   2.0000000e+00  -9.0747773e-01  -2.0302102e-01   7.6504846e-01  -1.2092543e-01   2.0346467e+00  -7.9603214e-01  -1.4679987e-01   3.9495060e-01   7.2131361e-02   2.2833357e+00   2.0729497e+00   3.4040261e-01  -1.5798891e-01   9.2625631e-01  -5.2940424e-01   4.6987530e-01  -1.0171724e+00   4.0476604e-01
   2.0000000e+00   1.3706899e+00   2.9935296e-01   1.6253158e+00   1.8720510e+00   1.3084213e+00  -9.7420759e-01   1.2847436e+00   4.0415652e-01   1.9255944e+00  -6.5932297e-01  -7.4321689e-01   4.3666784e-01   7.4569959e-01   4.3974740e-01   8.1646169e-01   7.1547574e-01  -6.3822502e-01  -1.7923453e+00
   2.0000000e+00  -5.4224470e-02  -1.1139070e+00  -9.5141705e-02  -1.2313249e+00   7.7066086e-01   6.2354098e-01   2.0255660e-01   7.4185659e-01  -1.4695092e+00  -1.7112044e-01   3.2434956e-01   6.5142919e-01  -1.2316781e+00   9.7090671e-01  -6.9419153e-01   2.7083332e-01   8.3466639e-01   1.7635931e-01
   2.0000000e+00   5.8480579e-01   1.2291754e+00  -6.6370586e-01  -4.9758547e-01   2.8147143e-01  -3.5131371e-01   1.0343712e-01   7.5485800e-03   1.4911138e-01   1.2396832e-01   2.2780219e-01  -1.0708557e+00  -7.6249241e-01   1.4794552e+00  -1.2136394e+00   5.4279478e-01   1.2547862e+00   1.3442080e+00
   2.0000000e+00   1.3911357e+00  -5.0962331e-01   1.5347669e-01   1.0254270e+00  -1.3477049e-01  -1.1908731e+00   1.1599524e+00  -9.0430009e-01   1.7051813e+00  -1.2675336e-01   6.3698872e-01  -1.6600914e+00   1.3951303e+00  -2.3465339e+00  -1.1608067e+00   2.0598797e+00   2.0343602e+00  -4.3486453e-02
   2.0000000e+00  -1.6276132e+00  -1.8291167e-01  -2.0852814e+00   2.9293279e-01   1.1969943e+00   5.1006684e-01  -3.8010806e-01   1.3080014e+00  -6.6439327e-01  -1.0112196e+00  -7.6725934e-01   1.0111447e-01  -8.1159034e-01  -8.2860978e-01   5.5954035e-01  -1.5637207e-01  -8.2512069e-02  -2.5503983e-01
   2.0000000e+00   3.0299756e-01   9.0375938e-02   2.8767716e-01  -1.0376590e+00  -1.4570817e+00  -1.2523909e-02   7.0763161e-01  -5.3460015e-01   5.8000928e-02   2.1572295e-01   7.1971177e-01  -1.0752563e+00  -6.7747398e-01  -5.4163556e-01  -1.5126470e-01   8.6081338e-01  -5.0454076e-01   7.3807971e-01
   2.0000000e+00   1.9484196e-01  -3.4053598e-01   1.3261950e+00   9.6240930e-02   1.9777553e+00   3.2559860e-01   1.5902521e+00  -5.3698980e-01  -1.4817282e-01   6.3832444e-01   5.7592175e-02  -7.0906691e-01   5.4734182e-02  -8.1929806e-01  -2.4270771e-01   9.9509707e-01  -3.2021168e-01   1.4971751e+00
   2.0000000e+00   1.8629241e+00   7.0343220e-02  -2.5677224e+00   1.9488318e+00  -1.5895755e+00  -3.8128814e-01  -7.0951852e-01  -7.6465517e-01  -2.3572379e-01  -9.7211973e-01   3.6470331e-01   1.8866003e-01  -1.0630403e+00  -4.7424031e-01  -1.9688791e-01  -1.2172974e+00   1.9998994e+00   1.1931455e+00
   2.0000000e+00   1.6275755e+00   2.3088133e+00   2.6407628e+00   8.0824705e-01   1.2090589e+00   3.4220666e-01  -1.4467608e+00   1.0330687e+00   1.1346177e+00   1.4130992e+00   1.2358808e-01   1.2576623e+00  -1.0917174e-01  -9.3903867e-01  -7.4047192e-02   7.1210935e-02  -5.4127399e-01  -1.3259213e-01
   2.0000000e+00  -3.7868098e-01   1.2994945e-01   6.0094605e-02  -1.1872602e+00  -3.1754716e+00  -2.4815695e+00  -1.0429430e+00   1.3948424e+00   9.0466727e-01  -1.8523851e-01  -4.7018164e-01  -1.4365662e+00   1.3647122e+00  -1.0511148e+00  -1.3481181e-01   1.0958362e+00   2.7878271e-01   1.1404839e+00
   2.0000000e+00   2.1391788e+00  -1.3669562e+00  -7.7515688e-02   1.3712794e+00   1.2548302e+00   6.3800254e-01   5.8742427e-01  -1.6319544e+00  -9.9825719e-02   1.9185301e-01   3.0806919e-01   5.3158126e-01   1.8168407e-01  -1.4607529e-01   1.7147477e+00   3.0140022e-01   1.1639722e+00   8.5054338e-01
   1.0000000e+00  -1.8143498e-01  -1.1505002e+00  -1.4631862e-01   7.0345274e-01   4.5187694e-01  -2.8856385e-01   4.1476401e-01   1.8558130e+00   9.8079076e-01   7.8955839e-01   3.4164880e-01   8.5921317e-01   8.5745086e-01  -5.8943600e-01   1.3184986e+00  -1.8059481e-01  -3.3565037e-01   2.2838262e-01
   2.0000000e+00  -7.0345595e-01   2.6233760e-01  -3.0035407e-01  -5.7803060e-01   1.4728319e+00   1.6311872e+00   2.1009948e-01   1.8192470e+00   1.1746149e+00  -1.0599598e+00  -2.4758576e-01  -2.0696533e+00   6.4639220e-01  -1.1985182e+00  -1.3567370e+00   3.7818841e-01  -8.3569020e-01  -9.5413707e-01
   2.0000000e+00   9.7994063e-01   1.0370169e+00  -2.9618002e-02  -1.8240253e+00  -1.3573115e+00  -1.0134369e+00  -1.4465946e+00   1.2636438e+00  -2.1045329e-01  -3.8416966e-02  -1.6415695e+00   8.0153321e-01   1.3727284e-01  -3.7790589e-01   3.4511713e-01   1.5624456e+00  -6.2293489e-01  -5.1502740e-01
   2.0000000e+00   8.9668065e-01  -4.8105288e-01  -2.4833331e-01  -5.8635660e-02   2.7330581e-01  -5.5361320e-01  -1.6363666e-02  -2.3170376e-01   9.6372237e-01  -9.2435619e-01  -1.4594068e+00  -1.4245385e+00   8.7808684e-01  -1.7352247e-02   1.2869048e+00   1.1280014e-01   7.5854696e-01  -3.4734338e+00
   2.0000000e+00  -8.3477476e-01  -4.7526872e-01   1.1106673e-01   2.2026084e+00   2.5633273e-01   6.9430622e-01   1.2810144e+00  -1.9124615e+00   8.8112397e-01   4.2768567e-01  -1.0762894e-01  -9.6029703e-01  -2.2617582e-01  -2.0293834e+00  -8.6035737e-01  -5.4922545e-01   1.1475478e+00  -3.3782245e-02
   2.0000000e+00   9.8266591e-01  -1.4883946e+00   3.5621228e-01   1.1601452e-01  -4.8882874e-01   5.5874902e-02  -4.5639938e-01  -1.2925312e+00  -6.2460827e-01  -7.6918119e-01  -3.7696843e-01   1.0445772e+00   7.1159973e-01  -9.5132532e-01   2.3093781e-01  -5.0070361e-01   1.4630860e+00  -7.6056651e-01
   2.0000000e+00  -7.0936582e-02   1.5237666e-01   7.9918112e-01   2.0557075e+00  -2.3626886e-01   1.6068211e+00   5.5482783e-01  -1.5589129e+00   4.6327482e-01  -5.4213956e-01  -1.5524734e+00  -1.8646978e-02   1.3103281e+00  -1.1814784e+00   4.5979772e-01   5.8918592e-01   8.0680236e-02  -1.7603481e-01
   2.0000000e+00   9.7476832e-01   4.4441209e-01   7.5297329e-01   7.1758622e-01  -1.1988774e+00  -1.0925222e+00   8.4177462e-01  -4.5400963e-01  -1.6306216e+00  -8.2566600e-01   3.2359773e-01   1.0826090e-01  -5.4735738e-01  -1.0540741e+00  -1.1251691e+00   1.2921667e+00   4.3139959e-01  -1.3249551e+00
   1.0000000e+00   2.0639666e+00   6.1938745e-01   8.3572601e-01  -1.7308126e-01   5.9245626e-01   1.2023655e+00  -8.1814875e-01   2.0956508e+00  -1.2266968e+00   3.5371575e-01   3.8514080e-01   1.7797353e-02   2.1439516e-01  -3.9889248e-01   4.7948783e-01   1.4720532e-01  -2.9778981e-02   1.4947465e-01
   2.0000000e+00  -2.4637063e+00   8.1575224e-01  -2.7875897e-01   2.4007241e+00  -2.3590758e+00   1.1225151e+00  -3.0126005e-01   2.8384718e-01   1.9523751e+00   5.3480862e-03  -5.0278302e-01   2.0389126e-01   6.7590125e-01   1.7306327e+00  -8.4194250e-01   4.8177493e-01  -1.1023168e+00  -2.9471959e-01
   2.0000000e+00  -3.1328242e-01   1.2290135e-01   1.1146875e-02   1.4817135e-01  -1.2481361e+00   7.7320070e-01   6.4588587e-01   9.9579054e-01   1.1593910e+00   3.2789000e-02  -6.9167758e-02   4.4842706e-01  -7.8732685e-01   1.4513324e+00  -1.4001965e+00   7.9582391e-01  -5.5599598e-01   6.1884651e-01
   2.0000000e+00  -7.9066612e-01  -1.0869888e+00  -1.1884258e+00   9.7282413e-01  -5.8818794e-01   2.6992147e-01   7.5338098e-01   6.9412685e-01  -4.7785885e-01  -6.4040713e-01   9.9509852e-01   4.3088249e-01  -1.3875693e+00   8.6048559e-01  -2.0725743e+00  -1.2583374e+00  -1.4026991e-01  -2.6453127e-02
   2.0000000e+00   1.0966018e+00  -1.1019317e+00  -2.0875926e+00   7.1839783e-01  -1.2156867e+00  -5.7773659e-01  -1.6408016e+00   2.0205623e-01  -2.7841300e-01   1.0182085e+00  -6.8987047e-01  -5.5237118e-01   1.6946034e+00   4.1499125e-01   5.2199107e-01   2.0357257e+00  -1.5393345e+00   5.3855146e-01
   2.0000000e+00   6.0729087e-01   2.3730606e-01   2.9740380e+00  -3.1677119e-01  -1.0342090e+00   1.0789624e+00   1.5469268e+00  -4.2607862e-01   2.6944096e-01   7.4113384e-01   8.4627187e-01   7.0082361e-01   8.3581955e-02  -5.0259256e-01  -4.2897626e-01  -5.1124365e-01   1.3780323e+00  -6.5920043e-01
   2.0000000e+00  -4.1837895e-01  -1.6941555e+00  -1.4221605e+00   1.6851501e+00  -8.4346979e-01  -1.5414082e-01   1.0064350e+00  -7.0239917e-01  -8.6360648e-01   8.8165881e-01  -1.4450187e+00  -9.3848377e-01   5.6725209e-01   1.0900321e+00   2.4471022e-01   4.9290600e-01  -6.1408837e-01  -2.3153787e-01
   2.0000000e+00  -4.3430441e-01   5.6272664e-01   1.0973042e+00  -1.1218260e+00   7.5517672e-01   1.4667769e+00  -9.4899834e-01   3.4949175e-01  -7.1659503e-02   4.8602422e-01  -1.3699286e+00   1.3440153e+00  -1.0884281e+00   8.2725688e-02  -1.5214819e+00  -5.3726481e-01   1.5530806e+00  -8.2720633e-01
   2.0000000e+00   1.3546679e+00   6.2829962e-01   4.2095725e-01   9.4678239e-01  -5.3668798e-01  -2.4977278e-01   2.0685331e-02  -7.4665998e-01  -3.1682030e-01  -7.9338285e-01  -1.2632768e+00   1.5351533e+00  -1.7726903e+00  -1.4755275e+00   7.9119230e-01   4.4372794e-01   1.0267573e+00  -1.7015565e+00
   2.0000000e+00   1.7875606e-01   1.3619071e+00   1.3613309e+00  -6.3317182e-01   1.4371330e-01  -7.6817903e-01  -7.2738428e-01   4.1709209e-01   8.3530428e-01   5.2840345e-01   6.4196486e-01   1.8521928e+00   2.6234750e-01   9.0138152e-01   2.7802380e-01   8.3062468e-01   2.5411851e+00   2.5040021e-02
   2.0000000e+00  -4.9436278e-01  -5.5846674e-01   1.6586837e+00  -2.8290400e-02   4.3797608e-01   1.0018851e+00   5.0949946e-01  -5.9237721e-01   1.9667079e-01   9.4253944e-01  -4.0507896e-03  -7.2373945e-01   7.2725306e-01   1.6391093e+00   2.6381053e+00   1.1284765e+00  -1.2251807e+00   2.6677811e-01
   1.0000000e+00   3.7435099e-01  -1.5288035e-01  -7.3502936e-01  -3.0440195e-01   2.5995003e-01   6.3034880e-02  -4.0424998e-01  -1.1387977e+00  -3.3866219e+00  -2.7901433e-01   2.9387034e-01   1.5598821e+00   2.1744360e-01   4.1832001e-02   1.0410209e+00   3.6533645e-01   5.9178413e-01   1.2077428e+00
   2.0000000e+00   1.0275150e+00   1.6376087e+00  -7.9172989e-01   8.3083670e-01  -2.5936262e-01   1.1392850e+00  -1.5314624e+00  -1.1807814e+00  -7.0526914e-01  -9.5305354e-01  -1.4547838e-01  -1.0471537e+00  -2.5517757e+00  -2.0957828e-01  -2.4009098e-01   1.9867895e-01  -5.2808110e-01   1.0922911e-01
   2.0000000e+00   4.4933703e-01   9.4640462e-01   2.4517536e+00  -3.1270278e-01   1.0313382e+00  -1.1000198e+00  -5.0793762e-01  -1.9150184e+00  -1.7537037e+00   4.5211076e-01   5.4472430e-04   1.6049885e+00  -1.0820155e-01  -3.3291145e-01   1.4396050e+00  -8.1908141e-01   9.5615667e-01   1.1758853e-01
   2.0000000e+00   7.8718190e-01  -1.4086894e+00   1.3960063e-02  -1.0388589e+00  -3.5322991e-02   8.6255051e-01   4.9478341e-01   3.2315594e-01   1.1953406e+00  -9.2740188e-01  -4.2145945e-01  -1.2535816e+00   1.3283772e+00  -8.3067858e-01  -1.1631838e+00   5.0950974e-01  -1.1193268e+00   2.1996856e+00
   2.0000000e+00  -5.2084599e-01   6.4964925e-01   4.0975921e-01   1.4096735e+00   1.5273262e+00  -1.2144293e+00   7.0054856e-01   1.0355760e+00   2.3991602e+00  -9.8716344e-01  -5.3499922e-01   5.2979304e-01   4.5128782e-01   7.4874937e-01  -1.1569264e+00   7.0947915e-01   5.3101206e-01   1.6679378e-01
   2.0000000e+00  -2.1014340e-01  -1.1672051e+00  -7.7887719e-01  -8.3621587e-01  -1.0481179e+00   1.1952428e+00   3.5676831e-02   6.6414340e-02   9.9181537e-01   2.5905079e-01   1.5702305e+00   3.0213964e-01  -2.7704581e-01   2.2228920e+00  -2.7783101e-01   5.7268932e-01   2.8791996e-01  -4.4195363e-01
   2.0000000e+00   1.3593701e+00   1.4286919e+00   9.1185672e-01   1.7281347e+00  -9.6803710e-02  -2.8933325e-01  -1.1721910e+00  -1.3148860e+00   2.3878522e-01  -1.0817891e+00  -2.7475310e-01   2.6952153e+00   5.7881608e-01   1.7910557e+00  -6.7717859e-01   1.8513948e-01  -5.9152177e-01  -3.1978953e-01
   2.0000000e+00  -8.9457444e-01  -5.7889131e-01  -3.0408505e-01  -1.7533461e-01  -6.3155843e-01   1.3242236e-01  -2.7449490e-01   1.0642267e+00   4.3866127e-01   4.0545349e-01   9.9420625e-02  -2.9868567e-01   1.0158279e+00   5.7729400e-02   1.9068571e-01   8.1900053e-01   3.0528549e-02   1.5852021e+00
   2.0000000e+00  -1.7332835e+00   6.7325650e-02   9.9606010e-01  -2.5141663e-01  -4.4823969e-01   4.6514992e-02  -1.3046690e+00   1.6926536e+00   1.3820562e+00  -1.1530548e+00  -7.4366011e-01   3.4306950e-01   1.2742547e+00  -7.2657757e-01  -8.7864467e-01   5.1449131e-01   3.9255750e-01   5.2387648e-01
   2.0000000e+00   8.0456300e-01   8.6587101e-01  -1.0532855e+00   2.0546209e-01  -2.3991756e+00   7.8580135e-01   1.3783484e-01  -1.6453217e+00  -1.7018117e-01   1.7198203e+00   1.3644917e+00   3.6965225e-01  -1.5941555e+00  -1.1225283e+00  -4.3467775e-01   9.9020137e-01   5.7318300e-01  -3.3873487e-01
   1.0000000e+00  -1.0445477e-01  -1.0047157e+00  -3.8415184e-01  -5.1850208e-01   3.4900639e-01  -3.3920532e-01  -7.7527605e-01   6.8528596e-01   7.8981151e-02   8.6270294e-01  -8.0319234e-01   8.0334621e-01  -3.9861946e-01   1.0149014e+00   1.5311691e+00  -8.8148366e-01   8.4788623e-01   3.7494661e-01
   2.0000000e+00  -1.0029747e+00  -6.9257031e-01  -8.0684400e-01   8.5275425e-01  -5.8115736e-01  -3.8919739e-01  -3.5756573e-01   5.7552621e-01  -1.9499759e-01  -6.0097554e-02  -1.3598485e+00   7.7214221e-01   2.9300202e-01   1.0546388e+00  -1.1202296e+00   8.6111317e-01  -3.8871141e-01  -5.0644883e-01
   2.0000000e+00   1.9799866e+00   6.3356633e-01   6.9591559e-01  -6.8771001e-01  -1.1435657e+00  -5.6563866e-01   3.0184197e-01   1.4233489e+00  -1.0513696e+00  -6.9440155e-01  -1.3265626e-01   2.3978035e-02   2.0481376e-01   6.1384506e-01  -8.1082978e-01  -2.4505436e+00  -3.3502309e-01  -1.0133562e+00
   1.0000000e+00   1.0359503e+00   1.2627741e+00   1.4010200e+00   1.0846565e+00   5.7662463e-01  -8.0205667e-01  -1.2019122e+00  -2.3884563e-01  -1.7954643e-01  -5.9812280e-01   1.2160622e+00  -7.9375907e-01   8.3285761e-01   9.1772201e-01   1.4444883e+00   5.7437332e-01   3.0548796e-01  -5.7745226e-01
   2.0000000e+00   1.7233306e+00   9.8276696e-01  -4.1860256e-01   3.3479808e-01  -1.2511465e+00  -7.0030077e-01  -2.0389467e-01  -8.6985211e-01  -7.5398899e-01   3.6587505e-02   1.0108459e+00   2.0421405e+00  -2.4684739e-01   4.3668939e-01  -2.2311543e-02   5.5049432e-01  -5.7478150e-01   2.6849468e-01
   2.0000000e+00  -1.8918136e+00   1.4515722e+00  -4.2084638e-01  -7.3396257e-01  -2.7463207e-01  -1.0585633e-02   2.3068748e-01  -1.2145560e+00   3.7640563e-01  -1.2013268e+00   1.6324736e+00   2.2163597e+00  -1.3689129e+00  -8.4456979e-01  -6.3175692e-02   1.0852987e+00  -7.4111306e-01  -5.3244986e-02
   2.0000000e+00  -6.2228597e-01  -1.4631748e+00   1.2888583e+00  -1.0368754e-01   2.0775858e+00  -3.2166441e-01   2.8200108e-01  -1.6223177e-01   1.0197294e+00   7.8062381e-01  -4.4433283e-01  -9.0158927e-02   3.1111668e+00   1.9760197e+00   1.0680993e+00  -1.2411866e-01   7.3328719e-01   3.9495119e-01
   2.0000000e+00   8.1647196e-01  -9.3488667e-01   8.1805194e-01   9.1331170e-01  -8.7468298e-01  -6.6940552e-01   1.2353525e+00   2.9797155e-01   1.4272147e+00   6.9193608e-01   1.3732019e+00  -3.3045658e-01  -1.3993706e+00   3.4237055e-01   1.0409504e+00  -1.3231292e+00  -3.1415485e-01  -6.7199797e-02
   2.0000000e+00  -2.3409017e+00  -9.2240065e-02   1.4991365e+00   1.0631367e+00  -4.8305907e-01   8.5522763e-02   7.6888304e-01  -1.0052319e+00  -6.2819699e-01   6.0629614e-01  -8.2379518e-01  -1.0468057e+00  -1.2591725e+00   1.3112124e+00  -1.4952268e+00   1.1692747e+00  -2.6117575e-01  -1.2584385e+00
   1.0000000e+00  -1.0415867e+00  -2.9638663e-01  -2.7983128e-01  -4.1865473e-01   6.8596772e-01   5.9795093e-01  -3.2508932e-01  -1.6519216e-01   2.4515208e+00   1.1939942e+00   1.3867618e+00  -1.0669340e+00   5.8548652e-01  -3.3592337e-02  -6.4243317e-01  -9.2454117e-01   1.9910241e-01   4.8055329e-01
   2.0000000e+00  -5.6263053e-01   3.3635718e-01  -2.6142866e+00  -4.7490742e-01   9.7644148e-02   7.9878869e-01   9.8435825e-01   2.9618273e-01   2.7880345e-01   1.5793383e+00   8.2200691e-01  -1.3558414e+00   2.0942181e-01   6.8507148e-01  -4.0616634e-01   2.8499981e-01  -1.1241858e+00  -1.0386549e+00
   2.0000000e+00   6.8960104e-01  -6.3632584e-01  -8.4497932e-02   1.8349489e+00  -9.8853461e-01  -3.7844396e-01  -1.2481108e+00   4.9924248e-01   5.9633073e-01   6.7064461e-01  -2.6993421e-01  -5.7980665e-01  -9.6180187e-01   7.3256730e-01   1.1968322e+00   1.2276462e+00   6.7759691e-01   8.0419283e-01
   2.0000000e+00   1.8070960e+00  -1.3858339e+00  -3.9779045e-01   5.5943714e-01   7.3082347e-01   9.0779400e-01   9.5976041e-01  -4.9700694e-01   6.2448601e-01   1.1650612e+00   6.8118943e-02  -1.6653243e+00  -4.6268419e-01  -1.8212600e+00   1.1376122e-02   1.5241125e+00  -7.7759622e-01   2.9332120e-01
   2.0000000e+00   1.3511952e+00   7.0082737e-01   1.4224339e+00   1.5153279e+00  -3.7100729e-01   3.5050828e-01   8.9882639e-01  -1.1026513e+00  -1.6143536e+00  -3.9526009e-01  -1.9688621e+00   9.7452379e-01  -5.8483995e-01  -7.4626164e-01   2.0938773e+00   1.0475772e+00   5.8555352e-01   9.7729248e-01
   2.0000000e+00   4.5311503e-01  -2.5121717e-01   1.8887912e+00  -1.1711767e+00  -6.8791943e-02  -1.8300590e+00  -8.9525070e-01   1.6502482e+00   9.4500764e-01  -2.5564882e-01   2.4591806e+00   1.2645918e+00  -1.3703523e-01   1.1973900e-01  -4.8931539e-01  -1.7829323e+00   9.3629801e-01  -1.4024726e+00
   2.0000000e+00   2.5690719e-01   9.1528319e-01  -8.0957625e-01  -4.4068538e-01   1.4461061e+00   7.8469957e-01  -2.3386914e-01  -6.7805978e-01  -1.9519870e-02  -4.9871598e-01  -9.0425539e-01   1.2088919e+00  -1.7165053e+00  -4.4156701e-01   5.3550638e-01  -6.9093483e-01   1.0355381e+00  -1.4774498e+00
   2.0000000e+00  -6.3645435e-01   8.0970452e-01  -7.7303190e-01  -5.3572494e-01   3.1728376e-01   2.8087189e-02  -1.1834314e+00  -4.3492077e-01   4.0471682e-01   2.0639641e-01  -2.4811528e-01   2.4400184e-01  -2.3036188e+00   9.4334596e-01   1.9616498e+00   8.2862091e-01  -1.3926001e+00   7.3169697e-01
   2.0000000e+00   3.1906522e-01   7.8693024e-01   5.1383582e-01  -2.2199730e+00   1.0087006e+00   1.6619565e+00  -2.3412386e-01  -2.0406458e+00  -9.5098754e-01   5.2993584e-01   2.9150040e-01   1.8630748e+00  -7.9569860e-01  -4.5718499e-01  -9.0972355e-01   5.2674276e-01   5.7530528e-01   7.8791724e-01
   2.0000000e+00  -2.2660609e-01  -1.8065374e+00  -1.6690392e+00   1.3105513e+00  -2.8027086e-01   3.2364257e-01   1.8560606e-01  -3.5806556e-01   1.9688819e-03  -2.2619171e-01  -6.4850433e-01   1.5431040e-02  -4.3010357e-01   1.7053878e+00  -1.9185344e-01   6.4584535e-01  -1.2558160e+00   1.0016024e+00
   2.0000000e+00   9.0017070e-01   6.5959959e-01   1.8114836e-01   2.0539095e-01  -1.3305652e+00   5.2043823e-01   2.9471511e-01   1.1788932e+00  -1.0736066e+00   6.0221454e-01   1.5235899e+00  -1.8836627e-01  -1.1521813e+00  -7.3799450e-01   1.0922805e+00  -6.3420203e-01   7.7309308e-01   6.5804155e-01
   2.0000000e+00  -1.8210945e+00   8.4512650e-01   7.5355451e-01  -1.1834843e+00  -2.0432556e-01  -7.8668384e-01  -3.2160703e-01  -5.6640695e-01  -1.7017200e+00  -2.4355808e+00  -9.8307504e-01   3.7077597e-01  -1.1138254e-01   1.4141580e-01   4.2358464e-01  -3.3040788e-01   2.9943003e-02   9.2382037e-01
   2.0000000e+00  -7.2604590e-01   2.5833700e-02   3.3885768e-01  -2.4607434e-01   1.6322863e-01  -6.3953303e-01  -2.3108755e-01  -1.0427918e+00  -2.7069650e-01   3.4639727e-01  -5.4808881e-01   7.9529252e-01  -9.9109872e-01  -2.9706887e-01   7.0773276e-01   8.6049899e-02   1.2942148e+00  -7.3424111e-01
   2.0000000e+00  -5.4910436e-01  -5.6322210e-01   1.1926307e+00   1.8163659e+00  -3.7472698e-01   2.5049888e+00  -6.6683090e-01   1.8170083e+00   1.4367211e+00  -1.5574591e+00   6.1272092e-01   1.1236082e+00  -1.6839635e+00  -1.2372342e+00  -1.4632926e-01   5.2443531e-01   1.5035276e+00  -1.4673982e+00
   2.0000000e+00  -3.9581223e-01  -4.6962064e-01  -2.4599262e-02   8.6282409e-01   1.4859866e+00   1.4604917e+00  -5.5625826e-03  -1.0211885e-01   3.6791509e-01  -7.3085699e-01  -6.2980258e-01  -2.1335969e+00   7.7039937e-01  -1.7983002e+00  -5.4270257e-01   2.5428854e-01  -1.3960441e+00   5.9478291e-01
   2.0000000e+00  -1.4052182e+00   3.4861841e-01  -4.7261334e-01  -1.7645797e+00  -7.0204789e-01   1.0745971e-01   3.4667106e-01   9.2182220e-03  -3.5831542e-01  -3.7260199e-01  -1.2998711e-01  -6.4018187e-01  -8.3564563e-01   1.6389331e+00  -8.5778518e-01  -1.1281552e+00   5.1580181e-01  -5.5780888e-01
   2.0000000e+00   9.9626290e-01  -9.1601494e-01   3.8336453e-01   3.5190730e-01  -1.2080804e+00  -1.4150092e+00  -1.3003402e+00   3.0111517e-01  -8.7891639e-01   1.4618397e+00   5.2148494e-01   8.6987938e-01   1.1656626e+00   6.4383955e-01  -8.4223272e-01   7.0334425e-01  -1.5552440e+00  -4.1102527e-01
   2.0000000e+00   2.2261640e+00   9.0832075e-01   1.5564832e+00   3.8783489e-01   1.3962754e+00   5.2705010e-01  -2.1077786e+00   2.8960176e-01  -1.5000664e+00  -2.5440657e+00   7.1038304e-01  -1.5100028e+00   1.0382695e+00  -4.5510742e-01  -1.2561906e+00  -1.3476150e+00  -9.5601966e-01   9.8634844e-01
   2.0000000e+00   2.3182988e+00  -5.9918382e-01   5.2792704e-01  -8.5370052e-02  -7.7222780e-01  -1.3247334e+00   4.6416585e-01  -1.0583944e+00   1.1317405e+00   1.8343980e+00  -1.2552296e-01   8.0547938e-01   2.5727184e-01   1.6924037e+00  -1.5893037e+00  -1.5340197e-01  -1.8603168e-01   3.7872655e-01
   2.0000000e+00  -6.2675290e-01   5.0695704e-02   1.1641962e+00  -5.4285802e-01  -1.1115561e-01   1.0675098e+00  -1.9661817e-01  -5.2173726e-01   4.3051484e-01  -2.0770497e-01   1.4541527e+00  -1.2138431e+00  -8.5425162e-01   7.6634577e-01  -1.4875416e-01   3.1305925e-01  -2.6636780e+00  -7.4839510e-01
   2.0000000e+00   1.3740600e-01  -7.9779629e-01   8.2952622e-01  -5.0686679e-01  -2.7514531e-01   2.4937194e-01  -2.7333984e-01  -9.7469010e-02  -5.8573630e-01   1.0523524e+00   1.8036392e-01   8.0815735e-01  -2.3932150e+00  -1.0137611e+00  -3.1796154e-01  -3.6777806e-01  -1.1827369e+00   4.2031434e-01
   2.0000000e+00   1.5035596e+00  -2.0417099e-02  -4.0800149e-01   3.0174805e-01   1.0898282e+00   1.1974288e+00  -1.7606822e+00   5.3822219e-01   1.2434240e+00   3.1008477e-01  -7.2089458e-01   5.3932413e-01  -2.8825861e-01  -1.9021828e+00  -1.5789314e+00  -4.4159772e-01   9.9441251e-01  -2.5551585e-01
   2.0000000e+00   1.2857636e+00   2.0636370e+00   2.1860569e+00  -6.9064789e-01  -1.4764170e+00  -1.5229740e-01  -9.7502907e-01  -1.1249678e+00   8.4263231e-01   8.2203822e-01  -3.0428698e-01   2.1738653e-01   7.8218366e-01  -3.3332048e-01   1.4174552e+00  -8.6825079e-01  -1.9880116e+00   1.0032340e+00
   2.0000000e+00  -3.8343435e-01   3.4249497e-01  -1.2667917e+00  -6.1563676e-01  -6.5352822e-01   9.0306731e-01  -3.2871728e-01  -6.5402555e-02   1.7782826e+00   3.3158921e-01   5.9510354e-01  -3.1840885e-01   2.8034773e-01   1.1604448e+00  -4.4124981e-01  -8.3825022e-01  -6.0595303e-01  -1.3185242e-01
   2.0000000e+00   1.0580596e+00  -1.3914950e-01   8.2495475e-01   5.5770384e-01  -3.2027050e-01  -8.8817090e-01  -2.1216690e-01   9.4124519e-02  -1.2723115e+00   9.4568921e-02   8.7463751e-01   9.7520536e-01   7.9815950e-01  -8.4674219e-01   1.5185661e+00  -3.0789327e-01   2.1894302e-01   7.8059636e-01
   2.0000000e+00   5.4138661e-01   5.6449972e-01  -5.1183227e-01   2.7098451e+00  -2.4129993e-01   2.6194683e-01  -1.4034383e-01  -8.6455487e-01   6.7446581e-01  -2.3577977e-01   4.3829419e-01  -1.5934432e-01  -9.4885311e-01   8.4115797e-02  -1.3815413e+00   2.4844050e+00  -4.0070820e-02   5.4871071e-01
   2.0000000e+00   1.1262302e+00   1.9848387e+00   5.6596399e-01  -1.3802823e-02   6.5116863e-01  -3.5849020e+00  -1.0969802e+00  -2.1715927e-02   1.5477758e-01   1.7365480e+00   8.1503345e-01   1.6380895e+00  -1.8419708e+00  -2.2444360e+00   1.2246049e-01  -1.1478068e+00   1.2298448e+00   2.1365332e+00
   1.0000000e+00  -3.2173014e-01  -8.4310657e-01  -1.1980384e+00   1.4863295e+00   1.8693454e-01   7.0343790e-01  -2.2299443e-01  -4.2318155e-01   1.3687402e+00  -1.2627087e+00   9.2779558e-01  -5.8802638e-01   6.8882724e-01  -8.5197991e-01   7.8057010e-01  -2.1065623e-01   4.0952119e-01  -3.2349223e-02
   1.0000000e+00   1.5941931e+00   5.4093954e-01  -1.3575319e+00  -4.8931545e-01   1.7357558e-01   9.2773512e-01  -5.9863516e-01  -1.7500174e+00  -7.7414351e-01  -6.6566425e-01   1.0338948e+00  -1.4193077e+00  -3.2254926e-01  -3.3011321e-01   1.3567143e+00   5.4467942e-01   7.2489385e-01   5.8781059e-01
   2.0000000e+00   5.2654389e-01  -1.7606941e-01   4.5660727e-01   3.1619647e-01  -1.2218105e+00   1.2189669e+00   1.6962739e+00   4.6274662e-03  -9.7811809e-01  -1.0001804e+00  -1.4392935e+00   1.2852471e+00   1.3189642e+00   7.0441181e-01   1.4283564e+00  -1.8049429e+00   6.2924119e-01  -6.2678388e-01
   2.0000000e+00  -6.7349226e-01  -1.0509228e+00   2.8761353e-01  -9.9731242e-01  -2.0926472e-01   9.5170918e-01  -1.6671436e-01   2.3699969e-01   1.6403423e+00  -3.9302688e-01  -9.3230610e-01   5.1760460e-01   1.4260485e+00   2.9974303e-01  -1.0438460e+00  -7.6313422e-01   3.9005576e-01  -5.1665373e-01
   2.0000000e+00   6.2722116e-02  -7.4307249e-02  -1.0151215e+00  -1.4098086e+00  -2.0966293e+00   1.2769486e+00  -9.6877108e-01  -4.3846503e-01   6.4650333e-01  -2.4712614e-01  -1.2096324e+00  -6.3384080e-01   1.5662514e-01   5.8053706e-01  -5.5005243e-01  -1.2893575e-01   1.7672238e-01   9.8833421e-02
   1.0000000e+00  -1.1685465e+00  -4.9796291e-01   1.4580347e+00   1.0264486e+00   4.1925212e-02   9.3757077e-01   1.5263114e-01  -6.7347780e-01   6.7729363e-01  -1.9185846e+00  -5.0512642e-01  -1.5478733e+00  -4.1145382e-01  -2.1854797e-01   4.4434855e-01  -5.1885762e-01  -3.8384789e-01   1.0723085e+00
   2.0000000e+00  -3.2228840e-01  -4.5279495e-02   6.7863771e-02   2.1203638e+00   2.5673910e-01   3.8452323e-01  -1.1897383e+00   1.3349008e+00   1.1786548e+00  -2.8116528e+00   1.8386602e+00   1.8980723e-01  -1.5773204e+00   3.7254921e-01  -3.4446185e-01  -7.0553191e-02  -1.1511168e+00   1.2981499e+00
   2.0000000e+00  -4.3704972e-01  -6.5970665e-01  -1.4708450e+00   5.3447252e-01  -7.9695667e-01   9.0579332e-01  -9.5383038e-01  -2.6324364e-01   1.3535467e+00   5.5275238e-01  -1.6091019e+00  -3.1836618e-02   4.8939120e-01   1.1406254e-01  -1.6300415e-01  -1.2674076e+00  -1.0323415e+00  -4.5344370e-01
   2.0000000e+00  -1.3489662e+00   1.2820123e+00   2.3530087e-01  -2.3658492e+00   9.0744118e-01  -7.0173974e-01   2.2416777e+00  -1.4010771e+00  -2.2942686e-01   5.2383346e-02  -4.2925471e-01   7.6449487e-01  -1.3202217e+00   5.2119902e-01   5.0273591e-01   1.2867835e+00   1.4390495e+00   9.6763168e-01
   2.0000000e+00  -1.4523224e+00   3.9577640e-01   2.5403892e+00  -4.6525062e-01   7.1779081e-01  -2.8858516e-01   5.4990475e-01   2.5420639e-01  -4.2743097e-01   1.7110781e+00  -2.3505882e-01   8.5292222e-01   1.1078234e+00   1.4331090e-01  -5.6210075e-01  -4.5004933e-01   8.6587302e-01  -1.6921826e+00
   2.0000000e+00   3.9549814e-01   8.1260142e-01  -1.0476608e+00   1.7959027e+00  -1.9183570e-02   1.2616724e+00  -5.9389060e-01   2.0088795e+00  -1.2274111e+00  -5.6103546e-01   1.1721626e+00  -1.0016766e+00  -6.2808952e-01  -7.4279264e-01   5.4828233e-02   2.3549443e-01  -7.9365879e-02   4.5310410e-01
   2.0000000e+00   1.2857920e+00   4.6128905e-01  -9.8929726e-01  -9.8838684e-01   5.6432427e-02  -1.3889069e+00   3.9448584e-01  -7.7591021e-01   3.9696304e-01  -3.3795768e-01  -4.8603148e-02   4.8823625e-01  -3.7462891e-01  -6.6375656e-01   8.6437929e-01   6.5252936e-01  -2.7892584e-01  -2.0705624e+00
   2.0000000e+00  -2.0193536e+00  -6.1767224e-01  -3.3334870e-01   1.4826417e+00   8.8304779e-01   1.3218488e+00   3.5213211e-01   1.0043722e+00  -3.7511185e-01   4.1398303e-01   4.9752729e-02   1.6656054e-01  -5.3027313e-01  -4.6218249e-02   1.4633081e+00  -6.6607159e-01  -9.6679273e-01   9.7949643e-01
   2.0000000e+00   8.1756154e-02  -9.8460055e-02  -8.0007457e-03  -5.2083860e-01  -3.8223293e-01  -6.9211840e-01   5.2479653e-01  -1.3934087e+00   8.9168407e-01   8.6695911e-02  -7.7844770e-01   7.8347948e-01  -9.0451932e-01   9.7802747e-01  -5.1376568e-01   6.2743231e-02   1.3690634e+00   4.8358895e-02
   2.0000000e+00  -1.5079222e+00   7.3301565e-01  -9.4816523e-01  -2.4532395e-01  -1.4388136e+00  -7.8974207e-01   6.8868012e-01  -5.9048498e-01   1.0455047e+00  -7.3217678e-01   1.3446552e+00  -4.0186735e-01  -6.9180584e-01   7.1766287e-01  -2.3242850e-01   2.3381843e-01  -9.5096687e-01   3.1779732e-01
   2.0000000e+00   7.2403173e-01   2.6861041e-01   6.6399692e-01   1.3076185e+00  -1.6135479e+00   6.2030685e-01  -3.2531009e-01   1.2701739e+00  -4.6325418e-01   5.0019313e-01   1.1801876e+00  -5.7686109e-01   5.2803167e-01   8.0112004e-01  -7.3181168e-01   2.9262655e-01  -1.1145572e-01   1.1745389e-01
   2.0000000e+00  -2.6947673e+00   1.8349424e+00   1.9062801e+00   1.0064644e+00  -7.7372463e-02  -1.2449364e+00  -1.6873090e+00   2.3766158e-01  -4.6647206e-01   2.0583929e-01   8.7759084e-01   9.0036056e-01   1.1070876e-02  -6.9652384e-01   2.5574471e-01   1.1970284e+00   2.1233450e-01  -1.0445588e+00
   2.0000000e+00  -1.1944734e-01  -1.7321829e+00   2.8577338e-01  -2.9699438e-01  -9.9235609e-01   7.0519626e-02  -4.2354618e-01   5.6783289e-01   2.6042007e-01  -4.6352503e-01   4.1982833e-01   3.9980902e-01   9.8216655e-01  -1.8398617e-01   1.0681113e+00   3.5940116e-02  -2.4365079e+00   1.9740991e+00
   1.0000000e+00  -1.0931613e+00   2.4281400e-01  -1.5664545e+00   1.0330468e+00   5.7387272e-01  -2.7682451e-01  -1.9682017e-01   1.0803923e+00  -1.1598748e+00  -1.6499593e+00   1.7271012e-01   1.0907555e+00   1.0339700e+00  -5.4933088e-01  -1.0276056e+00   1.9011662e+00   5.0117001e-01  -5.3234563e-01
   2.0000000e+00  -2.5147376e-01  -6.4477029e-01   3.6982520e-01  -7.9783134e-01  -6.4717185e-01   1.4350879e-01  -8.2732720e-01   1.5769422e-01  -2.0843086e-01   8.7642384e-01   3.6916452e-01   1.3063286e-01  -4.9833836e-01   1.9195999e+00   2.6279758e-01   1.6321944e-01   9.0212255e-01  -7.0891590e-01
   2.0000000e+00  -8.2236546e-01   3.8899917e-01   8.6076326e-01  -4.3937421e-01   5.6905731e-01  -5.9557355e-01   2.8039472e-01   1.2194462e+00   2.1257175e+00  -6.2849842e-01   1.7930245e+00   9.2015968e-01   6.5419535e-01  -2.2917996e-01  -3.6526512e-01   7.2643034e-01   8.6491218e-01  -5.1024395e-01
   2.0000000e+00  -5.2179583e-01  -1.5778405e+00   7.1714750e-01   1.6281074e-01   1.3919706e-01  -7.1294777e-01   2.4408051e+00  -8.2563388e-01  -8.1579436e-02   1.1959808e+00   1.1820624e-01  -9.1174317e-01   1.1688442e+00  -4.3249991e-01  -6.2083503e-01  -8.3165236e-01   1.7243979e+00   1.1096947e+00
   1.0000000e+00  -1.9974915e-01   3.3191911e-01   1.2134501e+00   6.1333770e-01   3.4452304e-01   3.2521423e-01   1.4380759e+00  -1.1370097e+00   1.1208502e+00  -6.6417665e-01  -9.3752091e-02  -5.6266825e-01   7.0254483e-01  -1.1749893e+00  -2.4377265e+00  -6.1336217e-01   5.5384586e-01  -7.6484531e-01
   2.0000000e+00  -1.4708707e+00  -6.5945106e-01  -8.4620586e-01   1.6153113e-01  -1.5085934e+00   9.8026398e-01  -1.7537551e+00  -7.4085352e-01  -9.8148623e-01  -1.6148847e+00   1.0599482e+00  -1.4339640e+00  -9.1762481e-02   9.9991739e-01  -3.4927735e-01   6.0765156e-01  -6.1314401e-01  -2.9982362e-01
   2.0000000e+00   4.2685536e-03   2.0147506e+00   2.6186986e-01   8.0781544e-01  -2.0860928e+00  -4.9351724e-01   1.1719273e+00  -9.7659977e-01  -7.9054155e-01   6.8039017e-01  -4.3002666e-01  -5.9276990e-01  -4.0118529e-01   6.4109044e-01   2.7933871e-01  -8.6858808e-01  -1.1414611e+00  -7.1102583e-01
   2.0000000e+00   6.5892052e-01  -7.1387485e-01   1.3331171e+00   6.4624942e-01  -7.3126414e-01   4.9586956e-01  -1.6213443e-01  -2.7061982e-01   8.7552001e-02   1.6683588e+00   2.3368211e+00   8.0534901e-01  -1.8208838e+00   7.3924329e-02  -3.6725075e-01  -7.2711209e-01   5.3732125e-01   9.8138891e-01
   2.0000000e+00   1.0376366e-01   1.1501077e+00  -6.7228580e-03  -8.9953549e-01   1.5356012e+00  -1.6117802e+00  -1.0321042e+00  -2.9150626e-01  -3.0965987e-01  -1.3473616e+00   4.6935720e-02   1.4735845e+00   2.9576926e-01  -6.5949542e-01  -1.2537662e+00  -3.1223249e-01  -1.2054916e+00  -8.2684782e-01
   2.0000000e+00  -2.2532697e+00   6.1680823e-02  -1.9138173e+00  -2.2529477e-01  -1.7737125e-02   9.7947939e-01   2.1307230e+00  -2.0340985e-01   1.3996600e-01   4.6517743e-01   1.1035076e-01  -2.5868814e-01  -4.8485728e-01  -1.4262847e-02   3.1690874e-01   6.6636517e-01   6.6397630e-01   2.6363115e-01
   2.0000000e+00   1.8996026e-02  -5.8475126e-01  -5.9398342e-01   1.5200679e+00  -9.8138145e-01   4.7111380e-01  -5.2527061e-01   2.7985363e-01   1.1838189e-01  -1.1593763e+00   7.9746880e-01  -1.6923257e-01  -1.1836493e+00  -9.2241396e-01   9.1696096e-01   2.5555708e+00   1.8565140e+00   2.7020251e-01
   2.0000000e+00  -4.5964490e-01  -5.4208335e-01  -1.5336527e+00  -1.1862583e+00  -7.8744488e-01   1.1549641e+00  -6.9014958e-01  -2.9582767e+00   2.7486811e-01   1.6378991e+00   2.0498471e+00  -8.0900136e-01   9.8108166e-01  -5.7716834e-01   1.2078505e+00   9.8281313e-01   2.0497970e-02  -5.6169515e-01
   2.0000000e+00   7.7219749e-01   6.8219724e-01   1.2279421e+00   6.2018740e-01   1.1469306e+00  -2.4278288e+00   4.2984299e-01  -4.5589757e-01   1.0887270e-01   2.5935163e-01   1.0596724e+00  -8.7290204e-01  -4.9130382e-01   2.4070207e-01  -1.9036513e+00   1.6227789e+00   7.5766997e-01   1.3022156e+00
   1.0000000e+00  -3.9366007e-01  -2.1302130e-02   1.3599776e+00  -1.7733434e+00   5.9574218e-01  -1.3840027e+00  -8.2262405e-01   1.1416685e+00   2.6624096e-01   2.6223353e-01  -5.4105813e-01   8.8613727e-01  -7.3912855e-02  -1.0299394e+00   1.0842687e+00  -9.2812164e-01  -2.1060848e-01  -6.8355505e-01
   2.0000000e+00  -4.0829347e-01  -5.3295794e-01  -5.4593612e-01   2.4002682e-01   9.5820235e-01  -8.6904392e-01   2.2897856e-01  -1.5746685e+00  -1.8997593e-01   9.6359422e-01   1.1137837e-01  -4.0081641e-01   1.5402979e-01   3.5384313e-01   5.6354936e-01   7.4819787e-01   5.4425442e-01  -8.4901903e-01
   2.0000000e+00  -9.6202604e-01   8.0733576e-01  -1.2266791e-02  -8.6200491e-01   1.4565359e+00   1.3059583e+00  -1.8737936e+00  -8.3568852e-01  -6.1028124e-01   9.8429103e-01  -7.1599535e-01  -1.0254596e-01   3.2011945e-01  -1.7196640e-01   3.2912806e-01  -1.6798197e-01  -8.1007710e-01  -2.4669496e-01
   2.0000000e+00  -7.5813390e-01  -1.6081320e+00  -1.8887107e+00   1.0261714e+00   1.0043171e+00   8.2618504e-01  -4.7192024e-01   2.4647478e-01   2.2590232e+00  -2.6209942e+00   2.5123430e+00   1.0098481e+00   2.1214531e+00  -1.0816406e-01  -5.4225892e-01   4.5565024e-01   9.0107238e-01  -5.5018731e-02
   2.0000000e+00   6.0515816e-01   1.2989144e+00   7.9190052e-01  -2.5680166e-01  -1.5254550e-01  -1.2593443e+00   1.9123095e+00   3.5669146e-01  -6.9111163e-01  -1.2643723e+00  -6.2801622e-01   8.2606455e-01   1.2846704e+00   1.0581961e+00   8.4526050e-01   2.1069971e-01  -1.2421064e-01   5.8422271e-01
   2.0000000e+00  -1.4763034e+00   3.5096874e-01  -4.4975445e-02  -6.7190573e-01  -1.3220944e-01  -9.5167648e-02   5.9542499e-01  -4.2525749e-01  -1.3685443e+00  -9.1555243e-01  -8.7287304e-01  -4.1472623e-01  -3.9519118e-01  -6.7785160e-01   2.6830787e-01   8.1524502e-01  -5.4277471e-01   9.8932339e-01
   1.0000000e+00   1.4875134e+00  -1.3215768e+00   1.2757842e+00   1.6982854e+00   3.3966040e-01  -8.2874340e-01   1.0948440e+00  -2.3537595e+00  -1.0819073e+00   8.9004779e-01  -8.3652305e-01   1.8488555e-01   3.5510903e-02   9.1029593e-01   1.3549865e+00  -3.8355934e-01  -1.9514824e-01   5.8935268e-01
   1.0000000e+00  -3.4823137e-01  -6.7282318e-01  -3.1818744e-01  -4.3198119e-01   4.6727290e-01   1.5519472e+00  -1.0632498e+00   1.5030120e-01  -1.1288091e+00  -1.4649052e-03   6.2640745e-01   1.3520641e-01   1.2104000e+00  -7.6929414e-01  -6.9896713e-01   1.8061387e+00   6.7950924e-01   2.7118313e-02
   2.0000000e+00   1.2564720e+00  -1.3732765e+00   1.9143092e-01  -1.7530450e-01  -6.7363089e-02   1.3882712e+00   4.0981330e-01   1.2434115e+00   7.5806871e-01   3.4792050e-01  -9.2406669e-01   1.7643555e+00  -1.4075954e+00  -3.5348130e-01  -1.8133850e-02   3.3904389e-01   8.9059592e-01  -7.5394554e-01
   2.0000000e+00  -9.6479773e-01  -1.0148513e+00   5.6716470e-01   2.0955080e+00  -1.1656301e+00   1.0357867e-01  -1.1643190e-01   3.5329604e-02   8.8863502e-04  -1.1171124e+00   2.6209674e-01   4.1776381e-01   1.9472544e+00   1.1979082e-01  -7.0711548e-01   8.2432887e-02   2.5955949e-03  -7.8813866e-01
   2.0000000e+00   1.8891839e+00  -4.6277052e-01   1.1238836e+00  -6.6767856e-01  -7.1297273e-01   3.3137670e-02   8.4890317e-01   1.0015158e+00   8.6323897e-01   1.4946176e+00   6.4126066e-01  -6.7160004e-01  -5.4436301e-01  -1.2194458e+00  -1.0022851e+00  -3.4424109e-01   4.9164165e-01  -9.9992435e-01
   1.0000000e+00   1.3685428e+00   2.0245982e+00   1.8968227e-01  -1.2015806e+00   6.6267945e-01  -4.2213981e-01   1.1413597e+00  -5.4528569e-01   2.9120584e-01  -1.3144400e+00  -1.7237948e+00   1.4833698e-01  -5.9982760e-01   6.4428482e-01   5.3783575e-01  -1.7579834e+00   3.2632146e-01  -6.9823633e-02
   2.0000000e+00   4.8988863e-01   6.5441300e-01  -7.3387238e-01  -1.1698289e+00  -2.0325964e-01   5.2429355e-01   2.5910673e+00  -6.5618613e-01   8.6148800e-01   5.6922686e-01  -3.6645635e-01   2.2761402e-01  -1.0130206e+00  -6.4281393e-01  -1.5047108e+00  -9.3177769e-01   2.6049313e+00  -1.2625975e+00
   2.0000000e+00   1.5593392e+00  -7.2430865e-01  -5.6243359e-04  -5.9179493e-01  -8.6698354e-01  -6.0961582e-01  -1.5299329e+00   3.6794314e-01  -6.1966431e-01   9.8641543e-01  -4.3011148e-01   3.3692201e-01   3.8355885e-01   2.9338364e-01   8.7888825e-01  -3.6067124e-01  -7.8818163e-02   1.0884544e+00
   2.0000000e+00  -6.6487610e-01   4.1950894e-01   4.9598423e-02  -1.8253718e-01   1.7736259e+00   4.6298700e-01  -2.5346805e+00   4.6343610e-01   2.8008571e-02   2.6827696e-01   1.6615174e+00  -4.0593428e-01   5.4718341e-01   8.4178558e-01   4.6331097e-01  -9.8549101e-01  -7.8058463e-01   6.9526954e-01
   2.0000000e+00   7.7358121e-01   1.6346663e+00   1.7801700e-01  -6.4353445e-01  -8.8872853e-01   5.1635927e-01  -6.0631628e-01   2.3613963e-01   8.1778355e-01  -3.1064393e-01  -5.5357170e-03   1.8425115e+00  -2.2571821e+00  -1.0453146e+00  -4.1741685e-01  -1.4311068e-01  -9.9684020e-01   8.0046575e-01
   2.0000000e+00  -2.8573563e-01  -2.8639553e+00  -1.4563899e+00  -9.5215204e-01  -8.2615005e-01  -1.8268778e+00  -2.4771540e-01   3.7085105e-01  -2.2694736e+00   6.3435511e-01   5.0244875e-01  -2.6568164e-01   4.8258620e-01   2.3100074e+00   3.9085829e-01   1.9784615e+00   7.3646824e-01   4.3906891e-01
   2.0000000e+00  -1.4032634e+00  -1.0913700e+00  -5.4507150e-01  -1.9718250e+00   1.4619932e+00   3.5882883e-01   6.9369000e-01  -1.2868543e+00   2.1672551e+00   1.4341903e+00   3.3143385e-01   1.4283580e+00   1.8257777e+00   8.0229282e-01   1.7732217e-01  -6.9168468e-01  -6.4007296e-01  -8.8128852e-02
   2.0000000e+00   5.2720426e-01   4.8338460e-01   3.3926971e-01   3.8383473e-01  -4.1560887e-01   1.6089370e-01   3.9442038e-01   1.7666475e-01  -5.7656546e-01   1.2756276e+00  -1.9002524e+00  -1.1616935e+00   9.5463794e-01   8.9954832e-01   6.6226860e-01   1.1825457e+00  -1.8495781e+00   1.1790431e+00
   2.0000000e+00  -3.7990822e+00  -1.7876281e+00   1.1312192e+00  -9.7113526e-01  -2.0849700e-01  -3.8752146e-01  -3.0475370e-01   1.0666916e+00  -1.4859476e+00   3.0853056e-01   1.2949411e+00  -1.4051248e-01   1.0864704e+00   4.9908511e-01  -9.9787983e-01   5.6355551e-01  -5.1159674e-01   2.5014161e-01
   2.0000000e+00  -7.4439787e-01  -7.3541700e-02  -1.1425031e-01  -5.0909625e-01  -3.1327560e-01   4.0511329e-01  -3.7848663e-01  -1.1965139e+00  -8.4756930e-01   2.0230342e+00   9.3304079e-01  -1.2397741e+00  -1.7718324e+00   5.3567166e-01   1.0135592e-01   2.3581188e-02   2.5001325e+00  -3.7662174e-01
   2.0000000e+00   4.5181858e-01  -5.4349465e-02  -6.6925853e-01  -8.5286446e-01   1.0236870e+00  -1.2105070e+00  -8.5930176e-01   2.0646284e-01   1.4821618e-01  -1.9567559e+00   2.1348522e-01   9.6340995e-01   8.0927292e-01   6.3118033e-01  -1.4002340e-01  -4.1107039e-01   4.0578514e-01   7.5436190e-01
   2.0000000e+00  -9.8396525e-01   1.0202406e-01  -1.4174246e+00  -1.3789163e-01   3.1390245e-01   1.0752418e+00   4.7423411e-01  -8.1031275e-01   1.2113369e+00   5.2749845e-01  -7.7127903e-01  -1.0065213e+00   1.9083733e+00   1.2149469e+00   6.9535161e-02   1.2355498e+00  -9.5946879e-01  -1.2478243e+00
   2.0000000e+00  -5.0190114e-01  -8.5797840e-01   1.3926196e-02   3.9786348e-01  -6.2705495e-01  -1.0756386e+00   1.1045802e+00  -1.0400039e+00   5.8895975e-01  -1.4846197e-01  -1.7068728e+00  -5.3356316e-01  -6.3205324e-01  -5.6021119e-01   1.9072405e+00   7.8784044e-01   2.0441269e-02   2.1806337e+00
   2.0000000e+00  -8.1698281e-01   1.8858782e+00  -9.9494897e-01  -5.6142367e-01   1.1314923e+00  -6.6618217e-02  -8.2012323e-01   9.7038877e-01   1.0318859e+00   1.0490474e+00  -2.2627972e-01  -6.7582027e-03  -6.9309800e-01   5.0638108e-01   5.8294407e-01  -1.4090766e+00   9.9016579e-01   4.3205209e-01
   2.0000000e+00  -4.3049685e-01   7.3510930e-01   6.4363826e-01   4.5096850e-01   6.6674218e-01   1.4392367e+00   6.3976621e-01  -1.3745614e-01  -1.2680694e+00  -1.1261343e+00  -1.9642767e-03  -9.9042085e-01   1.1848555e+00   8.4526758e-01  -2.6876145e+00  -1.7406286e+00   1.1789381e+00  -1.7983361e-01
   2.0000000e+00   6.6377746e-01   4.2949960e-01   4.1636479e-01   2.8377365e-01   1.5414133e+00   6.8625029e-01  -9.8304849e-01   1.5522014e+00   3.0033155e-01   5.1073846e-01   6.0683651e-01  -1.7129412e+00   8.9106900e-02   5.0683774e-01  -5.7893459e-01   1.2379261e+00   3.6955326e-01  -5.7160308e-01
   2.0000000e+00  -5.0579682e-02  -5.3028699e-01   7.5514485e-01   5.2617930e-02  -6.8471227e-01  -9.1134719e-01  -7.9879482e-01   2.6454807e-01   1.4675215e+00  -1.2958518e+00  -2.8142733e-01  -1.2357946e+00  -2.8233650e-01   4.3014100e-01   9.6245324e-01   1.3493982e+00  -1.3366964e+00   4.1471968e-03
   2.0000000e+00   2.4474658e+00  -1.9595308e+00  -9.8772306e-01  -1.4358241e+00  -1.3674835e+00  -7.9782938e-01  -1.2406675e-01  -3.2696984e+00   2.0859262e-01   3.0079400e-01  -6.0372893e-01  -2.2544110e-01   9.2062350e-01   1.1894164e+00  -5.6147704e-01  -1.4076381e+00  -1.4459812e+00  -8.2442360e-01
   1.0000000e+00  -1.4817735e+00   1.5548944e+00  -3.8016418e-01   3.0818030e-01   1.2946268e-01   4.1321948e-01   8.7380164e-01  -4.5929586e-01   6.9022974e-02  -1.0519391e+00  -1.2809564e+00  -6.8009239e-01   6.0875948e-02  -8.0085615e-01   7.5433032e-01  -8.6583979e-01  -4.6086647e-02   1.7687091e-01
   1.0000000e+00   7.6736923e-01   5.3259912e-01   5.9039653e-01  -1.1112479e+00   4.3701330e-01  -2.9346536e-01  -5.4775817e-01   1.2024670e+00   3.4989386e-01  -5.0408319e-01   2.6659610e-01  -1.7879955e+00  -1.2637809e-01  -3.3107073e-01  -1.6515433e+00   3.7188832e-01  -2.3890386e-01  -1.1835962e+00
   2.0000000e+00   1.2169252e-01  -1.5551321e-01   5.6584631e-01  -1.5577865e-01  -1.3479239e-01   4.9912274e-02   9.4747563e-01   7.7994750e-01   6.4313448e-01  -1.4850692e+00  -4.7806619e-01  -3.0154851e-01  -2.1936449e+00   3.0259951e-01  -6.5665723e-01   1.5710162e+00   1.2742466e-01   8.3058538e-01
   2.0000000e+00   1.9725433e+00  -7.5755140e-01   6.4449124e-01   8.8058466e-01  -6.2666994e-01   1.0012457e+00   1.6514478e-01  -9.5041769e-01   1.0074687e+00   6.5176064e-01  -1.8174620e+00  -7.8296267e-01   5.5718821e-01  -6.7590299e-01  -1.7440172e+00  -1.3550116e+00  -1.9456762e+00   7.7101741e-01
   1.0000000e+00  -8.5056784e-01   8.2045646e-01   4.4142818e-01   7.9581631e-01   1.7474771e-01  -7.7368717e-01   1.1616632e+00   7.0347909e-01  -9.7477478e-01   1.3334473e+00  -2.3082708e-01  -3.9663395e-02  -5.8507135e-01   2.8945023e-01   5.9814639e-04  -4.6971186e-01   3.3957488e-02  -3.8247878e-01
   1.0000000e+00   1.1372227e+00  -6.6814176e-01  -6.6364850e-02   2.6588527e-01   3.6327675e-01   7.1874603e-01   1.3869097e+00   1.9363066e+00  -1.0637898e+00  -3.7897170e-01  -7.0603055e-01  -1.1576999e+00  -5.2413703e-01  -8.0055414e-01   3.8866011e-01   1.9391135e-01  -1.6298070e-01   4.0305405e-01
   1.0000000e+00  -6.3423914e-01  -3.6405803e-01  -3.5694404e-01  -2.2613823e+00   7.0866346e-01  -7.1736595e-01  -1.8067842e+00   1.2014177e+00   7.1956306e-01   6.5465978e-01  -1.7632408e-01  -7.3977055e-01  -1.2361360e+00   8.1516492e-01  -1.9406988e+00  -7.8552668e-01  -1.6284230e-01  -8.2717874e-01
   2.0000000e+00   3.5530492e-01  -1.3455681e+00  -2.8935742e-01  -3.9095851e-01  -1.1953585e+00  -4.5908255e-01   1.2089577e+00  -7.8378582e-01   1.1282031e-01   7.9317095e-02  -9.1987727e-01   7.1054520e-01   1.0484109e+00   1.4134819e+00  -8.0788414e-01  -4.2625012e-01   5.1174596e-01   1.0531224e+00
   2.0000000e+00  -1.7645667e-01   2.1435813e-01   6.4831865e-02  -2.0918762e-01   4.9788814e-01   2.1013089e-02   1.6488530e+00  -9.3258283e-01  -1.3832605e+00  -3.4609693e-01   6.6185768e-01   9.1446915e-02  -1.4417029e+00  -6.7831614e-02   3.1868579e-01   2.6373982e-03  -2.5156685e+00  -1.9358771e-01
   2.0000000e+00  -1.0830642e+00   3.9832284e-01  -1.3196063e+00  -4.8569536e-02  -1.1454342e+00  -1.1032278e+00  -6.1661872e-01  -9.3652734e-01   3.9971885e-01  -6.5116468e-01   8.9156357e-01   8.4769010e-01  -8.1679342e-01   1.2431579e+00   7.1734462e-01   1.3774796e-01  -1.0441319e+00  -1.5565670e+00
   1.0000000e+00  -1.5647849e+00   4.4474968e-01  -2.5351469e-02   5.9473025e-01   3.7884282e-01  -2.5037401e-02  -9.3998615e-01   1.3182268e+00   1.3393295e+00   1.3204102e+00  -8.1545988e-02   3.8984918e-01   3.0589435e-01  -1.6121058e-02   6.8446801e-01   4.0034134e-01   4.4188541e-01  -1.4570319e+00
   2.0000000e+00  -8.7791630e-01  -1.3342267e+00  -1.1035322e+00  -7.6567790e-01  -8.9298356e-01  -1.0058752e+00   4.5071931e-01   2.0427250e+00  -1.7673226e+00  -1.9668066e+00   7.4568503e-01   3.8890420e-01  -1.3405042e+00   5.2531446e-02  -1.2340115e+00   5.2842128e-01   3.3295683e-01  -4.2553526e-01
   2.0000000e+00  -1.6179839e-01  -8.6989664e-01   4.8865911e-01  -4.2955075e-01   1.7056655e-01  -7.0150980e-01  -1.1205177e+00   1.3882111e+00  -8.4816076e-01   7.8966400e-01  -4.6345496e-01  -5.4918560e-01   1.5704743e+00   1.7435667e-03  -2.3624204e-01  -2.2431648e-01   1.7720328e+00   9.2884872e-01
   1.0000000e+00  -1.9440511e+00  -4.6935891e-01  -1.1017062e+00   1.4505833e-01   8.0285500e-01   1.9101453e+00  -7.2085086e-01   9.8376111e-01   6.4671013e-01  -6.1627366e-02  -1.3867178e+00   2.2351100e-01  -3.8915262e-01  -2.4148908e-01   1.1632605e+00  -1.3148928e+00   1.0771984e-01   1.2037405e+00
   2.0000000e+00  -1.3855426e-01   2.7411697e-01   6.6492807e-01   7.7643565e-01  -8.2527394e-01  -1.0636726e+00   1.5148819e+00  -1.0524212e+00   1.7476197e-01  -3.4017650e-01  -3.4860708e-01  -1.0165084e+00   2.0474422e-01   1.1527802e+00   1.2940176e+00   9.0632095e-01  -1.7919131e-01  -7.9410370e-01
   2.0000000e+00   8.0503893e-01   6.4274909e-01  -3.0403897e-01  -1.5040361e+00  -1.2224829e+00  -9.0577200e-01   1.2700849e+00   8.1771352e-01   2.5524145e+00   1.4417674e-01   8.9846341e-02  -1.3919127e+00   8.0848715e-01  -2.5742882e-01   4.5649329e-01   3.2910941e-01   1.4570797e+00   7.8657397e-01
   1.0000000e+00   1.5737080e+00  -1.6616234e+00   6.7923948e-01  -2.2909869e-01   1.1421373e-02  -2.0256415e+00   3.7892519e-01  -3.4507589e-01  -1.6911912e+00  -1.5347552e+00   2.4219228e-01  -6.9458420e-01   1.2271708e+00   3.0707297e-02   3.8365806e-01  -1.0681081e+00   9.9639124e-01   2.4977888e-01
   1.0000000e+00  -1.0621170e+00  -6.7865037e-01  -1.7996552e-01   5.8649300e-01   3.1235376e-01  -1.3173517e+00  -5.3635444e-01  -1.6537134e+00   7.3143995e-01   5.1427146e-01   9.8997857e-02  -8.3351003e-01  -1.8233699e-01   4.1172983e-01   4.1647283e-01  -6.8255944e-01   8.2811616e-01  -1.4318888e+00
   1.0000000e+00  -1.2638479e+00   1.1379012e+00  -6.3761399e-01  -4.8415853e-02   5.4956764e-01   7.9300618e-01  -9.3984252e-01   6.2391380e-01   1.3929697e-01   8.7218482e-01  -5.0018738e-01  -1.2432260e+00   1.6026796e+00  -2.8375968e-01   2.3040224e-01   6.9725715e-01   1.9910781e-01   6.7109702e-01
   2.0000000e+00   3.2129780e-01  -6.2379542e-01   1.4384046e+00   6.5346755e-01  -1.4978472e+00   3.1537081e-01  -1.1558041e-01  -2.0642832e-01   4.2831748e-01  -8.1578917e-01  -7.2571523e-01   1.5763653e+00  -1.1124281e+00  -3.1046154e-01  -4.9035424e-01  -9.1140127e-01  -9.1575005e-01   1.6596970e-01
   2.0000000e+00  -3.7284142e-03   3.0337026e-01  -1.4657497e+00  -4.8982887e-01   7.6560604e-01   1.1731296e+00   1.7699474e+00  -3.5884417e-01   1.2574630e+00   1.3534973e+00  -2.3029042e+00  -9.3880664e-01   2.6078987e-01  -8.9998943e-01  -3.1224049e+00  -4.5312871e-01   1.5092311e+00   8.1681748e-02
   2.0000000e+00   1.4892080e-01  -9.3500707e-01  -2.9971011e-01  -4.1408958e-02  -1.5968480e+00  -1.0665180e+00  -4.7383880e-01   4.9423123e-01   3.2443355e-01   3.4848907e-01   2.3039474e-01  -4.9101051e-01   1.4949151e+00  -1.2210137e+00   6.6072434e-01   6.3783329e-01   8.8677924e-01  -3.2551341e-01
   2.0000000e+00   2.1732443e-01   9.0698002e-01   5.0183924e-01   1.1048286e+00  -6.4247378e-01  -2.6556727e+00   1.0378869e+00   2.2482907e-02   3.3861008e-01   7.4473370e-01  -6.9845475e-01  -5.4989322e-01   1.7730041e+00   3.3398673e-01   9.7198609e-01  -1.0481023e+00  -1.5665104e-01   1.2335549e-01
   1.0000000e+00   1.2549359e-01   2.2231361e+00  -1.7583636e+00   2.2164325e-02   1.0734382e-01   8.0572080e-01  -7.8347353e-01   1.0073787e+00  -8.9754982e-01   2.1824480e+00  -1.0328051e+00   6.3745591e-01  -1.6077561e+00  -4.4322592e-01   1.5221631e+00   1.2194465e+00   9.6090041e-01   1.4276338e+00
   2.0000000e+00   6.6460445e-01   8.7519332e-01  -8.4879388e-01  -4.3181855e-01  -3.0416935e-02  -7.8185579e-01   7.0244597e-01  -1.2230078e+00   3.5211489e-01  -7.5812334e-01  -5.5598017e-02  -5.8598658e-01   3.1462170e-01   1.1950934e+00   3.3778520e-01  -1.2691138e+00   6.7033590e-01  -1.6574390e+00
   2.0000000e+00  -7.0837414e-01   1.8287111e+00   6.3136912e-01  -2.8671443e-01  -4.6288694e-01   8.4685766e-01   9.9429915e-01  -1.3518618e+00   2.7657337e-01   4.9528973e-01   1.8061287e+00  -5.5705636e-01  -7.2883450e-01  -5.1382588e-01   9.6295117e-01  -9.7864426e-01   9.7160341e-02  -3.1045332e+00
   2.0000000e+00  -1.1394694e-01   9.2821739e-01   9.5553702e-03  -6.7288011e-01  -6.2207694e-01   7.7912120e-02  -2.7218805e-01   6.5480119e-01   3.6358853e-01   5.2146473e-01   2.1795155e+00  -6.3830708e-01   3.7125705e-01   8.9415776e-01   7.3188829e-01  -3.3167093e-01  -1.3974589e+00  -3.3934090e-01
   1.0000000e+00   7.5497424e-01  -1.2424484e+00   3.7632310e-01   2.2829848e+00   6.1857458e-02   1.0838948e+00  -1.6379239e-02  -8.3450169e-01  -7.1202398e-02  -8.8846713e-01  -8.3879373e-01  -1.6196341e+00   1.9701925e+00   6.3518159e-01   2.5296456e-01   1.9447171e-01   4.5013186e-01  -8.7143240e-01
   1.0000000e+00   5.3901177e-01  -2.1880701e+00   1.3042263e+00   1.1031625e+00   1.6899625e-01  -1.1984255e+00  -6.0604608e-01   1.8072878e+00  -2.9075311e-01   5.2597465e-01   2.1303626e-01   2.1225233e+00   1.0854070e+00   5.1087836e-01  -1.6549414e+00  -4.0781894e-01   3.7256977e-01   4.7696872e-01
   2.0000000e+00  -5.0654622e-01  -1.0932162e+00   8.5336814e-01   2.0470701e+00   2.1102384e+00  -4.2933073e-01  -6.3241888e-01  -9.2714469e-02  -1.1878489e+00  -2.8962007e-01   7.8311227e-01  -8.3034290e-01  -1.7576610e+00  -1.8457377e+00   1.9168517e-01   8.5940410e-01   1.0690403e-01   6.5995530e-01
   2.0000000e+00   2.5913504e-01   6.5120233e-01  -1.9277186e+00   4.5949336e-02  -5.3611843e-01   1.4678054e+00  -3.0629218e-01  -8.5975022e-01  -1.5867202e+00   7.9853157e-02   1.3263969e-01   2.8277143e-01  -5.3476586e-01   1.4713717e+00  -1.7725447e-01   9.5697389e-01  -7.8585507e-01  -9.6127472e-01
   2.0000000e+00  -2.3606997e-01   1.6057823e+00  -1.3619345e+00  -2.4194142e+00  -2.6789378e-01  -6.5140326e-01  -1.4529015e+00  -2.8280936e-01  -2.2518036e+00  -3.4547596e-01   2.5001108e-01  -2.9406574e+00   1.5998527e-01  -7.8548110e-02   1.3833730e+00   1.3890304e-01   7.7213844e-02  -7.8700007e-01
   2.0000000e+00  -3.5648299e-01   1.3283156e+00  -2.0974005e-01  -6.8131339e-01  -8.6896622e-01   1.4842244e-01  -1.3094919e-01  -9.6320136e-01   8.5642427e-02   8.8515916e-01   1.3432465e+00   9.9194472e-01  -1.5657128e+00   9.4060933e-01  -9.4820684e-01  -4.1902955e-02   2.9056287e-01  -4.8246622e-01
   1.0000000e+00   6.3969041e-01  -1.0906189e+00   2.8692707e-01   2.3880040e+00   5.2307619e-01   4.2444442e-01  -1.2899955e+00  -1.8835419e-01  -4.7435283e-01   1.3541616e+00  -1.0594032e+00  -1.1663843e+00   1.3646031e+00   1.3555512e+00   9.6741648e-01  -1.5698900e+00   5.0783494e-01  -5.7150421e-01
   1.0000000e+00   1.3878487e+00  -7.8681394e-01   1.4455976e+00   7.7520881e-01   4.6885258e-01   6.4680082e-01  -2.9753507e-02  -2.8443725e-01   3.4639170e-01   5.1702674e-01  -3.3300134e-01  -5.4866334e-01  -1.4124737e-01   1.6481892e+00  -1.0440078e+00  -2.1971657e+00  -7.0341473e-01  -5.8509807e-01
   2.0000000e+00  -3.3854551e-01   1.7165224e-01  -8.3245077e-01  -1.3055659e+00  -5.3611208e-01   1.3149830e+00  -1.7611107e-01  -5.5143198e-01   3.4951339e-01  -8.7221528e-01   2.3010233e+00   3.1389536e-02   2.9605290e-01  -1.3204902e+00   5.3745558e-01  -1.2133579e+00   1.1729194e-01   3.0102072e-01
   1.0000000e+00   4.1573953e-02  -2.5553893e-01  -3.9175906e-01   3.5026074e+00   3.9240471e-02  -1.2457377e+00  -2.1703531e-01  -1.4382675e+00   2.2469899e+00   9.1747483e-01  -1.6029403e+00  -1.8519959e+00   1.2121367e+00   6.9775838e-01   1.8091615e-01   4.4579453e-01   7.3737029e-01   9.8249789e-01
   2.0000000e+00  -1.8038507e-01   1.0277773e-01   1.1266447e+00  -1.5735349e-01   1.0181830e+00   1.4782784e+00   4.5012645e-01  -8.8696478e-01   1.8508543e-01  -1.4261890e+00  -7.5932906e-02   1.6684418e+00   1.3191314e+00   4.4418973e-01  -4.7103139e-01   1.0545536e+00  -4.0174594e-01  -3.6512798e-01
   1.0000000e+00   1.1267313e+00   7.6585210e-01  -6.0371882e-01   7.0200043e-01   7.1457783e-01   1.3290570e+00   1.5708623e+00   6.4379311e-01  -1.2601412e+00  -1.1961650e+00   1.6880050e+00  -6.2175022e-01  -6.5415812e-01  -6.6304527e-01   1.3593841e+00   1.7818121e+00  -5.8460844e-01   1.8326639e+00
   2.0000000e+00  -1.0471944e+00  -6.3350464e-01  -1.0916382e+00   1.9367305e+00  -2.8710324e-01   1.5335795e-01   9.3636109e-01  -7.7958622e-02   1.5294542e+00  -1.3633719e+00   5.6175094e-02  -3.3033840e-01   3.6020847e-01  -8.3973153e-02  -7.9797742e-01  -6.6225682e-01  -4.8902646e-01  -1.4097335e+00
   1.0000000e+00  -3.9894079e-01  -3.5312552e-01   1.3063529e+00   6.7936128e-01   2.8373016e-01   1.6499288e+00  -5.3788117e-01  -8.3313882e-01   9.3255205e-01   3.1868882e-01   6.8233323e-01   4.4016931e-01  -5.1826991e-01  -2.8121992e-01   5.1071344e-01  -7.3423733e-02  -1.7644159e-01  -7.0834174e-01
   1.0000000e+00  -1.5520481e+00  -4.1735166e-01   1.8681691e+00  -6.7875861e-01   2.6948187e-01   3.3162002e-01  -1.8642802e+00   3.9682827e-01   1.0036663e+00  -1.3264334e+00  -7.8111967e-02  -1.9692520e+00   2.3923766e-01  -1.3023024e+00  -2.1843088e+00   3.0338161e-01   5.1172106e-02   6.1725145e-01
   2.0000000e+00  -1.0019963e+00  -3.8150979e-01  -9.9398225e-01  -2.7131753e+00   3.3720807e-01  -8.4602924e-01  -6.6292793e-01   9.2813968e-01  -1.9493935e-01  -1.1812639e+00  -6.1221609e-01  -7.0507759e-01   4.2117043e-01   1.2807748e+00  -1.3477978e+00   1.2829786e+00  -1.5049379e+00  -3.1632721e-01
   2.0000000e+00   2.4960495e-01  -8.2192031e-01   3.7838324e-01   2.0047502e+00  -1.7468692e-01  -7.6380477e-01   2.9705014e+00   1.6588082e+00  -1.6853153e-01  -6.0396996e-01  -9.3443708e-01  -2.5632903e-01   7.0052989e-01   8.9039688e-02  -7.1469469e-02   2.0652387e-01   8.1123869e-01  -1.1874254e+00
   2.0000000e+00   1.8227272e+00   2.6962183e-01   2.4729695e+00  -1.1632711e+00   1.4327645e+00  -7.9075641e-02  -1.6459320e+00  -3.5154397e-01  -8.2547241e-02   1.3830145e+00  -3.4492116e-01  -1.8059209e+00  -1.8461732e+00  -1.8352899e+00  -1.0314183e+00  -1.1409063e+00  -5.9645212e-01   5.6141057e-01
   1.0000000e+00  -3.7969465e-01  -8.5377058e-01  -1.2876920e+00   2.0618050e+00   6.0351572e-01   1.4222598e-01  -5.7554958e-01   1.3800422e+00  -1.8006663e+00  -1.4971723e+00   2.8902946e-01   1.5861079e-01  -3.3398225e-01   2.0199804e+00   1.6287389e+00   2.6801076e-01  -5.5716471e-01   6.3671841e-01
   1.0000000e+00   2.2639899e+00  -5.7510785e-01   3.8467101e-01   1.5122995e+00   4.0367188e-01  -9.6613502e-01   1.7706211e+00   9.4136418e-01  -4.2974268e-02  -7.3101809e-01  -1.7660619e-01  -8.9513728e-01   1.0024978e-01   7.5385069e-01   1.8119432e+00   8.4579623e-01   4.9051112e-01  -6.9385090e-03
   2.0000000e+00   1.0691556e+00  -5.9439910e-02  -5.7607781e-01  -3.4526983e-01   9.7243818e-01  -1.8117222e+00  -1.6465541e-01  -1.0637131e+00   4.6518810e-01   6.0242099e-01   1.5590096e-01   5.3096906e-01  -1.0205763e+00  -2.1370690e+00  -1.2600323e+00   8.6144215e-02   8.6422648e-01  -1.6909643e+00
   2.0000000e+00   6.4313906e-01  -2.0873097e+00  -1.6487538e+00  -8.3380400e-02  -5.8898728e-01   4.1135636e-01  -1.1100596e+00  -9.7756900e-01   1.2177345e+00  -5.1335345e-01   5.2569978e-02  -3.5838278e-01  -2.2131574e-01  -8.3268263e-01   1.1654121e+00  -8.6467461e-01  -7.4570436e-01  -6.3392011e-01
   1.0000000e+00  -6.7015591e-01   1.6640832e+00   3.0129152e-01   8.5243626e-01   7.0679416e-02  -4.0159019e-01   4.7541510e-02   4.2919751e-01  -5.1384406e-01  -6.0917457e-01  -3.6079627e-01  -2.0231948e+00   7.9329800e-01   8.4691126e-02   7.3619114e-01  -8.5935095e-01   6.4574922e-01  -8.2752326e-02
   1.0000000e+00  -1.2972231e+00   1.2896518e-01  -7.2962650e-01  -4.3038356e-01   3.0978615e-01   2.1914584e-01  -1.1661799e-01  -8.1590770e-01   8.2797375e-01   1.1496827e+00  -3.8168459e-01   1.2442331e+00   8.4684789e-02  -2.7003260e-01   6.2927648e-02  -3.7713658e-01   6.1577100e-01  -8.2612120e-01
   2.0000000e+00   4.0628025e-01  -1.2292645e+00   1.0894458e+00  -9.2359581e-01  -3.4312182e-01  -7.4419247e-02  -1.0843931e-01   6.3122035e-02   4.0918745e-01   7.7678087e-01   4.2806187e-01  -1.0071868e+00   2.3441907e-01   1.2740278e+00   5.2632147e-02  -1.8690002e+00   2.9334415e-01   1.1915925e+00
   1.0000000e+00  -7.4736001e-01   5.3337757e-01   7.8718669e-01  -4.9697504e-01   2.2315527e-01   1.6811281e+00   1.2220363e+00  -1.0318852e+00   2.0987214e-01  -3.5832007e-01  -1.4141270e-01   1.9639786e+00   1.6554918e+00  -2.0470259e-01  -3.7598308e-04   1.0972022e+00  -4.6945002e-02  -6.0089517e-01
   2.0000000e+00  -4.9221373e-01   2.1589762e-01   2.4422098e-01  -5.7719764e-01  -5.6746671e-01   1.0756765e+00   1.4883171e-01  -1.1597490e+00  -9.6504720e-01  -7.6687795e-01  -8.4703673e-01  -1.2009507e+00   4.1282156e-01  -9.2642335e-01   4.5472539e-01  -1.7819295e+00   1.8065194e+00   7.4678091e-01
   1.0000000e+00  -8.2675296e-01  -2.4425094e-01  -5.6535919e-02   1.9402679e+00   3.7296146e-01   1.3372947e+00  -2.8424858e-01   2.1931449e-01   1.5577847e+00  -1.6826684e+00  -1.3088883e+00   1.0897081e+00   1.1877471e+00   5.1607216e-01   2.9947903e-01   1.0807913e+00   4.8354003e-01  -3.5277602e-01
   2.0000000e+00   1.2910640e+00   1.2069632e+00  -7.9324994e-01  -4.3423503e-01  -5.4996286e-01   3.0959975e-02   9.8370051e-02  -8.2380284e-01  -1.6295407e+00  -6.6786618e-01  -2.1757328e+00   5.2235785e-01   9.7771410e-01  -9.6398439e-01   1.5261667e+00   8.1176889e-01  -9.1368586e-01   3.0559076e-01
   2.0000000e+00   9.6531729e-01  -7.5748197e-01   8.2743937e-01  -2.9033253e-01  -2.5611591e-01  -1.1692938e+00   6.7529699e-01   7.2211515e-01  -5.1809854e-01  -4.1971396e-01   7.9537194e-01  -1.7086210e+00  -2.3941111e+00  -3.6851148e-01   3.0442327e-01  -1.6033130e+00  -1.8296205e+00  -8.0861722e-01
   2.0000000e+00   5.0274501e-01  -9.6509475e-02  -1.2092483e-01   8.4561597e-01  -1.9236752e+00  -1.7958869e+00   1.6967183e+00   1.1382821e+00  -3.3306983e-01   5.9504087e-01   1.8581875e-01   2.5697750e-02   7.9685335e-01   7.8815701e-01  -6.6630544e-01   1.1522996e+00  -1.4753634e+00   1.5595003e+00
   2.0000000e+00   6.9423364e-01   1.0027399e+00   1.1192838e+00   1.0334721e+00   8.6976728e-01   6.7894528e-02  -8.7709845e-01  -1.0950187e+00   1.5325006e-01  -1.9774729e+00   1.5454325e+00   2.2917621e-01  -3.2825408e-01  -8.4790920e-01   7.2571110e-01  -3.7602716e-01   1.4520710e+00  -2.5394226e-01
   2.0000000e+00   1.3538348e-03  -1.4812604e+00   5.0971625e-01   1.3891273e+00   1.2602608e-01  -7.2210053e-01   8.7431801e-01  -1.2626624e+00   1.0912926e+00  -4.4838897e-01  -1.3133249e+00  -6.3391291e-01   1.1737774e+00   3.5922709e-01  -3.5297913e-01  -1.4611806e+00   2.5382623e+00   6.5478407e-01
   2.0000000e+00  -3.3185026e-01   6.5286216e-01   4.8791366e-01   3.9603334e-01  -1.1047533e+00  -1.3524484e+00  -2.2660025e-01   2.2299599e-01   1.2174223e+00  -7.1749626e-01  -1.6780427e+00  -1.4984417e+00   6.8771220e-01   1.0077965e+00   1.7424427e-02  -6.4766750e-01   1.0825062e+00  -2.7514574e-01
   2.0000000e+00  -9.7928279e-01  -1.9300529e-01  -9.5400556e-01  -3.3465038e-01  -4.2285253e-01   8.6261970e-01  -7.7995656e-01  -3.4553748e-01   2.2239408e-01  -9.1370121e-01  -3.4644687e-01   1.1900546e+00   4.8462918e-02  -7.8556762e-01   1.2362907e+00  -1.2007376e+00   1.0670844e+00  -1.2149581e+00
   2.0000000e+00   1.2291162e+00   2.5759643e-01  -5.2139756e-01  -7.7411793e-01  -9.2561059e-01   6.3901267e-01  -1.1590373e+00   4.8373166e-01  -6.0281246e-01  -2.1981725e-01   1.1282277e+00  -7.4114279e-02   1.2881112e-01   1.5173610e+00  -5.4258014e-01  -4.0093751e-01  -8.6682871e-01  -1.1726423e+00
   2.0000000e+00  -4.9555023e-01   3.9969192e-01  -7.1069138e-01  -2.6965074e-01  -9.2893339e-01  -3.5750341e-01  -1.1846806e+00   2.2861580e+00   4.2107217e-01   1.1134798e+00   5.5233716e-01  -7.4022915e-02   1.0056869e+00  -1.5580235e+00  -9.9318137e-01   2.2881583e-01  -1.7884641e+00  -5.7301238e-01
   2.0000000e+00   7.0055482e-01   1.4713435e+00   6.6317036e-01   1.2343948e+00  -1.2121448e-01  -5.1392710e-01   1.0079097e+00   1.5484488e-01   1.0403253e+00   4.8541700e-01  -7.1129641e-01   6.9964768e-01  -5.3526394e-01   2.2387468e-01  -1.3664936e-01   1.2149738e+00  -8.3255771e-01   1.2148334e+00
   2.0000000e+00  -9.8700408e-01   1.2049538e+00   6.0739836e-01  -6.6257911e-01  -9.5527666e-01   1.2716157e+00   5.9006083e-01  -1.1735463e+00   4.3481970e-01   1.1690872e+00  -1.1342073e+00  -7.5324856e-01   1.6330008e-01   2.7621381e-01  -6.6205112e-01   1.9822354e-01  -8.9049574e-02   8.2992438e-01
   2.0000000e+00   1.5864889e-01  -1.3236124e+00  -4.7397812e-01   8.0893465e-01  -1.0033987e+00  -8.2241569e-01  -1.3910012e+00   8.0835185e-02  -8.9726500e-01  -8.6430274e-01   5.0586655e-01   9.6435590e-01  -1.5290620e+00  -3.1283168e-01  -1.0324056e-01   1.7757484e+00   2.0852518e-01   8.2481447e-01
   2.0000000e+00   8.9099496e-01  -6.0459342e-01   1.1823529e+00  -1.1796897e+00   2.8516552e+00  -1.1869892e+00   4.2555262e-01   5.7764477e-01   8.5828952e-01   7.6097686e-01  -1.6200340e+00  -5.3135913e-01   1.7233023e-01   2.9202377e-01   1.2015294e+00   4.8303871e-01   5.5084090e-01   9.3066957e-01
   2.0000000e+00  -1.6637444e+00   2.2185538e-01   6.7239861e-01  -3.8185506e-01  -3.2305897e-01   7.3539666e-01   8.2473868e-03   5.5280938e-01   3.5457458e-01   4.1075222e-01  -1.7064962e-01   3.3804638e-01   2.2761520e-01   3.7357561e-01  -1.4488782e+00   8.4678799e-01   6.7497026e-01   1.3609924e+00
   2.0000000e+00  -5.9993014e-02   6.8062800e-01  -1.2304810e+00   1.6547202e+00  -4.4437924e-01   3.0021777e-01  -6.4581852e-01  -3.8917304e-01  -1.2319836e+00  -4.1495445e-02  -1.0619231e+00  -1.4623830e+00   2.2794332e+00  -6.0566004e-01  -9.3883125e-02  -5.6203357e-01  -3.2093905e-01   1.4998604e+00
   2.0000000e+00   1.8333898e-01  -7.6657803e-01  -7.2658462e-03  -1.5861361e-01   2.8493380e-01  -4.0016742e-01   2.4990295e-01   3.3103588e-01   5.8651910e-01   8.9285217e-01  -1.3745897e+00   1.5363296e+00   1.2236637e+00  -4.9820658e-01  -8.3788700e-01   4.4632775e-01   1.8589336e+00   1.2765510e+00
   2.0000000e+00   4.0514471e-01   1.1959412e+00   1.4985132e+00  -3.8572287e-01  -5.5667893e-03  -3.4424594e-02  -1.0459797e+00  -1.2105047e+00  -1.0855308e+00   5.6784638e-01   1.0149249e+00   8.1665635e-01   3.1671024e-01   3.3723051e-02  -6.2889590e-01   1.1903166e+00  -6.7349938e-01   1.1015397e+00
   1.0000000e+00   8.0900103e-01  -1.5250116e+00  -8.3460452e-01  -1.6499168e+00   4.5712241e-01  -1.8790917e-01  -1.8468436e-01   1.0804868e-01  -3.6960130e-01  -2.9082043e-01  -7.1188054e-01  -1.5157330e+00  -1.4241426e+00  -8.2292247e-01   1.6622179e+00   6.4890890e-01   4.3256339e-01   2.8233114e-01
   2.0000000e+00  -1.6552597e+00   2.5882507e-01  -7.2106461e-01   6.8969667e-01   6.4120135e-01  -8.0236854e-01  -1.5673369e+00   6.0146065e-01  -7.0339858e-01   1.4754587e+00  -7.1180600e-01   1.8099429e+00   2.8038222e-02  -8.3973636e-01  -6.0203738e-02  -9.0812448e-01   1.2659936e+00   2.3885452e-01
   2.0000000e+00   1.1431607e+00  -1.1448883e+00   9.5520919e-01   6.8763071e-01   7.7957534e-01  -4.8307914e-01   1.8630322e+00   1.3896433e+00   2.3435700e-02  -5.2010637e-01  -1.3193908e+00  -9.5139114e-01  -1.7705260e-01   1.5657466e+00   5.5624240e-01  -8.4659463e-01  -9.5902354e-01  -1.9303167e+00
   2.0000000e+00  -2.0923903e-01   6.3397525e-01   1.4601735e+00  -1.7956418e+00   5.9154846e-01  -8.9675158e-01   1.2904615e+00  -5.3871524e-01   4.3358006e-01  -1.8057554e+00   5.1500275e-01   5.3651747e-01   7.1172529e-01  -1.1551706e+00   1.1246288e+00  -2.4624063e-01  -8.6391037e-01  -1.4567979e+00
   2.0000000e+00  -1.0698400e+00   3.1539931e-01   4.6630442e-01   2.2132085e+00  -7.8081359e-01  -2.0894587e+00   4.1327569e-01  -1.3611873e+00  -1.1388791e+00   1.2000869e+00  -1.1878318e+00   5.3410370e-01  -6.4336544e-02   1.7425586e+00   1.7263070e+00   1.4795387e+00  -3.9050224e-01   5.7279193e-01
   2.0000000e+00   6.4433454e-02   6.5090145e-01   1.3847464e+00  -5.3429611e-01  -4.7195085e-01   9.1492389e-01  -8.9092733e-02  -1.7232985e-02   1.0656216e-01   1.8227941e-01   1.0749418e+00   2.6040118e-01   7.5310213e-01  -1.0434199e+00  -6.9642256e-01   2.5466299e-01   4.3786725e-02  -8.1696868e-01
   2.0000000e+00   1.1584677e+00   3.4506298e-01  -2.3708174e+00  -9.4739587e-01   1.8178135e+00   2.3462704e-01   9.2065120e-01  -7.5784121e-01   4.9594485e-02  -9.3187262e-02   8.0462189e-01   6.0786042e-01  -8.8764778e-01  -5.3385060e-01  -4.7722180e-01   1.9031468e-01  -3.5603165e-01  -9.1280811e-01
   1.0000000e+00   5.3516783e-01   9.6886796e-01  -5.3521941e-03   6.4441572e-01   8.7982952e-02   5.5415522e-01  -5.6277653e-01   5.0843060e-01   5.1067595e-01  -9.0565055e-01   5.3604640e-01  -2.9006750e-01   1.7683118e+00   3.8557621e-01   6.4576841e-01  -1.4726984e+00  -3.6772511e-01   8.9638214e-01
   2.0000000e+00   3.5811986e-01   1.3955443e+00  -2.1316174e+00  -2.2486051e+00   1.0023618e+00  -1.5667188e+00  -2.8648875e+00   1.2975381e-01  -1.6599540e-01  -7.8604432e-03   2.0612114e+00   1.3361633e+00  -1.7049878e+00   1.0445224e+00   1.6996013e-01   1.0680965e-01  -1.5417352e-01  -1.7879785e+00
   1.0000000e+00  -1.7758706e+00   1.5217635e-01  -9.4965295e-01  -3.0080123e-01   6.4359826e-01   1.3374961e+00  -7.6217373e-02   6.5982953e-01   1.3309059e+00  -9.2021768e-01  -7.8450567e-01   6.6351508e-02   6.5777705e-01  -2.0272385e+00   6.4525396e-01  -4.2209312e-01   4.4117243e-01   9.1435032e-02
   2.0000000e+00  -1.1891169e+00  -1.7558483e-01  -1.9628742e-01   1.2605402e+00   1.0673019e+00   4.0872049e-02   2.9245600e-01  -8.1744986e-01  -5.1528626e-01  -2.7971408e-01  -4.6772285e-01  -1.3555587e+00  -1.4168574e+00  -1.6210097e+00  -2.6754222e-01  -1.8487786e+00  -1.1071025e+00  -3.6138456e-01
   2.0000000e+00   2.4772483e-01  -9.4523427e-01  -9.1302152e-01  -1.0483411e+00  -1.2854066e+00   6.5925151e-01   6.6243462e-01  -5.8742488e-02   1.9938812e-01   2.2688442e-01  -6.3462666e-01  -4.1729610e-02  -2.2267654e-01   2.5103371e-01  -7.3563162e-01   4.8584725e-01  -6.1666382e-01  -1.3226390e+00
   2.0000000e+00  -1.6496639e-01   1.4937099e+00  -1.1663161e-01  -2.7509299e-03  -1.5060834e+00  -1.8125832e+00   1.3435893e+00   1.1723493e+00  -3.7854125e-02   2.4723168e+00  -6.7553451e-01   1.7775519e+00   2.0291511e-01  -7.2268800e-01   5.4083667e-02  -2.2083164e+00  -1.1538190e-01   8.4329955e-01
   2.0000000e+00  -2.1394480e+00   2.3960607e-01  -8.4611828e-01  -1.4752920e+00  -2.4657252e-01  -7.5451669e-01  -2.3896290e-01   2.8507670e-02   2.3602269e+00  -4.9548598e-01  -3.6768374e-01  -1.0220848e+00  -1.2562438e-01  -1.8822406e-01   3.8204855e-01  -1.5299575e+00   9.2457841e-01  -7.3746681e-01
   2.0000000e+00   3.0054223e-01   1.4553749e+00  -7.8189217e-02   1.4714428e+00   1.8420960e+00   3.3847024e-01  -4.1348463e-01  -3.9411395e-01   5.1100272e-01   1.6909274e+00   1.3749867e+00  -2.2068349e+00  -3.9682856e-01  -4.7359650e-01  -3.7015553e-01   3.4143480e-01  -4.7778178e-01  -8.2851081e-01
   2.0000000e+00   1.6620321e+00   7.6389792e-02   2.0042038e+00   5.1876445e-01  -5.1966116e-01   3.9458103e-01   1.3709639e-03   4.7113975e-01   5.9569750e-01   1.2117163e+00  -5.7393609e-01   2.0968427e-01   4.3268063e-01  -5.4839565e-01   5.4155346e-01   6.3068337e-01   3.1997356e-02   3.9582069e-01
   2.0000000e+00  -6.9046128e-01  -1.2496617e+00   9.3670815e-01   8.5928918e-01  -6.0395009e-01  -1.5057815e+00  -8.8630506e-01  -3.8485699e-01  -1.4112975e+00  -6.3551566e-01  -2.4984922e-01   1.0379135e+00   2.3415302e+00   7.0082017e-01   3.1316324e-01  -1.1139675e-02  -9.1390891e-01   9.4814079e-01
   2.0000000e+00   1.6436322e+00  -4.2733130e-01   5.9989475e-01   5.2499748e-01  -1.3142585e+00  -1.4047327e-01   6.7144865e-01   3.0868161e-02   5.6149988e-01   7.7293239e-01   5.9890412e-01   7.0857370e-01   1.6164597e+00   2.1232713e+00  -8.6054779e-01  -2.9197165e-01  -1.1854410e+00   1.8321311e+00
   1.0000000e+00   9.1125813e-01   1.6750618e+00   1.5480013e-02  -1.2246043e-01   6.7142860e-01   6.0910199e-01  -2.3769655e-01   5.5636841e-02  -1.5198068e-01   1.0346140e+00   8.3597234e-01   1.2366720e-01  -5.6724238e-01   6.7794512e-01  -1.6114078e+00   9.7163046e-01  -3.0606419e-01   2.6548941e-01
   2.0000000e+00   1.9940191e+00   8.3664317e-01   3.4739268e-01  -1.3919418e+00  -2.1741312e-01   1.0007177e+00   1.6145067e+00   1.9664864e+00   2.2105965e+00   5.1953601e-01  -9.8820886e-01   7.9724009e-01   1.9723189e+00  -5.6450339e-01  -8.1585260e-03   1.6809484e+00   7.3781688e-01  -1.0107666e+00
   2.0000000e+00   1.7297206e+00  -7.9913429e-02  -6.7045432e-01  -4.4938867e-02  -3.3742232e-01   8.5782354e-01   6.6350744e-01  -7.7800560e-01  -1.8789228e-01  -1.5725856e+00   9.5645609e-01   2.1604520e-01   5.7678351e-01  -1.0882135e+00  -7.6207954e-01  -3.6442054e-02   1.2818487e+00  -2.7150842e-01
   2.0000000e+00   1.0609762e+00  -1.2409309e+00   3.3326396e-01   1.0595385e-01   2.1175344e+00   2.9634521e-01  -1.5383654e+00   6.1278877e-01  -3.6096258e-01  -9.3410651e-01  -5.4737883e-01   1.7050239e+00   3.9438494e-01  -4.6812454e-01  -9.0262979e-01   4.1720719e-01  -1.4292122e-01  -2.5213955e-01
   2.0000000e+00  -1.4370399e-01  -1.3828627e+00  -2.0410284e-01   7.2300629e-01   1.5144935e+00  -1.0325757e+00  -1.5180588e-02  -2.1342444e+00   6.2230789e-01  -1.1633802e+00   1.9062784e+00   3.3875714e-01   1.0184058e-01   3.8324398e-01  -1.4315802e+00  -6.0941601e-01   4.7658850e-01   3.6395888e-01
   2.0000000e+00   2.7440957e-01   3.2668080e-01  -6.8936559e-01   7.9810115e-01  -7.8750609e-01  -6.0639717e-01  -1.5137177e+00   8.8380342e-01  -5.1898730e-01   7.8991877e-01  -1.1442125e+00  -3.3342268e-01   8.6507500e-01   1.9811374e+00  -1.7478223e+00   3.1395203e-01  -5.2090590e-01   6.0603263e-01
   2.0000000e+00   9.4990981e-01   7.1989125e-02   2.5247060e-01   1.4127688e+00  -2.6962472e-01   4.5780649e-01  -1.1918652e-01  -7.6850954e-01  -9.7327877e-01  -3.5353066e-01   3.6969251e-01  -5.2073328e-01   1.0817590e-01  -9.9191627e-01   3.1297765e-01   1.9885693e+00   6.9920331e-01  -2.2156278e+00
   1.0000000e+00   5.7141679e-01   1.4483908e-01  -6.3851401e-01  -4.3494570e-01   9.0518513e-01  -1.2145550e+00  -8.1152401e-01  -3.2521100e-01   2.1048123e-02  -3.2604779e-02   3.5016250e-02   8.8786997e-01   7.2391947e-01  -4.8323640e-01   6.9565495e-01  -7.7748115e-01  -2.6200981e-01   1.0758066e+00
   1.0000000e+00  -2.5491770e-01  -1.3494511e+00   1.0102483e+00  -3.9039995e-01   1.2369683e-01  -1.0517647e+00  -4.7050037e-01   1.1828838e+00  -6.1737291e-01  -6.4130359e-01  -8.4398023e-01  -2.0168623e-01  -5.6420941e-01   8.1212157e-02  -8.5111746e-01  -3.2591326e-02   1.4184026e-01  -8.4568660e-01
   1.0000000e+00  -2.2619718e+00  -1.1860526e+00   5.0904485e-01  -1.9282432e-02   8.9878594e-02  -1.3718073e+00  -1.0497763e+00  -8.8142256e-01   1.4752298e+00   1.0730750e+00   6.1022539e-04   3.1791132e-01   6.9007478e-01   9.6714828e-01  -4.2921221e-01   6.3917554e-02  -8.0413412e-01   5.0731670e-01
   2.0000000e+00  -2.8220694e-01   4.4201052e-01  -5.8480994e-01  -3.5366754e-01  -1.1060785e+00   4.4774876e-02  -1.2538673e+00   2.6948945e-01  -1.2655074e+00   1.1451444e+00  -1.0943773e+00   2.2006496e+00   4.2669598e-01   1.8065584e+00   1.1657381e-01   1.2891036e+00  -1.1932235e-02  -5.8223452e-01
   2.0000000e+00  -5.7959569e-01   1.3216150e+00   8.3703714e-01  -3.2027844e-01  -8.8099957e-01  -1.9722185e-01   4.0315137e-01   1.7474200e+00   6.5422811e-01   6.7788480e-01  -6.6885139e-01  -2.6653130e-01   1.9546662e-01   6.7810518e-01   6.2823970e-01   3.7477974e-01   7.8371219e-01  -4.8122092e-01
   2.0000000e+00  -1.3457082e+00   5.1106008e-01   8.6867092e-01  -9.0643429e-01   1.2333334e+00  -6.5341679e-01   7.7614517e-01   2.1019019e+00  -2.1732593e-01  -3.8946327e-01  -1.1139615e+00   1.0377356e+00  -1.5813704e+00   3.1731564e-01  -1.5835594e+00   6.0462345e-01   1.1389903e+00  -2.3984592e+00
   2.0000000e+00  -1.5791235e+00   8.1754543e-01   4.3515320e-01  -9.2392985e-01  -1.8879947e-01   1.0100201e+00  -5.7833074e-01   1.8934788e+00  -4.5190469e-02   1.5276889e+00   1.6074543e+00   1.1682616e+00   4.5207074e-01   5.2358990e-01   1.9413220e-01   1.4548223e+00  -5.5522971e-01   4.5363298e-02
   2.0000000e+00   9.5037137e-01  -5.7299917e-01   5.9132112e-01   9.4277559e-01   3.3148726e-01  -2.9457483e-01   3.9783000e-01  -1.7800164e+00  -4.2517958e-01  -3.5192353e-01   5.2593169e-01  -9.5397741e-01   5.2863810e-01  -1.5239564e-02  -8.6835602e-01  -4.3669219e-01  -2.1149576e-01   3.9386021e+00
   2.0000000e+00  -1.0327053e-01   1.3364930e+00  -8.2039038e-01  -1.2111512e+00  -3.9895013e-01  -1.8748257e+00  -2.6895492e+00  -1.5457461e-01  -2.4918085e+00   1.9991329e-01  -9.4148069e-01   3.8664004e-01  -7.7245902e-01   1.3153645e+00  -2.1739023e-01  -6.0209836e-01   1.3985569e+00  -9.1977744e-01
   2.0000000e+00  -3.7077111e-02   1.7250287e+00  -8.1684073e-01  -9.0305843e-01  -6.5585293e-01   2.9351946e-01   7.3245045e-01   1.2973632e+00   8.4222782e-01   4.1484714e-01  -1.2796762e+00   1.5079288e+00  -7.9394559e-01  -4.5894552e-01  -6.0008394e-01   1.8402214e+00  -6.5201324e-01  -2.1238601e-01
   2.0000000e+00  -5.3335857e-01   5.4179709e-01  -1.7458956e+00   3.9527175e-01  -4.9618885e-01  -9.3705473e-01   6.4585860e-01   7.0198729e-01   2.0103318e+00  -8.8763792e-02   1.8594766e-01  -1.3707281e+00   2.7952937e-01   9.0920767e-01  -7.8903225e-01   1.3427036e+00  -2.4858883e-01   4.8079944e-01
   2.0000000e+00  -5.7238293e-01   1.2678980e+00  -1.8889979e+00   1.2352282e+00  -3.8708458e-01  -3.5027864e-01   7.8851794e-02  -1.0036372e+00  -9.4700247e-01   3.5571983e-01  -1.6589129e+00  -1.7486893e+00  -5.5849743e-03   8.9519744e-01  -1.0670042e+00   1.9183609e+00   1.6015400e-01   4.1070058e-01
   2.0000000e+00   3.5239486e+00  -9.6237206e-01   1.1795817e+00  -5.3526679e-01  -9.9288391e-01   1.6261056e+00  -5.6649285e-01  -3.2822139e-01   1.4712235e-01   4.1846957e-01  -8.8738631e-02   7.3186382e-01   9.2216956e-01   2.3279763e-01  -2.2583037e-02  -8.2876514e-01  -4.8058644e-01  -1.1721838e+00
   2.0000000e+00   1.1824124e+00  -9.2485509e-01  -3.1302594e-01   1.7533493e-01  -3.8910749e-01  -9.8980582e-01  -9.9018497e-03  -7.1900030e-02  -3.5537928e-01  -1.8074008e+00  -4.1038338e-01  -2.7717521e-01  -3.0015692e-01  -5.5103456e-01  -1.0811829e-01   9.2742580e-01  -2.7275766e-01  -6.9269112e-01
   1.0000000e+00   1.9463035e+00  -1.5167068e-01  -7.1721185e-01   2.5100650e+00   4.7163328e-01  -1.2207539e-01  -8.3997537e-01   1.2060330e+00   1.4866138e-01  -2.1841976e+00   4.8520385e-01  -9.7368174e-01   7.1078368e-01  -5.4543343e-01  -7.5298020e-01  -1.0516704e+00   1.9277352e-01   1.3228854e+00
   2.0000000e+00   1.1471555e+00  -2.9337884e-01  -6.0516751e-01   1.3869651e+00   9.8915346e-01  -4.5342827e-01  -4.0938975e-01   7.8449669e-01   3.6642240e-01   2.8818093e-01   1.1180655e+00   1.4071006e+00   1.3847121e+00   8.0788024e-01   1.8410693e+00   6.8263378e-01   1.4969651e-01   7.5698139e-01
   2.0000000e+00   1.2363416e+00  -6.5630693e-01   8.9071358e-01   2.0796188e+00   1.0099613e+00  -6.2800158e-01   2.7210534e+00  -1.1027611e-01   6.3867803e-02   5.2867071e-01  -2.3495307e+00   7.1316728e-01   7.5704820e-01  -1.0090943e+00  -2.5778673e+00  -1.1442153e+00  -5.7212084e-01  -4.1080305e-01
   2.0000000e+00  -1.7828388e+00  -6.4984098e-02   8.5961305e-02  -4.1382085e-01   9.5035748e-01  -1.8839124e+00   3.0248229e-01   1.9768561e-01  -4.9638720e-01   6.3054227e-03  -1.7383657e-01   4.4741474e-01   1.6973355e-01  -9.8766587e-01  -1.4902030e+00   6.6750367e-01  -8.7493406e-01   3.1288083e-01
   2.0000000e+00  -6.4876776e-01   1.3728209e+00   9.8486963e-01  -7.0747988e-02  -1.3312637e-01  -8.2969325e-01   2.6826035e-01  -7.0216577e-01   1.1903027e+00  -8.4918781e-01  -1.2253704e+00  -1.7014786e+00   9.4904809e-01   1.3706623e+00   5.7460924e-01  -1.5661509e+00   1.6585233e+00   2.8064781e-01
   2.0000000e+00   9.7087992e-02   1.3591796e+00   2.7823754e-01   2.8256862e-01   2.2404929e+00  -3.2647171e-01   6.3421231e-01   1.8732289e+00   2.6172950e-01  -1.7876509e+00  -2.4029507e-02   3.8766425e-01   3.2402774e+00   9.1443358e-02  -9.2390703e-02   1.5534303e-01  -6.3435774e-01  -9.5348345e-01
   2.0000000e+00   1.1746823e+00   3.0313625e-01   5.0832187e-01  -7.8822710e-01   1.0302921e+00  -1.2653100e+00  -3.8667976e-01   1.8117970e+00  -8.8894912e-01  -9.9567456e-01   1.3213611e+00   1.2336373e+00   2.9620063e-01  -7.7093337e-01  -6.6861361e-01   4.3835759e-01  -9.4340934e-01   2.9801254e-01
   2.0000000e+00  -1.7302056e-01   2.4152784e+00  -4.9537799e-01  -1.2995111e+00  -9.3306787e-01   1.1237086e-01   1.4427416e+00   1.3856532e+00  -5.0003175e-01  -1.1888141e-01   1.0294628e+00  -1.7423010e-01   5.5834725e-01  -1.7677816e+00  -2.9444511e-01  -1.1454245e+00   6.2550551e-01   8.0874616e-01
   2.0000000e+00   4.5113596e-01  -2.1145046e+00   1.2670825e+00  -1.8080898e+00  -1.2492889e+00  -2.6749085e-01  -1.1952730e+00   4.2500286e-02   6.5767857e-01  -4.8421019e-01   4.9962762e-01  -1.5475262e+00  -1.0177018e+00   3.0775114e-01  -9.0947942e-01   4.8681550e-01   1.2706640e+00  -1.2867051e+00
   2.0000000e+00  -1.0062691e+00  -1.2697697e-02  -8.0844361e-02   4.6685377e-01  -3.7780336e-01  -5.2449199e-01   6.2521405e-01  -1.4807499e+00  -4.5152880e-02  -2.1680151e+00   1.1841359e+00   9.8797119e-01  -8.7128324e-01   1.0611301e+00   4.5301892e-01   9.4076987e-01  -6.9185112e-01  -1.9806413e+00
   2.0000000e+00  -1.1570254e+00   4.2188685e-01  -5.5174615e-02   4.8572422e-01  -5.9839778e-01  -6.3191789e-01   6.2618288e-01   1.2607875e+00   1.2209941e+00  -3.8279118e-03   1.2700813e+00  -9.5189854e-01   4.7747678e-01   1.3029061e+00   1.6674983e-01   2.1064172e-01   1.4097842e+00   1.1779522e-01
   2.0000000e+00   4.7580740e-01   1.2250660e-01   9.5911393e-01  -6.0030788e-01  -7.7645937e-03   3.7716800e-01   1.7879524e+00   1.9291355e+00  -3.4810648e-01  -1.0745759e+00   8.2038279e-01  -7.9806856e-01  -4.2732578e-01   7.9750292e-01   1.8967160e+00  -1.3707535e+00  -4.9936462e-01  -1.0941230e+00
   2.0000000e+00  -1.5255133e-01   1.1082794e+00  -1.0455852e+00  -3.6543864e-01  -4.6102939e-01   1.4115845e+00   1.5981693e+00   1.4342310e+00  -1.3971937e-01  -4.3632437e-01  -2.5708761e+00   1.4489621e-01  -3.9657239e-01  -1.0027668e+00   1.8094922e+00   2.8837499e-01  -1.0052055e+00   3.6670031e+00
   2.0000000e+00   1.3260821e-01   1.1346193e+00  -7.0558649e-01  -5.1929079e-01   1.0813447e+00   1.2294780e-01   2.1915268e-01   8.4519566e-01   1.1725425e+00   1.2500110e+00   8.8987657e-01   9.4200566e-02  -2.6567951e-02   2.0163174e+00  -1.3229362e+00   2.8009566e+00   6.1717821e-01   9.1883644e-01
   2.0000000e+00   1.2932277e+00   6.1765845e-02  -1.1334129e+00  -1.2127631e-01  -5.2789306e-01  -8.0896928e-02   2.3303990e-01   4.5265044e-01  -5.2793153e-01  -1.5184453e+00  -2.1766470e+00   3.5810514e-01  -9.0590209e-01  -3.2486738e-01  -7.1524695e-01  -6.7258835e-01  -3.0595547e-02  -1.6107302e-01
   2.0000000e+00  -1.0054382e+00  -3.6744395e-01  -1.1972117e+00   1.1336704e+00   1.3601719e+00  -5.5196999e-01   1.1148821e+00   3.4844004e-01  -7.5440716e-01   1.4308792e+00  -5.1523446e-01  -1.2776004e+00   8.7408919e-01  -7.8579436e-01   4.6755083e-01  -5.6586678e-01  -2.9573954e-01   6.5765763e-01
   2.0000000e+00   2.7753488e-01   7.5685632e-01   7.6134283e-01  -2.6014475e+00  -2.4210062e-02  -8.4697102e-01  -5.3097469e-01  -6.7152461e-01   1.6484860e+00   3.2650221e-01   2.6827107e-01   1.9398334e+00  -1.4831151e+00  -4.9129588e-01   5.0466896e-01   1.2616863e+00   1.8328667e+00  -1.0657847e+00
   2.0000000e+00   8.9814116e-01   9.6687700e-01  -1.0255872e+00  -1.7432117e+00   8.3302392e-01   1.5639878e+00  -4.2400106e-01  -8.6256115e-01  -1.3865005e+00  -1.0334512e+00   6.1299619e-01   7.6011221e-01   8.1180520e-01   9.5911992e-01   1.1169699e+00   4.8187700e-01  -1.5054967e-01  -2.0361128e+00
   2.0000000e+00   2.0575325e-01   9.1353842e-01   8.7050938e-01   2.4495537e-01   2.1825783e+00  -1.1658540e-01  -8.4390565e-01   9.3530897e-01   5.6762799e-01  -7.5681506e-01   1.5812415e+00   5.3398397e-01   1.5925961e+00   6.6276983e-01  -9.6311577e-02   1.2073508e+00  -1.3569807e+00   1.4489389e+00
   2.0000000e+00  -1.0620374e+00   9.6511110e-01   4.0235917e-01  -8.2594429e-01   5.1750236e-01  -1.1012394e+00   1.4676645e+00   6.9672654e-01   1.2101934e+00  -1.4500923e-01   1.4761957e+00  -5.8973160e-01   1.3943827e+00   1.5075322e+00  -4.3386580e-01   1.6694276e+00  -1.2109362e+00   7.6091343e-02
   2.0000000e+00   1.9490118e-01  -4.2371833e-01   2.3937942e-01   7.7006865e-01  -8.7988873e-03  -8.2143427e-01   9.5418820e-01   4.6471993e-01  -6.9767874e-01   1.8403093e+00   1.1423437e+00  -3.6253589e-01   1.5435003e-01   4.0335558e-01  -1.8893836e+00  -4.8607438e-01   3.8783304e-02  -2.0344066e+00
   2.0000000e+00  -6.2185803e-01  -7.7150804e-01   9.7960073e-01  -3.6695863e-01  -1.6626704e+00   5.5445039e-01  -8.7300493e-01  -8.4080488e-01   9.9839068e-01   3.4035456e-01  -4.7587341e-02   3.0990624e-01   1.0949347e+00   2.2829594e-01   8.7797608e-01  -1.4756385e+00   8.1694107e-01   2.1564185e-01
   2.0000000e+00  -5.5201011e-02  -6.6494516e-01  -2.3037772e-01   1.3719709e+00   1.3200462e+00  -1.5574750e-01   1.0522113e+00  -8.7239569e-02   1.1753350e+00   3.0147204e-01  -2.9434993e-01   1.0960493e+00  -1.3253662e+00   7.5436490e-01   2.3919794e+00   2.0485288e-01  -1.2565192e+00  -1.2665272e+00
   2.0000000e+00  -3.3657343e-01   1.7670602e+00  -7.2907149e-01  -5.8652776e-01  -6.4278433e-01   1.1569575e+00  -9.8922294e-01  -8.1138526e-01   1.1488293e+00  -8.6349403e-01  -3.3493717e-01  -9.6193552e-01  -7.0031799e-01   4.7509081e-01  -5.5508734e-02  -1.4161475e+00   7.2263487e-02  -1.9784568e+00
   2.0000000e+00  -1.2588603e+00  -3.5835131e-01   1.9973328e+00  -1.0482275e-01  -3.8576105e-02  -6.9320689e-01  -8.8712187e-01  -8.6188357e-01  -4.1864051e-01   9.9912468e-01  -1.7281505e+00  -2.0531654e+00  -8.9333174e-01  -1.3406107e-01   2.8821784e-01  -7.9210473e-01   1.1437446e+00  -1.9094868e+00
   2.0000000e+00   7.5695624e-01  -4.1141519e-01   1.6591417e-01  -3.4314112e-01   3.2912641e-01  -5.0343186e-01  -1.9824406e-01   1.8047029e-01  -1.3376330e+00  -6.8451432e-03  -2.5888306e+00   2.5091746e-01  -3.8862627e-01   9.5719984e-01   7.9602717e-01   2.1506384e+00  -1.7719668e+00  -1.8256933e+00
   1.0000000e+00  -1.6557390e-01  -1.1998980e+00   1.0450662e+00   4.7082420e-01   5.8278954e-01   4.0994691e-01  -1.6165079e+00  -6.9992289e-03  -4.9336834e-01  -1.6255889e+00   1.0030999e+00   3.1569604e-01   1.1705775e+00   1.4971794e+00  -1.1740369e-01   6.0177960e-01   3.0573139e-01   1.0421857e-01
   2.0000000e+00  -1.3487227e+00   6.6170127e-01  -7.9813234e-01   9.0340913e-01   9.9549610e-01  -8.3450489e-01  -6.8171259e-01  -4.5532267e-01   1.5609017e+00  -2.0365750e-01   1.4894114e+00  -9.0720044e-01  -1.1337868e-01  -5.6587548e-01   7.1118487e-01   2.3332097e+00   3.9630080e-01  -1.1201754e+00
   1.0000000e+00   1.2904168e-01   1.9138845e+00   6.7270562e-01   1.2537314e-01   2.3157716e-01   1.1151606e+00  -3.0420544e-01   1.1172110e+00   4.1340724e-01   7.7855330e-01   3.6806604e-01   6.4132387e-01   1.2135295e+00  -2.1239920e-01   1.8441699e+00  -1.0126545e+00   7.6716300e-01  -5.1329977e-01
   2.0000000e+00  -2.4349079e-01   5.4140549e-01  -6.1316139e-01   6.7755181e-01  -3.7980184e-01  -1.0638243e+00   4.3297860e-02  -1.1410584e+00  -1.6437059e+00  -5.9933652e-01   2.0999210e-01  -1.8314429e+00  -8.8944732e-01   1.0528937e+00   1.6209300e+00  -5.4440162e-01   2.5996756e+00  -8.1556489e-01
   2.0000000e+00  -9.0320737e-01  -1.2291326e+00   4.6221433e-01   1.3379300e+00  -2.2954987e-01   8.2720896e-01  -7.1002700e-01  -1.0908499e+00  -1.1127113e+00   3.0808854e-01  -7.1907603e-01  -1.1593889e+00   7.9216565e-01   7.7482738e-01  -3.0206031e-01  -7.4582830e-01   7.4300964e-02   3.2959002e-01
   2.0000000e+00   7.9266906e-01  -5.5656602e-01  -2.3736544e-01  -9.7273666e-02  -8.7024097e-02   8.8789782e-02  -1.7772465e+00  -1.5154545e+00   2.1036464e+00  -1.6122472e+00  -8.9675511e-01   3.5620565e+00  -1.3821580e+00  -1.2121423e-01   8.5516403e-01   8.3904207e-01  -1.5988023e+00  -1.2082992e+00
   2.0000000e+00  -6.5723474e-01   1.7789827e+00  -5.8985794e-01   4.1970815e-01   3.0250957e-01   1.3064536e+00  -1.7992367e-01   1.4839017e+00   1.4011181e+00  -7.6753887e-01   1.2510223e+00   1.7367274e+00  -7.7475193e-02  -3.1737825e-01  -6.3128080e-01   7.6972914e-01   1.5650929e+00   1.5564019e-01
   2.0000000e+00   3.3579469e-01   5.5572774e-01   4.3732556e-02  -1.1026659e+00  -9.5182887e-01  -7.2432519e-01   2.3367857e+00   9.1213024e-01   1.9080813e+00  -1.0780967e+00   7.0609163e-02  -2.7622427e-01  -8.3520657e-02  -2.2553591e+00   4.6959816e-01   2.0959984e+00   4.3282200e-01   1.7847616e+00
   2.0000000e+00   5.6844587e-01   1.4597815e+00  -3.3380981e-01  -5.2701817e-01  -1.7348520e-02  -1.7412139e-01   2.1411119e+00   1.7286126e+00  -3.1434283e-01  -2.2598224e+00  -1.7963968e-01   2.7060120e-01   1.3007737e+00   6.5325515e-01  -1.1748603e+00   5.7718210e-02   1.0357535e+00  -1.0168265e+00
   2.0000000e+00  -1.3410559e-01   2.5007735e-01   1.4581757e+00  -1.2273069e+00   1.3388873e+00  -1.6481632e+00  -6.5399884e-01   1.0170992e+00  -5.0038135e-01  -1.5601389e+00  -1.5617527e-01   4.0253270e-01  -1.3295888e+00   1.4685498e+00  -6.5937588e-01  -2.9807730e-01   7.2128727e-01  -8.7222403e-01
   2.0000000e+00  -9.2270765e-01  -8.4710922e-01  -3.9018526e-01  -4.3222499e-01  -2.7256765e-01   6.7510356e-01  -1.1315856e+00  -4.1333308e-01  -1.2381275e+00   2.4073386e-01   1.7305825e+00   2.1892512e-01  -6.3146808e-01   2.5126656e-01  -1.2752426e+00  -1.7350156e-01   8.4573817e-01   1.6588802e+00
   1.0000000e+00  -9.4645354e-01  -4.5977582e-01  -1.0584913e-01  -2.6709449e-02   4.2757671e-01   1.5119637e+00  -1.4108813e+00   2.8513369e-01   3.6957776e-01  -1.0367988e+00  -2.3209781e-01   7.8868120e-02  -4.6850901e-01   2.6213796e-01   2.5832655e+00  -1.5000411e-01   9.7909993e-02  -9.9663789e-01
   1.0000000e+00   1.1770442e+00   2.2693433e-01  -9.2945490e-01   8.2510281e-01   3.1280357e-02  -1.3685386e+00   4.5810433e-03  -4.2137535e-01  -1.0373770e+00   9.6888698e-01  -6.0118055e-01  -1.5370876e-01  -6.1400778e-01   4.4597476e-01  -2.0681287e-01  -4.0678658e-01   6.1468799e-01   9.4325372e-02
   2.0000000e+00   1.7642608e+00   1.0506524e+00  -1.1353391e+00   2.3085968e-01   1.9607105e+00  -9.6893355e-01   2.1189658e-02  -3.6243967e-01  -2.5384873e-01   3.1462551e-01   4.5860725e-01  -7.4170492e-01  -4.1396874e-01   1.0391915e-02   3.4355924e-01   1.1841302e+00   5.2970948e-01   2.6202724e-01
   2.0000000e+00  -2.0144690e-01   1.3085502e-01  -8.3717113e-01  -2.3211206e-01  -1.8763615e+00  -1.8600606e-01  -3.5463608e-01  -2.9684845e+00   7.5823519e-01   1.1759271e+00   1.3149767e+00   5.5442524e-01  -6.8783999e-01  -3.1597504e-01   1.8141017e+00   5.7880094e-01   8.5286585e-01   1.4221998e-01
   2.0000000e+00   4.6723384e-01   4.8829741e-01   4.2812839e-01  -2.6055429e+00   3.9825280e-02  -3.6379826e-01  -3.0277591e-01  -3.7691170e-01   3.5408034e-01  -9.9188870e-01   8.2036871e-01  -5.8216123e-02   1.4313808e+00  -3.2963427e-01   2.0288658e-01  -5.7861017e-01  -1.2183019e+00  -1.4375498e-01
   1.0000000e+00   3.8160593e-01  -5.8021640e-01   9.5998184e-01  -5.2807977e-01   7.8108791e-01   9.3131382e-02   4.4795583e-01   7.4722261e-01  -1.6186026e+00   1.6787389e-01  -5.4336832e-01   1.5407711e+00   4.1226375e-02  -4.9586965e-01   1.4869560e+00  -3.5508308e-01   4.6043819e-01   2.9353850e-01
   2.0000000e+00   1.1093894e+00   1.8339005e+00   8.7780187e-01  -4.4707409e-01   6.7072668e-01   1.5451052e-01   1.2662095e-01  -8.3688625e-01  -3.6945016e-01   6.8464010e-01  -2.9201341e-02  -3.0641617e-01   9.6410471e-01  -2.7704765e-01  -2.1977402e+00  -1.3085900e+00  -2.0026684e+00  -7.9189514e-01
   2.0000000e+00   7.9083043e-01  -2.5446603e-01   5.5384502e-01   7.3962426e-01  -2.4662648e+00  -3.7285195e-01   1.4147758e+00   2.8163630e-01   1.1841632e+00   7.3064904e-01  -7.6908090e-01   9.4748218e-01   1.0350543e+00   1.4175756e+00  -6.7925980e-01  -1.2371546e-01  -1.9120881e+00   8.4455293e-01
   2.0000000e+00  -1.4303479e+00   1.7708963e+00  -4.5384705e-01   3.7555988e-01   5.0266499e-01  -4.9448886e-01  -1.2193455e+00  -5.3576374e-01  -8.0246049e-01  -6.4967806e-01   4.5990925e-01  -1.2252409e+00  -1.7242142e+00  -1.9306825e+00   7.0287013e-01  -4.2657773e-02   1.5434889e+00  -3.4536896e-01
   2.0000000e+00  -4.9637705e-01   3.4032118e-01   1.0788298e+00  -3.3511898e-01   9.1795221e-01   1.9157916e+00   3.9691629e-01   1.8134250e+00   8.9132252e-01  -8.7880852e-02   1.7566720e+00   1.7379315e+00  -3.8775515e-01  -1.7894146e+00   1.4770454e+00  -1.1583809e-01   1.3323443e+00  -1.5975203e+00
   2.0000000e+00   2.6613577e-01  -3.5920356e-01   1.0974702e+00  -1.4705684e+00  -1.9809957e+00   1.2430965e+00   1.2385481e+00  -1.9307798e+00  -6.5552107e-01  -1.1126986e-02   9.4136349e-01   1.4542740e-01  -1.6624415e-01   2.4808154e+00  -4.8010969e-01  -5.9403554e-01   1.5194151e-01  -1.0419787e-01
   1.0000000e+00   5.3152465e-01  -1.2272066e+00  -1.9905985e-01   1.6433209e+00   7.1178315e-01  -4.0733437e-01   1.5383521e+00  -1.1731444e+00   4.8898161e-01   8.1370716e-01   3.0618215e+00   3.4082757e-01   2.5004287e-02   2.9762950e-01   1.5995960e-01  -7.4342617e-01  -6.3189507e-01   6.2535911e-01
   2.0000000e+00   9.3639679e-01  -9.1875240e-01  -4.4181326e-01  -1.2730742e+00  -9.4932311e-01   2.3313517e+00   2.3522056e+00  -5.2683661e-01   4.9584586e-01   1.4364896e+00  -2.4052489e-01   2.2747853e+00   5.4062172e-01   9.9076586e-01   7.4523958e-01   9.8237512e-01  -6.8731315e-01   2.1755430e-01
   2.0000000e+00  -4.4762651e-01  -1.3175554e+00  -2.9352564e+00  -4.0037102e-01  -1.3224779e-01   2.1803335e-01   1.4341033e+00  -1.5785660e+00  -7.1860266e-01   7.3240593e-01   9.3134600e-01   1.2068890e-01   4.6785777e-02   6.5982261e-01  -6.1320977e-01   4.4774584e-02   6.9289597e-01  -1.1502175e+00
   2.0000000e+00  -1.9257055e+00  -8.8764986e-01   9.3435889e-01   1.0769827e+00  -1.2532622e-01  -2.9083999e-02  -9.0372765e-01   5.3055122e-01  -9.3925555e-01  -9.8555504e-01  -8.9424964e-01   2.3825213e-01  -1.9469961e-01   2.1883760e-01  -2.0061515e+00  -7.4385875e-01  -1.0782505e+00   1.8592371e-01
   2.0000000e+00  -1.7089054e-02  -7.8986308e-01  -1.2669178e-01   3.8975458e-01  -5.7180566e-01  -6.8708858e-01   6.0801240e-01   2.3070639e-01   9.0783510e-01  -6.0265815e-01  -1.6973793e+00   7.3735481e-01  -5.8067513e-01  -5.1407109e-01  -3.6504845e-01  -3.5463988e-02  -7.1328766e-01  -1.2562873e+00
   2.0000000e+00   7.1446541e-01  -1.1516689e-01  -6.4027251e-01   7.6879485e-02  -6.6708110e-01   7.2376768e-01   1.0091305e-01  -4.2344678e-01   9.3231447e-01   4.9547781e-01   1.8413160e+00   1.4646005e+00   9.6440603e-02   1.1055336e+00   6.2713728e-01   5.2754132e-01   1.0282309e+00  -1.8097608e+00
   2.0000000e+00  -1.7377813e+00   1.3479691e-01   6.6200867e-02   1.5352134e+00  -2.8000122e-01   3.3618320e-01  -3.1727033e-01   1.0176878e+00   3.1576030e-01   1.0397016e+00   9.3713164e-01  -5.3087646e-02   1.2912448e+00   1.6246325e-01   1.0247734e+00  -7.6963194e-01   7.5156361e-01   1.2929102e+00
   2.0000000e+00   1.9479501e+00  -4.9632704e-01   3.9726422e-01  -4.0811155e-01  -3.5562121e-01   2.8173246e-01   8.0948758e-01  -1.1879637e+00  -1.8281810e-01   1.2073530e-01  -2.2882321e-01   1.9443553e+00   4.6369672e-01   5.6799640e-01   8.5799778e-01   3.5239193e-01  -4.2970873e-01   7.4832974e-01
   2.0000000e+00   1.3528348e+00  -8.9072756e-01  -1.2022885e+00   2.5367670e-01  -9.3212274e-01   8.9105764e-01  -2.4541127e-01   1.2063972e+00   4.6280174e-01  -7.3913882e-01   2.0362637e+00  -3.1062559e+00  -6.3318175e-01  -4.7733205e-01   3.9523456e-02   5.7646762e-01  -3.1825522e-01   1.5882557e+00
   2.0000000e+00   2.2146052e-01   2.0916917e-01   2.7366810e-02  -2.3840429e-01  -6.2631767e-01  -5.2725608e-01   1.3224033e+00   4.7219847e-01  -4.6933866e-01   8.7985654e-01  -1.8967926e+00  -3.7505516e-02  -1.1919167e+00  -8.2810012e-01  -2.3892737e-01   7.3623117e-01   7.5126688e-01   8.1445633e-01
   2.0000000e+00  -3.4361421e-01  -2.4794074e-01  -8.3687600e-01   9.5377147e-01  -7.9238249e-01  -7.7389889e-01  -2.8012671e-01   1.2245713e+00   3.0876016e-01   1.6871236e+00   8.0309495e-01   3.4632605e-01  -4.8199184e-01   7.4396821e-03  -3.8321116e-01  -5.3392024e-01  -4.4000800e-01  -8.7966525e-01
   2.0000000e+00  -1.5630508e+00  -1.0367603e+00   8.9845190e-01  -9.2381070e-02  -8.0117713e-01  -1.6553516e+00  -8.7845935e-01   6.1032039e-01   9.8361587e-01  -1.1648045e+00  -6.5217288e-01  -7.9190343e-01  -4.7240151e-02  -1.3331386e-01  -4.5685418e-01   6.1971856e-01   1.0259487e+00   1.0523405e+00
   2.0000000e+00  -9.5529844e-01   1.0023977e+00  -1.4010593e+00   6.2612663e-01   7.5193385e-01   9.6306721e-01   1.7553359e+00  -7.0125800e-01   6.7147971e-01  -1.0991486e+00  -2.0812221e+00   1.2856173e+00  -1.2344548e+00   1.0500695e+00  -6.9886021e-01  -2.6951443e-02  -1.1233589e+00   2.5527146e-01
   2.0000000e+00  -8.0549616e-01  -2.4884341e-01   9.1303674e-01  -1.8720365e+00  -1.0587193e+00   1.7960222e-02  -1.8617180e+00  -2.1546814e-01   4.9879283e-02  -7.2104593e-02  -1.0561913e+00   2.4590567e-01   1.0207746e+00  -1.0861375e+00  -7.2855178e-01  -1.8440358e+00   1.8193656e-01   2.8909931e-01
   2.0000000e+00  -2.8214748e-01  -3.4020406e-01   1.5985339e-02  -3.7174265e-01  -1.9397098e-01  -1.1552028e-01  -8.4462074e-01  -1.0509460e+00   5.5015918e-03   6.5488566e-02   4.3203328e-01   7.5983880e-01   7.4955359e-01  -1.3403717e-01  -8.6448118e-01  -6.0746178e-01   1.9553573e-01  -1.4053888e+00
   2.0000000e+00  -1.2398923e+00   2.7275565e-01   3.5013346e-01  -2.2967402e+00   9.6186042e-02   1.4410252e-01  -7.1492768e-01   1.5560392e-01   6.5525385e-01  -8.4865886e-01   5.6950988e-01   6.4361225e-01   1.4994891e+00  -8.0876126e-02  -2.1390678e-01  -5.7836401e-01  -1.1172117e+00   2.6817807e-01
   2.0000000e+00   2.0236484e-01   1.3413771e-01  -7.7024722e-01   4.5192584e-01  -9.1264933e-01   1.3205189e-01  -7.7294178e-01   1.4798885e+00  -4.3450152e-01   4.7010356e-01   7.6164262e-01  -5.6112656e-02  -1.9858890e-01  -6.5799272e-01   2.1532856e-01  -9.0598390e-01  -1.6379503e+00   8.2165165e-01
   2.0000000e+00   5.3651397e-01   2.0644330e+00  -2.0132215e+00  -4.6733804e-01   1.2683681e+00   6.7488303e-01  -5.3392934e-02  -1.4668648e+00  -1.5418740e-01  -1.9309686e+00  -1.3994033e+00   1.3656466e+00  -1.4220277e+00   1.1512196e-01   5.5372554e-01   1.0176015e+00   1.2381383e+00  -1.9857810e+00
   2.0000000e+00  -1.8574631e-01   2.6154519e-02  -1.3283260e+00   1.2132326e+00   9.0549404e-01   3.4290506e-01  -1.4753075e+00   7.1356930e-01   3.1465985e-01  -1.3552860e+00  -6.0614329e-02  -4.9157054e-01  -1.6973629e+00  -5.4221286e-01  -8.0652293e-01   1.0452061e+00  -6.1748389e-01   5.7064052e-01
   2.0000000e+00  -4.6870786e-01   6.5131279e-01  -1.9702597e+00   1.7095288e+00   3.0348630e-01  -2.6059213e+00   2.1496335e+00  -7.4422089e-01  -4.9847450e-01   7.8257840e-02   9.2000722e-01  -4.9273384e-02   1.9825694e-01  -5.6754104e-01  -1.5186985e+00   2.7858467e-01  -9.7433849e-01  -3.1559949e-01
   2.0000000e+00   5.4492240e-01  -2.1488254e+00   1.0160836e+00  -1.8304465e-01  -1.1770382e-01  -7.3695166e-02  -3.5251640e-01  -1.6712242e-01  -8.2895077e-02  -6.0331255e-01  -1.2637879e+00   9.9095695e-01  -6.0750931e-01  -5.7919620e-01   2.8530093e-01   5.9573081e-01  -6.9247817e-01   4.4807984e-01
   2.0000000e+00   6.9119461e-01  -3.2148483e-01   8.4239348e-01   1.8798943e-01  -1.3267145e+00  -5.0088993e-01   5.9129902e-01  -8.1317363e-02   2.1554446e-01  -2.9164256e-01   3.3132653e-01  -1.9204193e+00   1.0413058e+00   1.7099989e+00  -1.0632800e+00   2.9009006e+00  -3.5367737e-01   7.6967877e-01
   1.0000000e+00   7.4538788e-02   7.2457328e-01   3.2579106e-01  -1.1163561e-02   3.5069342e-01  -1.4687886e-01  -7.7878908e-02  -5.5354827e-01  -1.7714790e+00  -1.0237983e-01   1.2544849e+00  -1.2488638e+00  -1.3967382e+00   1.2589669e+00   1.3163197e-01  -6.5814970e-01  -9.0191826e-01  -1.3657457e+00
   1.0000000e+00   5.1787393e-01   2.1462016e+00  -1.3592348e+00  -2.2989489e+00   5.1577612e-01  -1.3306402e+00  -1.4828966e+00   5.5764250e-01  -5.2667068e-01   1.0729168e+00   4.3267997e-01   1.4965858e+00   8.1437529e-01   1.0826630e+00   9.8487802e-01   9.3716422e-01   6.8451701e-01  -1.0009642e+00
   1.0000000e+00   2.1432278e+00  -2.5833003e-01  -6.6500841e-01  -6.9272599e-01   2.1117966e-01  -7.9802915e-01  -8.0402755e-01  -2.9030033e-01  -1.3611324e+00  -1.4149654e+00  -1.1862106e+00   2.2051566e+00  -4.0387010e-01  -1.1705257e+00   4.7408690e-01   1.3309359e+00   7.8083803e-01   3.1742277e-01
   2.0000000e+00  -6.3302781e-01  -1.9070466e+00  -9.6620503e-01   1.1366112e+00  -1.1527957e+00   7.4133749e-01   2.9147278e-01   6.6839419e-01  -2.0254208e+00   1.0138869e+00  -5.6402561e-01  -5.3566553e-02   4.1713677e-01  -8.5513071e-01  -7.7807052e-02   5.7797182e-01  -1.9832334e+00   7.3290232e-01
   2.0000000e+00  -5.8783967e-01   3.9614408e-01  -2.6049727e-01   6.9520106e-01   1.4305418e+00  -1.8540191e+00   6.1422906e-01  -8.0374855e-01   9.3385247e-01  -6.9605238e-01   8.9710334e-02   1.0466587e-02  -1.2201508e+00  -4.7482593e-01   1.3174446e+00  -1.5974332e+00   3.9259825e-01  -7.8368929e-01
   2.0000000e+00   3.5569180e-01  -2.4086638e-01   1.1742187e+00   7.0690829e-01  -1.7183166e-02  -9.3141377e-02  -1.5915708e+00   9.3481110e-01   8.0220677e-01   3.1048640e-01   1.6138338e+00  -8.5410466e-01  -1.4848061e+00  -1.9865031e-01  -8.4520497e-01   3.0838674e-01   6.5608386e-01   3.8163610e-01
   2.0000000e+00   5.8270757e-01   8.9457513e-01   1.4309808e+00   9.4255866e-01  -3.7532425e-02  -7.4931851e-02  -2.5836650e-01  -7.9956762e-01   6.1720784e-01   1.4945059e+00   1.1395673e+00   6.8973173e-01  -1.7454097e-02  -8.1809597e-01   5.4288484e-02   4.6315014e-01  -5.8617536e-01  -1.6974155e+00
   1.0000000e+00   3.9808390e-01  -2.8926684e-01  -4.3545102e-01  -2.8802411e-01   4.5874159e-01   5.5049788e-01   3.0246505e-01   1.2114373e+00   1.5040937e+00   3.2294620e-01  -5.8484209e-02   1.9084078e-01   1.4813135e+00   6.3709519e-01  -2.9329414e-01  -6.8434760e-01  -7.1376787e-01  -5.6690942e-02
   2.0000000e+00  -4.1657373e-01   1.5058049e-01   1.5689766e+00  -2.3353186e-01   2.6213973e+00  -5.6298846e-01   4.6711392e-03  -5.5679215e-01  -1.3079908e-01   1.3510686e+00   9.9075252e-02   5.5837847e-01  -1.0804974e-01   9.6947125e-02   3.5397519e-01   8.5960695e-01   1.0874286e+00   4.5304163e-01
   2.0000000e+00  -7.5324465e-01   1.0119542e-01   3.4460728e-01  -5.0649860e-02   7.5530628e-02   7.1216491e-01  -1.3159598e+00   3.7843298e-01  -1.7343267e+00  -1.3763298e+00  -8.2592551e-02  -1.1758751e+00   1.1563351e+00  -1.0436512e+00  -7.2880619e-01  -5.4917862e-01  -4.5775388e-03   2.4212219e+00
   2.0000000e+00   9.6430193e-01   1.2768175e+00  -1.0572912e+00  -1.1260019e+00   2.4789065e-01   4.8720120e-01   1.6766536e+00  -1.1758507e+00   3.2730496e-01  -2.4161169e-01  -5.8990993e-01  -5.1666702e-01   1.1104227e+00   5.9338309e-01   3.3114304e-01  -3.7459201e-01   1.4710429e+00   2.9883087e-01
   2.0000000e+00  -6.2652332e-01   8.0732718e-01  -1.8795388e+00  -6.9870468e-01  -4.5184008e-01  -5.2047714e-01   4.3085341e-01   7.2982710e-01   1.0900632e+00  -1.5201287e+00   1.0969000e+00  -2.0385945e-01   2.7477632e-01   3.1769678e-01   8.3184489e-01  -2.6121405e+00  -3.8998733e-01   6.8796565e-01
   2.0000000e+00   3.4381011e-01  -2.8172449e-01   4.2467264e-02   1.6127445e+00  -1.2114578e+00   6.1257858e-01  -3.0878881e-01   1.4465426e-02   1.5290287e-01  -8.3914959e-02  -4.1552936e-01  -1.0268494e+00   2.5960447e-01  -2.3375702e-01   1.0271194e-01   1.6650142e+00   1.7592121e-01   4.9958357e-01
   2.0000000e+00  -8.4419309e-01   4.2600287e-01   1.8383306e-01   1.0296022e+00  -1.6105076e-01  -6.6967044e-01   5.0809250e-02   9.5624053e-02   1.5219732e+00  -1.2073039e+00   2.0950978e+00   1.7425016e+00   1.4985570e+00  -6.5614830e-01   7.7428520e-01   2.6497616e-01  -2.1454938e-01   8.0960281e-01
   2.0000000e+00   1.1917619e+00   1.0636765e+00   1.1133508e-01   7.5386046e-01   2.1180763e+00  -1.7757794e-01  -3.4289431e-01   7.5262328e-01   1.1843591e-01   9.1862236e-02   4.3391943e-01   3.0217693e-01  -1.3457545e+00  -4.1380971e-01  -2.0237258e+00  -6.1908756e-01  -9.7031588e-01   1.5254638e+00
   2.0000000e+00  -2.0744475e+00   5.5237196e-01   1.6410729e-01   6.4810467e-01   1.4259369e-01  -5.1636888e-01  -1.4221932e+00  -1.7707390e-01  -1.9421851e-01   1.8768338e+00   3.5514608e-02  -1.2337881e+00   1.2110279e+00  -1.3388364e+00   2.7023423e-01   1.0687941e-01  -1.0326440e+00   7.3032113e-01
   1.0000000e+00   9.6969759e-01   8.4774187e-01   3.1963426e-01   9.2048580e-02   1.1501719e-01   1.5902140e-01   1.1101021e+00   2.8492002e-01   8.7169744e-01   2.9585293e-01  -1.5288524e+00  -1.1887208e+00  -3.1532902e-01  -9.2111561e-01   1.4602351e+00  -2.2536404e-01  -4.7203859e-01   1.0046977e+00
   2.0000000e+00  -9.2431201e-01  -9.9506111e-01  -2.8435818e-01   7.6229287e-01  -9.8262337e-01   1.4139246e+00   1.4713055e+00  -5.0438941e-01  -2.7747139e-01   2.9054557e-01   2.4308310e-01  -4.4499265e-01  -1.0985449e+00   1.1047863e+00  -1.5727969e+00   7.7833880e-01  -1.1240993e-01  -4.3715490e-01
   2.0000000e+00   7.2938012e-01   1.9671011e-02  -1.5051229e+00  -1.1582163e+00  -3.8539505e-01  -5.2634715e-01  -1.0341853e+00   6.6402997e-01  -1.3534475e+00   7.8244023e-02   1.4559770e+00   1.7020594e+00  -2.0302301e+00   1.2380787e-01  -8.4785632e-01   1.2198259e+00  -1.3120766e+00  -1.6424247e+00
   2.0000000e+00   2.2032374e+00  -7.6375906e-01   4.7526990e-01   1.3873427e-04  -1.5922702e+00   4.2060122e-01  -2.3257945e-01  -2.6612424e-01   4.2947725e-01  -8.2899976e-01  -3.0066566e-01  -1.8476630e+00   7.9986912e-01  -8.2305438e-02  -5.7451524e-01   1.2917974e+00   4.4937386e-01  -8.8855765e-01
   2.0000000e+00  -4.5938145e-02  -1.8465959e+00   8.9480869e-01   4.8039665e-01  -1.6539881e-01   5.3976819e-01  -1.5741165e-01   1.2213603e+00  -2.3701952e-01   9.9880928e-01  -1.3635574e-01   1.7659247e-01   1.8387652e+00   6.5506402e-02   1.6044155e-01   8.5233450e-01   4.0641302e-01   2.0608205e+00
   2.0000000e+00  -4.5525860e-01   4.3860313e-01  -1.3285629e-01  -1.4650199e+00  -5.4110186e-01   5.3509266e-01  -5.6557115e-01  -2.1226534e-03   5.0947585e-01   1.3435216e+00   2.7798606e-01  -4.1277826e-01  -2.0950406e-01   2.0627682e+00   1.1270317e-01   2.9894917e-03   1.4661607e-01  -8.0265479e-02
   2.0000000e+00  -6.9332411e-01   1.1345435e+00  -1.7789237e+00   2.8451446e-01  -3.3646534e-01  -1.2994182e+00  -5.1961764e-02   3.8000290e-01  -1.1129950e+00   7.6322149e-01   2.4097707e-01   6.5772902e-01   5.0709807e-01  -6.2590674e-01   8.7271688e-01  -3.8544950e-01  -4.8520464e-01   1.2034275e+00
   2.0000000e+00  -4.2625240e-01  -1.6369848e+00  -1.6472109e-01  -9.3320893e-02  -9.5399308e-01   1.9265119e+00  -9.9930160e-01  -1.3026419e-01   2.2580408e+00  -1.6421190e-01   1.3856611e-01   9.6556280e-01  -8.7521094e-01  -3.6524132e-01  -2.2365791e-01  -5.2775583e-02  -2.2731563e-01  -1.0936744e+00
   2.0000000e+00  -1.0549768e+00   9.6633777e-01   7.4202111e-01  -8.3756096e-01   8.3806532e-01   1.1046300e+00   1.5231646e+00   2.4862081e-01  -5.4451153e-01  -2.0487458e+00  -4.1366039e-01   3.0983311e-01  -1.2906060e+00   5.0510456e-01   1.4379037e+00  -3.4666656e-01  -1.4665915e+00  -3.2967070e-01
   1.0000000e+00   1.2895605e+00  -2.8112275e-01  -1.4064651e+00  -1.2638151e+00   2.9890292e-01   2.4061217e-01   9.4964321e-01  -2.8818202e-01   5.5262704e-01  -3.8132578e-01  -4.1032483e-01   5.9179043e-01   1.1928942e+00  -7.2346474e-01  -3.2898347e-02  -3.2191970e-01   4.7603471e-02  -1.0066597e+00
   2.0000000e+00  -1.3556330e+00  -4.6237320e-01   5.4606462e-01  -1.2378458e-01   1.4195976e+00   3.1994307e-01   1.2262001e-01   1.6298249e+00   5.4036010e-01   3.6293823e-01  -2.1283932e-01  -2.5076401e-01   1.2234332e-02  -4.8761898e-01   5.7655352e-01  -1.0518245e+00   9.9266963e-01  -6.7685055e-01
   2.0000000e+00  -1.2794847e+00   6.6407009e-01  -8.2919230e-01   1.1923292e+00   8.3610944e-01   8.6816461e-01   7.9117679e-01   3.8402997e-01   2.5071277e+00   1.0228305e+00   3.3166539e-01   2.9072334e-01   1.4602372e+00  -1.9471969e+00  -1.0326691e-01   1.2740143e+00   9.7538934e-01   1.8025097e+00
   2.0000000e+00  -3.6694083e-01   6.3653125e-01  -5.7799435e-01  -1.6525813e+00  -7.3980963e-01   3.7815888e-01  -2.3405990e-02   1.2403797e+00   5.5661087e-01  -1.3755089e+00   2.5875539e-01  -1.5378149e+00  -7.9029124e-01   1.8399558e+00   4.5010895e-01  -6.3184432e-01   5.1729127e-01   1.9429871e+00
   2.0000000e+00  -1.1673501e+00  -1.5897335e+00  -1.2673768e-01   3.0923458e-01  -1.7969997e+00   1.1205452e+00   9.9997995e-02   9.2121783e-01   2.7519556e-01   1.0836965e-01  -3.2460197e-01   1.2926559e-01   1.6548219e+00  -1.2605433e-01   3.2153781e-01  -7.4989505e-01  -2.0694048e+00  -5.2224770e-01
   2.0000000e+00  -5.0334636e-02   1.5308797e+00  -8.9464246e-01   6.7959815e-01  -3.3781725e-01  -3.2639042e-02  -9.5669003e-01  -1.7858630e-01   6.0474385e-01   9.3953785e-01   1.4029564e-01  -2.8454766e-01   1.6815117e+00  -5.4825445e-02  -2.4268930e+00  -6.4842027e-02   1.8589915e+00  -9.2073512e-03
   2.0000000e+00   1.8764043e-01  -1.4208030e-01   1.0301090e+00  -5.0487898e-01  -1.7899321e-01   1.5419704e+00  -1.2624365e-01   6.8546272e-01   1.2625866e+00   1.2155661e+00   2.6514125e-01   1.4345285e-01   6.9084013e-01  -1.4608968e+00  -1.7505903e-01   3.1118274e-01  -8.6340362e-02  -1.1149749e+00
   2.0000000e+00   2.3188092e-01   1.4470821e-01   1.2189851e+00  -4.7673115e-01  -1.7336537e+00  -9.3948704e-01   1.4342065e+00   1.8242984e+00  -6.0522836e-01  -7.9870703e-01   2.3236162e+00  -9.5288257e-01   1.7607723e+00   1.6276960e-01  -5.5073032e-01  -5.8942933e-01   2.5982342e+00   2.5637290e+00
   2.0000000e+00   6.6105082e-01  -9.6333698e-01   7.0160455e-01  -4.4743315e-01   9.3838721e-01  -7.5369783e-02   5.9181638e-01   5.6845689e-01   6.3192300e-01  -8.3244837e-01  -2.9788634e+00   8.0114011e-01  -2.7145875e-01  -5.0414835e-02   1.6063825e-01   1.3845175e+00   8.4007041e-01  -1.3624326e+00
   1.0000000e+00  -1.9792671e+00   1.1672744e+00   9.5832050e-01   1.5516098e+00   5.8984652e-01   5.1916112e-02  -1.9282985e-01   1.6751783e-01   2.0453061e+00  -8.5009698e-01   8.5257576e-01  -9.4953424e-01  -9.4636248e-01   5.7458651e-01   1.8750635e+00   1.3061778e+00   8.4727862e-02  -8.4246800e-02
   2.0000000e+00  -1.8151328e+00  -1.9576585e+00   1.7300773e+00  -5.8855237e-01  -5.0196938e-01  -4.7610953e-02  -1.4441604e-01  -1.5398724e+00  -4.4451701e-01  -4.6003641e-02  -7.0295360e-02   3.3888939e-01   4.1943772e-01  -9.9268538e-01   1.0161444e-01  -4.9597103e-01   2.5846805e+00  -2.3542103e-01
   2.0000000e+00   8.6087232e-01  -1.2099027e+00   4.0332569e-01  -2.4171363e-01   8.7382596e-01  -1.1779512e+00  -1.9927547e-01  -6.0033786e-01   5.7499238e-01  -1.0445105e+00  -9.0334188e-01   1.9159402e+00  -1.6235888e+00   5.4490560e-01   1.7676354e+00  -2.6450240e+00   2.1160418e+00  -4.6185805e-02
   2.0000000e+00   4.7635868e-01  -9.4832596e-01   1.1340393e+00   9.3090410e-01   2.6579302e+00  -2.9983313e-02   3.5592104e-01   2.9013996e-01  -5.6993800e-01  -6.7564112e-01  -5.4432822e-01   1.2556676e+00   3.1328035e-01  -1.6853400e-01   4.0834191e-01   1.1106506e+00   3.2876309e-01   2.9147224e-02
   2.0000000e+00  -9.3688190e-01   6.2650002e-02  -8.0713986e-01   1.0749571e-01  -2.3562198e-01  -4.8868336e-01  -4.6366658e-02   4.0952833e-03   3.9591202e-01  -4.9657632e-01   1.1278300e+00  -7.0068930e-01   9.1156917e-01   1.3208930e+00   1.0714076e+00   1.2085738e+00  -3.6599248e-01  -1.2632696e+00
   2.0000000e+00  -1.6060234e+00   1.9012719e+00  -5.2324495e-01   6.2474676e-01   1.2603410e+00  -4.9819223e-01  -2.0161167e+00  -8.8721867e-01   1.3855768e+00  -5.1762388e-01  -2.8006067e-01   1.8257595e-01  -1.6035884e+00   1.7010048e+00   1.1892623e+00  -1.3828123e+00   9.4011488e-01  -9.4353992e-03
   2.0000000e+00   1.1738709e+00  -1.8346670e+00  -2.0998863e-01  -1.1748526e-01   3.0340732e-01   4.6575463e-01  -1.1553069e+00   3.3326370e-01  -2.1217332e-01   3.3099325e-01   1.7269751e+00   6.2856432e-01   5.3350034e-01  -8.6725692e-01  -8.5566579e-01  -1.6683218e+00  -2.6230163e+00   2.8631412e-01
   2.0000000e+00   1.1551790e+00  -2.1836974e-02  -1.7220542e+00   1.0946743e+00  -1.4901763e+00  -1.4318747e+00  -2.1195142e+00   1.4291728e+00   2.4399367e-01  -1.0545297e+00   2.0802870e-01  -1.3440757e+00   6.1080789e-01  -5.2055009e-01   3.1556514e-01   6.5938434e-01  -2.2255146e+00  -6.1575950e-02
   2.0000000e+00  -7.0081536e-01   3.0265873e-01   1.1328327e+00   5.6129483e-01  -4.8318070e-01  -1.9725630e+00   2.4825905e-01   2.5124949e-01   7.2276467e-01   4.9976366e-02  -1.0170922e+00  -1.0212622e+00   1.1834382e+00  -1.5830305e+00   2.0972789e-01  -2.2349702e-01   2.3988388e+00  -3.7255345e-01
   2.0000000e+00  -8.2033127e-01   8.3562734e-01   5.2542730e-02   3.3608888e-01  -1.4790312e+00  -8.6318618e-01  -6.3879328e-01   1.1619735e+00  -7.6054754e-01   7.1666680e-01   1.1404762e+00  -1.1364884e-01   1.3584103e-01   1.2569928e-01   9.0932816e-01  -8.3288721e-01   5.9367696e-03  -4.8282979e-01
   2.0000000e+00   3.5274109e-01  -9.8361412e-01   3.3181904e-01  -8.4848985e-01  -4.3045744e-01   2.6333991e+00  -1.7335500e-01   5.0693301e-01   1.2084461e+00  -7.5130611e-01  -8.0892557e-01  -4.2687285e-01   4.0545868e-01  -2.0843501e+00  -1.9573931e+00   1.3222900e+00  -5.6675269e-01   1.7004966e-01
   1.0000000e+00   1.8889870e+00   2.8784586e-01   5.8875855e-01  -6.5791193e-01   6.8943654e-01   8.0846817e-01   3.7025607e-01   1.4809703e+00   7.2436066e-01  -2.4235258e-01  -4.3942122e-01  -2.1725899e-01   9.6046904e-01   6.1061599e-01  -2.7251173e-01  -2.0553798e-01   7.2268212e-01   6.4461966e-01
   2.0000000e+00  -3.1418194e-01  -2.3515636e-02  -5.4560897e-01  -7.0404744e-03   5.8420084e-01   9.0824267e-01  -1.3680685e-01   2.4102899e-01  -2.3541508e+00  -3.6822409e-01  -3.7715047e-01   2.0343150e+00  -1.5914148e-01   6.0560791e-01  -1.6670000e+00  -3.3496486e-02   1.1559081e+00  -1.8050983e-01
   2.0000000e+00  -7.9150573e-01  -4.2287984e-01  -7.1215457e-01   1.2839966e+00  -1.1964521e+00  -3.4475043e-01  -3.8328327e-01   6.9608880e-01  -1.4514416e+00  -7.7329966e-01  -3.1193955e-01  -1.5626074e-01   1.5610159e+00   1.1446244e+00  -1.3187527e+00  -1.5674672e+00   4.5173224e-01   1.7395765e-01
   1.0000000e+00  -1.6751119e+00   1.4175034e+00   6.6975638e-01   4.7358448e-01   5.3556634e-01  -9.0595708e-01   1.1618371e+00   3.3971196e-01  -1.5625006e+00  -1.0556190e+00  -6.7760612e-01  -5.7719308e-01   6.6064425e-01  -9.7160596e-01   1.6350065e+00   1.3126400e+00   3.5413675e-01   3.1656706e-01
   1.0000000e+00   2.4361819e-01  -7.5817204e-01   3.5774604e-01  -2.3004136e+00   8.3616119e-01   6.2546428e-01   1.3832932e+00   1.3836074e+00  -3.7615882e-03  -1.9988718e-01  -1.5778101e+00  -5.5397515e-01   1.2946317e-01  -8.0557902e-01   4.7912965e-01  -6.0677580e-01   2.9425025e-01   1.7876573e+00
   2.0000000e+00   7.0843187e-01   1.8614208e-01   5.8685611e-01  -7.4900360e-02   1.0116599e+00  -1.2413418e+00   1.2050065e-02  -9.3449582e-01   1.8434326e+00  -1.6459406e+00   1.0096053e+00   6.2230624e-02   1.3750997e+00  -2.6396591e-01  -3.4953220e-01   4.6779979e-01   7.0288209e-01  -1.1118806e+00
   2.0000000e+00   4.2974949e-01   1.3938848e+00  -1.4735524e+00   3.4369724e-02   1.3956046e+00  -9.6875843e-01  -5.4030083e-01   7.4696688e-01  -1.6136761e+00   2.6118111e+00  -3.4750548e-01  -2.2915609e+00   8.8801925e-01  -1.1115644e+00   1.1121937e+00   5.1318225e-01   2.5785627e-01   3.5925620e+00
   2.0000000e+00   4.9693357e-01   7.4775203e-02  -1.4472845e+00   2.5666727e-01  -6.1377579e-01   5.9040223e-01  -6.3386326e-01   5.0539615e-01  -1.2115862e-02  -1.8032680e+00  -1.8531446e+00  -1.2907786e+00  -7.5657106e-01  -1.1947579e+00  -2.1800245e+00  -1.2627228e+00   1.4900916e+00   1.3640254e+00
   2.0000000e+00  -8.5474202e-01   1.2133964e+00  -2.6539744e+00  -4.5007423e-01  -7.8132320e-01   1.2563966e+00   2.1471371e+00  -1.2541029e+00  -2.2038800e-01  -1.6243164e+00  -2.0538343e-01  -5.0559540e-02  -1.1494500e+00  -6.5502298e-01   1.0885264e+00  -6.9792780e-01  -3.2116392e-01  -2.9131872e-01
   2.0000000e+00   3.3108061e-02  -9.5490876e-02  -1.3146593e+00   2.1051634e+00   7.2481584e-02   1.2246443e-01  -8.9259260e-01  -8.9343388e-01  -5.9730065e-01   3.0297137e-01   2.8073996e-01  -1.0239895e+00   7.0409748e-01  -8.7010252e-01  -1.3738351e+00  -1.3020512e+00  -1.7534324e+00   5.8229859e-01
   2.0000000e+00  -2.2526956e-01  -1.3306863e+00  -8.9902290e-01   1.3473921e-01  -2.0227042e+00  -7.7852894e-02  -7.6037115e-01   1.5892888e+00  -9.9850838e-01   1.7841365e+00  -1.0773280e+00   4.8116992e-01  -1.0313923e+00   3.4078126e-01  -8.4015814e-03   7.1903787e-01   3.8290746e-02  -1.4419765e+00
   1.0000000e+00   1.2805505e+00   6.6775546e-01   1.0904956e+00  -2.2045315e+00   5.4341123e-01  -1.1258077e-02  -2.1986524e-01   5.2221541e-01   3.3847836e-01  -1.4368839e+00  -7.8884305e-01   1.2776344e+00  -5.4814425e-01   1.1100728e+00   1.9240294e-01  -1.5104910e+00   1.1622352e-01   2.5442232e-01
   2.0000000e+00  -3.2468285e-01   3.6632684e-01   4.9797078e-01  -8.4745001e-01   5.8932347e-01   2.4949301e-01   1.1361457e+00   4.1636561e-01   1.0152315e+00  -2.0899167e-01  -8.4538222e-01  -3.9958394e-01  -4.1297283e-02  -2.2773254e-01   4.3074329e-01   5.7481048e-01  -2.1955672e+00  -7.8128879e-01
   2.0000000e+00   1.9454392e-01  -1.3684860e+00  -4.8005371e-01   3.4729889e-01   4.4068220e-02   1.3435748e-02   2.4820952e-01  -1.3659341e-01   5.4902506e-01   2.5027474e+00  -5.4253644e-01   6.1000451e-01  -1.1505775e+00   1.6939405e+00   4.5320960e-01   8.7035650e-01  -1.6581397e+00  -9.9928717e-01
   2.0000000e+00   7.2767327e-01  -4.5741733e-01  -4.9033548e-01   1.0951952e+00  -1.4773783e+00  -5.6350959e-01  -2.7454306e+00   2.9331086e-01   2.3732676e-01   1.0794652e+00   2.1467522e-01  -2.6556663e-03  -1.9001476e-01  -4.0494009e-01   2.1632163e-01  -1.0288002e+00  -8.2683465e-01  -1.1566455e+00
   1.0000000e+00   2.0248496e+00  -5.7623437e-01   3.6972258e-01  -9.9474745e-01   5.7005178e-01   1.7625785e+00   1.7914433e-01   1.3294714e+00   6.6902307e-01   1.3744238e+00  -5.8263599e-01  -7.4495331e-01  -6.3151608e-01  -6.6913203e-02  -1.7877343e-01   7.8249045e-01   2.2684466e-01  -7.4015891e-02
   2.0000000e+00  -1.3488779e+00  -2.1744440e-01  -9.5709784e-02   1.0002732e+00  -1.8627522e-01  -9.0281432e-01  -1.8368927e+00  -1.1174904e+00  -1.4654255e+00  -2.0901887e+00   9.1046580e-01  -6.9832364e-01  -9.0475864e-01   1.7980552e+00   6.2004433e-01   4.0965420e-02  -1.7952676e-02  -1.8452169e-01
   2.0000000e+00  -5.4626924e-01  -1.0479807e+00   9.8848576e-01   2.5538723e+00  -1.5980106e+00  -1.5323760e+00  -1.4853903e+00   1.1117481e+00  -1.5127610e+00   1.4446130e+00   5.3050122e-01   1.1646871e+00  -1.5476622e-01   2.6393480e-01   1.9501510e-01   3.0762225e-02   5.5759885e-01  -1.3683977e-01
   1.0000000e+00  -1.9171924e+00   1.1267087e+00   4.8245573e-01   8.5189816e-01   4.0855241e-01   2.9481155e-01  -8.3670144e-01   2.0771879e+00  -1.3454591e+00  -8.1231772e-01   5.3139227e-01  -1.0443874e+00  -1.1266423e+00  -1.1263652e+00  -1.6139210e-01  -2.6615796e-01  -6.9648045e-01  -9.9203004e-01
   2.0000000e+00  -1.9583420e-01  -9.8252839e-02   5.5294296e-01  -1.7672571e-01   1.0846817e+00  -9.6229378e-01  -2.1465985e-01  -7.0169568e-01  -1.7996535e+00  -8.5625565e-01   7.6814109e-01  -2.9809590e-01   2.6167506e-01   4.2189219e-01  -1.1123848e-02   5.5137693e-01  -1.6940171e+00  -1.6755912e+00
   2.0000000e+00  -5.2864020e-02   6.0393543e-01  -1.5484478e-01  -6.4637722e-01   1.1661066e+00   1.6411455e-01  -1.8795861e+00   4.1210392e-01  -1.2415077e+00  -8.6391732e-01   9.0798020e-01   5.1113224e-01  -8.5539391e-01  -1.5042551e+00   1.5538363e+00   2.3048449e-01   3.3423682e-01   6.4145882e-02
   2.0000000e+00  -2.0692299e+00  -6.2610457e-01   6.6844107e-01  -8.3413849e-02   5.3215187e-01   1.3734970e+00   8.3134097e-01  -1.8143671e-01   1.4418323e+00   4.3728743e-01   5.5076901e-01  -7.9141533e-01   2.2055501e+00  -1.7105018e+00  -1.0244326e-01  -2.4619026e-01  -2.8571333e+00   8.0160958e-02
   2.0000000e+00   7.0839942e-01  -2.7741480e-01  -5.8749860e-01   4.8963961e-01  -1.7872011e+00   5.1368622e-01  -5.5036416e-02  -5.0712065e-01   9.9340178e-02   1.7347557e+00   1.0787566e+00   1.2821693e-01   6.3183300e-01  -6.4828946e-02   1.5794415e+00   1.3286852e+00  -1.1367414e+00   1.8483106e-01
   2.0000000e+00   1.9060755e+00  -1.4505713e+00   2.0209502e+00  -5.0128255e-01  -5.7246271e-01  -2.2752555e+00  -3.5048796e-01  -2.2648283e-01  -8.1500773e-01   8.3782351e-01   1.1866385e+00   4.4572334e-01   2.3630744e-02   1.6837679e-01   1.0505944e+00   4.9104656e-01   1.6076568e+00   1.4850850e+00
   2.0000000e+00  -3.7748582e-01  -4.5553220e-01  -6.9142070e-01   5.5681774e-01  -5.9533025e-02  -5.2628193e-01   1.0653998e+00  -3.8702429e-02  -9.6859498e-01   5.6069566e-01   2.5414961e-01  -3.5452206e-01  -9.1256126e-01   7.7423675e-01   1.1270581e+00  -1.6995079e-01  -1.2312940e+00  -2.1990677e-01
   2.0000000e+00   5.7034935e-01  -7.9414482e-01  -3.4554293e-01   3.8257240e-01   1.0870373e+00   2.8354927e+00  -9.3746717e-02  -5.3501957e-01  -1.8775079e-01   8.2078443e-01   8.4007468e-01  -1.3029151e+00   2.3462799e-01   6.1930760e-01   8.5714630e-01  -6.8417036e-02   1.4865745e+00   3.5236560e-02
   2.0000000e+00   9.4612186e-01   7.9777673e-01  -7.0129878e-02  -1.0136434e+00   5.7697582e-01   1.1116762e-01   8.8626571e-01  -1.8586770e+00   4.7402840e-01   1.3467018e+00  -1.2192310e+00  -6.8585498e-01   7.6613626e-02  -1.4658600e+00   1.7471664e+00  -1.7123439e+00   1.4459768e+00  -6.1744175e-02
   2.0000000e+00   2.4564170e+00  -8.9574654e-01  -2.0312343e-01   1.4463329e+00  -3.7567003e-01  -7.6841168e-01  -1.0977047e+00   5.4458325e-01  -8.9393875e-01  -1.6100585e-01   2.9090121e-01   3.1037487e-01   7.1587053e-01   7.8729542e-01   6.6925052e-01   1.5545270e+00   2.3084875e-01   6.5112807e-01
   2.0000000e+00   1.1439647e+00   1.7531204e-01   5.4974855e-01   1.2120228e+00  -2.2221528e-01  -1.7712099e+00   6.9664028e-01  -6.3674111e-01   6.3270758e-01  -1.0056870e+00   1.3700703e+00  -6.2996414e-01  -4.7211463e-01  -9.4921806e-01  -7.7040818e-01   1.5510063e-02  -1.0427239e+00   5.6456190e-01
   2.0000000e+00   1.3088357e+00  -3.3617175e+00   2.1140238e-01   2.2614765e+00  -1.5299897e+00   2.5389248e+00   1.3000322e+00  -1.2416176e-01  -1.3660320e+00   1.8022335e+00   7.6528810e-01  -7.4735264e-01   4.8695402e-01   6.9442948e-01  -1.1344847e+00   2.4307137e+00   2.0662103e+00   1.6810418e+00
   2.0000000e+00  -1.1300820e+00  -6.4722937e-01  -1.1561835e+00  -5.8323554e-01   5.2490685e-02  -2.4264046e+00  -1.0423761e+00   3.9280096e-01  -4.7767423e-01   4.3464045e-01   3.4034356e-01   1.6456337e+00  -9.4799737e-01   8.5279065e-01   2.0173345e-01  -1.0811569e+00  -1.2553334e+00  -2.2398605e-01
   2.0000000e+00   5.8460089e-02   1.6314271e+00   2.7329601e-01   1.2151390e+00   1.2953626e+00  -5.8916123e-01  -9.4001429e-01   1.4508331e-01   9.6653763e-02  -2.6986734e-02  -1.5534114e+00  -1.8123237e+00  -6.0614419e-01  -6.7250604e-02   4.0889482e-02  -8.8568795e-01  -4.5402979e-01   1.2889987e-01
   2.0000000e+00  -8.0795570e-01  -5.9669887e-01   1.1177857e+00   1.7284180e-01  -1.6680885e+00  -5.4496815e-01   2.6694398e-01   5.9315956e-01  -1.3620824e+00  -2.0035142e+00  -8.1292029e-01   4.5950498e-01   9.7138165e-02  -6.5284163e-02   5.7760537e-01   3.3391395e-01  -7.4922602e-01   9.2834112e-01
   2.0000000e+00   1.4151027e+00  -2.8357721e-01  -5.9931880e-01  -3.5305408e-01   5.8704893e-01   9.9408549e-01  -8.1866266e-02   1.0066629e+00   3.0575167e-01  -6.1079353e-01  -9.7501567e-01  -1.7490888e+00   2.8058895e-01   1.3135271e+00  -8.3506206e-01   1.6229155e+00  -1.6293483e+00  -6.4027151e-01
   2.0000000e+00   4.4161247e-02  -4.5471437e-02   7.4977926e-01  -1.8589191e+00  -3.9630038e-01  -9.6582796e-02  -1.6982924e+00  -9.2526835e-01  -1.2381253e-01   5.3716213e-01   4.2501002e-01   3.7353284e-01   1.1578344e+00   2.8137937e-01  -6.5950175e-01   1.0358169e+00  -1.1326586e+00   7.8695223e-01
   2.0000000e+00  -8.3703837e-01   1.4969201e+00  -7.7884400e-01  -4.5207337e-01   8.2216786e-01   4.0330599e-01   3.8550609e-01   1.7546845e+00  -1.1749584e-01   2.9177499e-01   2.3461638e-01   1.5471260e+00   8.7200075e-01   6.4000382e-01  -6.1983132e-01   2.3080770e+00   1.6262705e+00  -1.3054709e+00
   2.0000000e+00   4.4754318e-01   1.1926256e+00   1.1378730e+00   9.1683540e-01   1.4654010e+00  -1.3592164e+00   2.1910337e-01   2.5297254e-01  -2.0508743e-01   3.8586407e-01  -1.8644273e+00  -6.7120629e-01  -5.7150001e-02  -1.1943263e+00   8.9772928e-01   1.2834377e-01  -8.8406282e-01  -8.9774795e-02
   2.0000000e+00  -1.0797876e+00  -6.1568038e-01  -5.4948999e-01   1.5870250e+00  -7.6170687e-01   7.4464690e-01  -6.1045372e-01   1.4366900e+00   3.9926500e-01   3.4339793e-01  -1.6156913e-01   1.3798807e-01   7.8989814e-01   2.4996336e+00   5.0604036e-01   3.1532833e-01  -1.4801967e+00  -7.2926698e-01
   1.0000000e+00   1.4351454e-02   3.6489166e-05  -6.9880277e-01  -2.0478730e-01   4.9290087e-01   1.1793336e+00  -6.0405148e-01  -8.0187515e-01   1.0198820e+00   4.9473289e-01   1.4332267e+00  -5.9907218e-01  -7.6073122e-01   2.7608341e+00   2.3665771e-01  -1.3846115e+00   1.0563028e-01   8.8256558e-01
   2.0000000e+00   1.0327782e+00  -7.5614883e-01  -2.5767143e-01   1.8030118e+00  -8.1265516e-01  -4.2379904e-01   1.6503389e+00   7.1484530e-01  -3.5796932e-01   1.1624947e+00   3.8366166e-01  -5.0973810e-01  -1.6397760e-01   2.8150618e-02   1.2240257e+00  -3.4681437e-02  -5.1904397e-01  -1.2446712e-01
   1.0000000e+00   2.7546165e-01   1.0491756e+00  -1.5308459e+00  -2.0174901e-01   5.4375839e-01  -9.0010648e-01   3.7500621e-01   4.7528097e-01   6.5246710e-01   7.3672307e-01   1.8275829e-02  -1.2598645e+00  -1.1402486e+00   6.2516517e-01  -1.3297037e+00   9.6536941e-01   7.1697281e-01  -9.7453577e-01
   2.0000000e+00  -5.0338507e-01   1.1363526e+00   5.5211230e-01  -9.5976812e-01   5.8681098e-01   1.6683431e+00  -8.7774288e-01  -8.7012648e-01  -6.0847863e-01   3.9074675e-01   2.3042453e+00   3.8304666e-01   1.0044688e+00  -1.2138176e+00   6.0949209e-01  -1.3765886e+00  -1.5318516e+00   9.4702820e-01
   2.0000000e+00   4.2267520e-02  -1.0144012e+00  -1.2887900e+00  -3.7853931e-01  -5.7781754e-01  -7.3195931e-01  -1.6005083e+00   1.6169367e+00   9.5473309e-01  -6.0078208e-01   5.0996298e-01   8.0226230e-02   6.0493803e-01   5.5364072e-01   9.3073431e-03   1.5215050e+00   9.1985383e-01   6.5237046e-02
   2.0000000e+00   1.9939549e-01  -1.1617714e+00   2.7221093e-01   7.0633758e-01  -9.6211795e-01   1.0809004e+00  -7.4727521e-01  -6.5654627e-01   9.3426240e-01  -5.1146285e-01   3.2732074e-01   1.1308427e+00   1.0624092e+00   4.2800815e-01   1.5532644e-01  -2.4654132e-02  -1.4880818e+00   4.8816524e-01
   2.0000000e+00   1.2953880e+00   4.3292176e-01  -6.8513112e-01  -1.4079229e+00   2.8926112e+00  -8.5359934e-01   1.0703467e+00   2.0799091e-01   7.3663102e-01  -6.3384938e-01  -4.3215006e-01   1.1326171e+00   7.1592560e-02   4.1474302e-01   2.6977227e-01  -1.2431659e+00  -9.0993919e-01  -4.6223626e-01
   2.0000000e+00   1.8898574e+00   3.4128303e-01   5.1149251e-01  -6.4603029e-01   1.0429226e+00  -1.0431537e+00   1.5215557e+00  -1.3703969e+00   3.5457789e-01   9.5305111e-01   9.3870514e-01  -1.4734737e-01  -1.2633519e+00  -3.4826567e-01  -6.7049349e-01   1.2276366e-01  -1.6831742e+00   1.1673771e+00
   1.0000000e+00  -6.2822330e-01  -1.4669089e-01   2.5261344e-01  -4.4965293e-01   1.0844557e-01  -2.5427977e-01   1.9390646e+00   1.7542700e+00   3.9954443e-01   2.6929772e-01   8.2453975e-01   1.8888001e-01  -7.8621435e-01   2.7652601e-02   9.6159216e-01  -1.5934607e+00  -6.4073537e-03   7.7258160e-01
   2.0000000e+00  -1.7110433e+00  -2.0441749e+00  -1.3456108e+00   9.0347297e-01  -8.1580752e-01   7.3090802e-01  -9.5017848e-01  -8.6524211e-01   8.6193451e-01  -7.3938429e-01   6.7168632e-01   5.1274857e-01   1.4604668e+00  -2.1429920e-01   6.5934280e-01  -9.3299775e-01   2.4940307e+00   4.6068048e-01
   2.0000000e+00   1.0504753e-01  -5.2520620e-01  -8.0278359e-01   2.1957861e+00  -1.5601116e-02   9.5687223e-01   2.9506559e-01  -1.1780643e+00  -1.8736270e-01   6.9126088e-01  -9.2432325e-01  -7.1716100e-01   7.1894011e-01  -7.7266934e-01  -6.8285531e-01  -1.1507363e+00  -9.0704882e-01  -5.2791571e-01
   2.0000000e+00   6.5278704e-01  -1.2907474e+00   1.1679405e+00   1.3296356e+00   2.5594893e+00  -5.5429638e-02   2.3209610e-02   1.4585807e+00  -8.6601753e-01  -3.5994883e-01   1.2379019e+00  -3.4401347e-02   1.3364144e+00  -1.2156253e+00  -9.7183754e-01  -1.8521331e-02   5.8219245e-01  -1.5567693e+00
   1.0000000e+00   1.4450061e+00   8.1633606e-01  -8.6909534e-01   8.0103626e-01   6.9358816e-01  -1.1005126e+00   4.5997197e-02   7.8037802e-01   1.3231312e+00   2.8517904e-01   1.3922354e+00   3.1094514e-01   3.5494105e-01  -1.1682920e+00   1.0970465e+00   4.8215883e-01   3.9103788e-01   2.1544173e-01
   2.0000000e+00   1.9044401e-01  -3.8702453e-01   5.2439045e-01   2.3934299e+00  -1.3797716e-01   1.0546023e+00  -9.9512219e-01   8.9456971e-01   1.4007853e+00  -1.2032072e+00   1.9537161e-01  -6.3396738e-01  -1.2604030e+00   5.1157409e-01  -9.2780841e-01   4.0111381e-02   9.0301501e-01  -4.7510001e-01
   2.0000000e+00  -2.3029130e+00  -4.8983789e-01  -1.6053516e+00   8.2186892e-01  -7.7183209e-01  -3.1951588e-01  -1.0148070e+00   2.3852430e-01  -8.6358704e-01   1.3995632e+00   3.0999948e-01   1.7074761e+00   1.0681437e+00   7.8099644e-01   4.3594127e-01  -1.1869209e+00  -1.6879482e-01   1.2770066e-02
   2.0000000e+00   7.7972415e-01  -4.5894616e-02   3.1894840e-01   6.6117838e-01   9.8411282e-01   1.2567797e+00  -1.5693393e-02   4.1688344e-01   1.9185396e-01   7.9735009e-01  -3.3068014e-01   1.7571549e-01   8.6280537e-01   1.2669647e+00  -1.0764808e+00  -1.0224901e+00   6.6129599e-01  -5.4356606e-01
   1.0000000e+00  -1.0796474e-01  -7.4462305e-01   1.0518134e+00  -1.6636248e+00   1.3071536e-01   8.3740907e-01   2.3851062e-02  -1.0611022e+00  -1.7211744e+00  -1.0452777e+00  -2.4251778e+00  -5.3560000e-01   1.3521857e+00   1.1921616e+00   9.5745980e-01   1.3353212e+00  -5.0152181e-01   1.2757587e+00
   2.0000000e+00   6.4393602e-01  -9.6572876e-01  -1.2808585e+00  -4.3201380e-02  -7.0868373e-01  -6.1555531e-02   6.8565897e-01   1.3328611e+00   3.0653665e-02   7.5972314e-02  -1.1448232e+00  -6.5659073e-01  -1.0614461e+00   1.3872162e+00  -1.0778143e-01  -4.6948363e-01   1.7124551e-01  -3.7275215e-01
   2.0000000e+00   8.9605492e-01   3.1067116e+00   8.5952737e-01   2.0202211e+00   9.2267224e-01   1.9424382e+00  -8.0058646e-01  -6.0103750e-01  -8.5898111e-01   6.6772519e-01  -1.2634423e+00  -5.6296364e-01   3.8679121e-01   1.5667738e+00   2.0723371e-02   1.1800438e+00   1.3767894e+00  -6.4617887e-01
   1.0000000e+00  -2.0999311e-01   8.1623170e-03  -1.1773730e-01  -1.1741294e+00   1.7752254e-02  -3.2501044e-01  -2.7934420e-01  -1.4617103e+00   1.8277874e+00   1.5724766e+00   8.7156566e-01  -9.3230100e-01   1.0542773e+00   2.1848341e-01   1.3266671e+00   1.1961880e+00   1.9158718e-01  -6.9318376e-01
   2.0000000e+00  -9.1642267e-01  -3.5212910e-01  -4.8653024e-01   7.8622376e-01  -7.9463761e-03  -1.5195211e+00  -9.7568676e-01   4.7639670e-01  -1.0285393e+00   7.9786867e-01   1.3213132e+00  -7.6830725e-01   3.4897980e-01  -7.8837066e-01  -8.5683105e-01   5.8601983e-01  -6.1589502e-02  -3.6046181e-02
   2.0000000e+00  -2.0683448e-01   3.9641100e-01   7.4100099e-01   1.7182026e+00  -1.2026316e+00   2.3279409e-01  -1.0413232e-01  -2.1894952e+00  -7.0433189e-01   1.5509384e+00  -1.8353202e+00  -3.1080335e-01   1.0210098e+00  -5.9272146e-01   3.2366598e-01  -4.9268849e-01  -2.2609901e+00   1.6924662e+00
   2.0000000e+00  -1.1352986e+00  -5.2163794e-01   7.5857742e-01  -8.0781783e-01   1.4812187e+00   5.3752051e-01  -8.8836878e-01   4.8528451e-01  -1.8988198e-01  -1.4163199e+00  -6.1237468e-01   2.5945807e-01  -7.3620425e-01  -8.4756948e-01  -1.3054647e+00  -8.7228158e-01   6.5927248e-02   2.2958535e+00
   2.0000000e+00   1.6173482e+00  -4.8450608e-01   2.1857380e+00  -1.6105316e+00  -4.6200187e-03  -5.5302010e-01   8.6203393e-01   9.6882470e-01  -1.0173815e-01   2.9243530e-01  -9.3741740e-02   1.6298525e-01  -2.4196828e-01  -9.1030939e-01  -1.0187866e+00   1.6968023e+00  -3.8610270e-01  -5.0415745e-01
   2.0000000e+00  -1.0505409e+00   1.2430950e+00  -2.2297679e-01   4.4651425e-01   2.2402968e+00   3.0229656e-01   2.8350398e-01   4.8725993e-01   1.5627612e-01   2.3334868e-01  -1.1979636e+00   8.9245780e-01  -4.2449994e-01  -1.8992731e-03   1.8927341e+00  -7.8022301e-01  -1.4365809e+00   7.8851179e-02
   2.0000000e+00  -2.5002548e+00  -2.0538517e-01  -3.0305702e-01  -1.1166860e+00   7.1721325e-01   3.0970351e-01   1.0530146e+00   7.7372997e-01  -1.6057857e+00   8.9557911e-01  -3.6311704e-01  -3.1904666e-01   2.4610759e-01   6.6296979e-01   1.8063176e+00  -1.5688640e+00   1.2864526e+00  -1.2164548e+00
   2.0000000e+00  -1.1397826e+00   7.6006935e-01  -1.6073122e+00  -2.1601050e+00  -1.3141284e+00  -1.2322107e+00  -8.2643342e-01   1.2796725e+00   1.5031294e-01  -1.4064111e-01   5.0983116e-01  -3.9222604e-01   8.0985101e-02  -9.8165349e-01   1.1826504e+00  -8.5453545e-01   1.3456660e+00   8.0226053e-01
   2.0000000e+00   5.4340178e-01   5.1625764e-01   1.3007376e+00  -2.3195387e-01   1.4366971e-01   4.4791769e-01   4.8204722e-02  -1.0362100e+00  -8.3990145e-01  -1.5203142e+00  -1.2713504e+00  -4.8456221e-01   8.3129579e-01   1.2386756e+00   5.5308579e-01   9.7655724e-02   1.3961318e+00   2.0755220e-01
   2.0000000e+00  -1.6661852e+00   1.2300398e+00  -6.8526729e-01  -1.0670511e+00   5.6733803e-02  -1.5303109e+00  -5.9054121e-01  -1.1011753e+00   1.1592059e+00   1.1862189e-02   7.9181289e-01   2.0814895e-01  -2.4083729e-01  -2.0867773e-01  -1.3257886e-01  -1.1787634e+00  -2.5591111e+00  -2.1106867e+00
   2.0000000e+00   2.4896168e-01  -8.0498215e-01  -1.0600924e+00   2.0748726e-01  -1.0970813e+00   1.1294598e+00   8.8078276e-01  -2.5054577e-01   2.5787065e-01   9.5992432e-02   5.9290731e-01   1.2007957e+00   1.1757445e-01  -6.8320491e-01   4.1513784e-01   5.9743565e-01  -1.7629040e+00  -4.0253042e-01
   2.0000000e+00  -8.5747005e-01   1.0144344e+00  -6.1253578e-01  -2.2384629e+00   5.1178562e-01   1.7331949e-01   1.0854327e+00  -5.9638509e-02  -3.5168156e-01   1.5886443e-01  -1.0556432e+00   2.4654506e+00   1.4662161e+00   2.4177059e-01  -1.1054058e+00   7.5171941e-04   1.8270121e+00  -1.2698794e+00
   2.0000000e+00   1.6063092e+00  -7.3000934e-01  -1.2301712e+00  -1.3954938e+00   1.2568348e+00  -8.6965982e-01  -2.0857626e-01   7.2950632e-01  -3.3404696e-01  -6.8658777e-01   8.8445829e-01  -1.5228470e+00  -3.2778521e-01  -6.6410306e-01   3.6935168e-01   1.0125970e+00   1.4180271e+00  -8.9807606e-01
   1.0000000e+00   3.3640576e-01  -2.0950028e+00  -1.6861459e+00  -2.9046111e+00   2.9835125e-01  -7.2307327e-02  -3.5238592e-01   4.4363439e-01   1.0376654e+00   9.0206493e-01  -1.4362485e+00  -7.6563614e-01   3.9593120e-01   8.9426039e-01  -4.6416347e-01   2.7158259e-01   1.9713648e-01   3.4331141e-01
   2.0000000e+00  -1.3214472e+00   1.7103654e+00  -5.8849381e-01   2.2352040e-01   6.3154023e-01   1.8711651e-01   2.3487819e+00  -9.4202305e-01  -1.5100696e-01   7.1729011e-01  -5.5873956e-01   3.9204220e-01   1.7562597e+00  -1.7823060e+00  -1.2985330e+00   7.2489642e-01  -1.9404678e+00   4.7437373e-01
   2.0000000e+00  -7.0089797e-03   5.8118015e-01   1.7328048e-01   4.6428526e-01   2.0018314e-01   1.4196575e+00   1.2931461e+00  -4.2478515e-01   2.0188761e-01   1.0217925e+00  -1.1299092e+00  -1.1700972e+00  -2.9861506e-01  -4.5389745e-01   1.9676368e-02   9.8740255e-01   1.0793510e+00  -8.8554983e-01
   2.0000000e+00   2.6321535e-02  -2.7909878e-02   6.8115871e-01   1.4727577e+00   2.7415918e+00   3.9807241e-02   7.7411053e-01   3.1362201e-01   2.4033694e+00  -2.4116222e-01  -1.4398085e-01   6.1283052e-01  -9.6744821e-02   1.0740177e+00   9.6093283e-01   1.6238489e+00   5.8692121e-01  -1.8837676e-01
   1.0000000e+00  -3.8966760e-01  -7.7413325e-01   1.2751523e+00  -1.2322012e+00   8.6866634e-02   7.8540046e-01   1.0281797e+00   8.3784250e-01  -4.7860179e-01  -2.4303990e-02  -1.4500352e+00  -2.3382988e-01  -1.2049099e+00  -1.0441481e+00   6.0139583e-01  -1.7126686e+00   6.7041233e-01  -4.6897803e-01
   2.0000000e+00   4.7419003e-02  -1.1132408e+00  -1.6891663e+00  -8.6485311e-01   6.0774821e-01   8.2186019e-01   4.8426227e-01   1.4605116e-01  -2.0231878e+00   5.0150594e-01   3.0239044e-01   4.9359187e-01   2.6163895e+00   9.7072426e-01   1.2409577e+00  -2.6198271e+00   2.1118312e+00  -1.2609551e+00
   2.0000000e+00  -1.8030942e-03  -3.0974803e+00   2.4132056e-01  -1.3908962e+00  -1.3386867e+00  -1.7731941e+00  -1.4535521e+00  -6.0884046e-01   6.4864038e-01  -4.9350728e-01   1.8245232e+00   3.2980716e-01   8.4582087e-02  -8.1111481e-01  -1.1319096e+00  -7.1298726e-02   1.5630762e+00  -5.5440975e-01
   2.0000000e+00   2.1212509e-01  -1.1449667e+00  -1.3424003e+00   4.9890405e-01  -1.2776728e+00  -2.5055679e-01  -5.9078487e-01   5.1587966e-01   1.5891585e+00  -5.6220815e-01  -5.0839973e-01   8.3243162e-01  -4.4638158e-01  -5.8213328e-01  -1.9324114e+00   1.8220203e+00   8.7346796e-01  -3.2396680e-01
   1.0000000e+00  -2.3709537e+00   1.0368148e+00  -5.6708408e-01   1.2175184e+00   3.8747406e-01   1.5189780e+00  -1.6414505e-01  -6.3457079e-02  -1.0992184e+00  -1.1709446e+00   1.7001639e-01   1.7382634e+00  -1.1246339e+00  -4.0406021e-01  -2.1835520e-01   1.1596792e+00  -8.4560660e-01  -4.3739653e-01
   2.0000000e+00   1.4921696e-01  -3.5260519e-01  -2.2978079e+00   1.2732223e+00   7.1853656e-01  -1.4424374e+00  -1.4755913e+00  -2.3820669e-01  -2.7233223e-02  -1.0684754e+00   3.5422498e-01   7.5725299e-01   1.4061211e+00   7.1582246e-01   1.6222558e+00  -4.5402596e-01  -1.2457532e+00  -1.4283629e+00
   1.0000000e+00   5.9437880e-01  -9.5530734e-01  -2.7759830e-02  -7.9788177e-01   8.1510407e-03   1.0737123e+00   1.7316340e-01  -5.5742107e-01  -8.1083258e-02  -8.6645207e-01   2.0394773e+00  -7.2670484e-01   1.7655859e+00   3.3202802e-01   8.4670687e-01  -4.3949736e-01   3.2957786e-01  -7.0201646e-01
   2.0000000e+00   6.2525477e-01  -9.8800684e-01   3.8417820e-01   2.6656591e+00  -5.4066052e-02  -1.1057929e+00   1.1117361e+00   1.1174168e+00  -7.1515403e-01   2.8248129e-01  -1.1294373e-01   5.4337922e-01   8.4100414e-01   1.0015776e+00  -1.2806308e+00   7.2917872e-01   1.2522586e-01   1.6316394e+00
   1.0000000e+00   3.4591878e-01  -4.8889121e-01  -4.5799488e-01   8.2432161e-01   7.4938287e-01   8.9846002e-01  -1.9365510e-01  -7.9150554e-01  -1.7328776e+00  -9.4103671e-01   1.0875528e-01   2.0327807e-01  -9.4393533e-01   1.5265381e+00   1.5442715e+00   1.4986380e-01  -3.6878141e-01   8.2434606e-02
   1.0000000e+00   3.0843801e-01  -8.9253439e-01   4.8691151e-01  -1.1800183e-01   5.6361098e-01   5.2827523e-01   7.6621058e-02  -1.5263156e-01   1.2861168e+00   2.5824387e-01  -1.4089213e+00   5.5549866e-01   3.8196337e-01  -3.3845373e-02   1.0209425e+00  -8.9037714e-01   3.4168222e-02  -5.2299020e-01
   2.0000000e+00   1.5512090e+00  -2.2640051e+00  -2.5912487e-01  -6.4967752e-01   6.6430854e-01   2.0404936e-01  -8.0510134e-02   2.6051544e-01  -1.2002933e+00  -1.2139011e+00   1.0749352e+00  -4.3649729e-01   1.0070832e+00  -8.0015104e-01   1.8060474e+00   3.8339170e-01   2.0914203e+00  -3.4581398e-01
   2.0000000e+00   5.3163431e-01  -1.4154673e+00   5.4843158e-01  -8.2327054e-01   1.3065473e+00   5.5829945e-01  -1.9098683e-01  -1.0231803e+00  -6.6973506e-01  -2.1764119e+00   1.9965691e+00  -8.6784736e-01   6.8022266e-03  -2.3594433e+00  -1.7505573e+00   1.1992535e+00  -5.0185338e-02   1.0386015e+00
   2.0000000e+00  -9.2030121e-01   1.3406365e+00  -2.8991528e-01   1.3068929e+00  -3.9906552e-02  -1.0854048e+00   2.6884382e-01   6.8309321e-01   8.2397861e-01   6.4055111e-01   1.6474949e+00  -1.7386604e-01   9.0624287e-01  -6.4722414e-01   1.0477755e+00   1.7624270e+00  -3.3240363e-01  -2.6922109e-01
   2.0000000e+00  -3.8266585e-01   5.1743328e-01   3.2109809e-01   1.7458947e+00  -5.3639911e-01   6.6928978e-01   1.2606820e+00  -2.1635177e-01  -4.3667009e-01   7.3370715e-01  -1.4968301e+00   1.6155489e-01  -4.5469908e-01   6.6785653e-01   7.5477687e-01   1.4683653e+00   4.7207545e-01  -9.2206576e-01
   1.0000000e+00   6.1935074e-01  -9.7866337e-01   1.3183060e-01  -2.5524119e-01   8.2444499e-01  -3.1434493e-01   4.9658941e-01   1.2734315e-01  -4.1800436e-01   1.1549935e+00  -1.0508662e+00  -4.7806733e-01   1.7255486e+00  -1.0601473e+00  -2.2496449e+00  -6.5241144e-01   1.7100871e-01  -1.1453650e+00
   1.0000000e+00   1.4886948e-01   6.7241828e-01   4.5834974e-01  -6.4581642e-01   1.3309814e-01   4.8236158e-01   4.2484524e-01   1.8143321e-01  -9.7775744e-01  -9.1852548e-01   2.0401924e+00   2.8820089e-01  -2.4976590e-01  -2.7558122e-01   9.0862641e-01  -8.6031394e-02  -5.0114132e-02  -4.5820134e-02
   1.0000000e+00   1.4633771e+00   7.7537051e-01   5.4817379e-01   4.9758614e-01   2.8822816e-02  -1.2792317e+00  -6.8704264e-02   2.8890611e-02   1.9404082e+00  -6.1736639e-01  -7.4510229e-01  -1.5250156e+00   1.7727499e-01   4.5236261e-01   1.7719396e+00  -7.8010166e-01   5.5318252e-02   9.9170935e-01
   1.0000000e+00   1.7183578e+00   5.6124350e-01  -1.1874366e+00   1.6203159e+00   3.5548972e-01  -8.1400785e-01  -9.1061325e-01   4.9636282e-01   8.7446262e-01   1.1895327e-01   1.6079280e+00   7.1902523e-01  -1.6245571e-01   3.9264492e-01   6.2937734e-01  -5.7275184e-01   1.1363512e-01   1.4189976e+00
   2.0000000e+00  -1.5481083e+00   1.5703320e+00   9.7700952e-01  -1.8337432e+00  -1.7691287e+00   8.9054773e-01   2.7983487e-01   2.8786432e-01   1.0186104e+00  -1.9054853e+00   8.8154059e-01  -1.1485698e+00  -2.6564506e-01  -3.3240448e-01  -1.5404021e+00   1.4789887e+00  -3.5342459e-01   1.8051846e-01
   2.0000000e+00  -9.4822396e-01  -1.0834558e+00   1.2542580e+00  -3.0708362e-01   6.0027288e-01   3.6417821e-02   7.0965465e-01  -1.4953672e-01  -2.4410329e-01   5.4547963e-02   7.6669162e-01   1.8782571e+00  -6.3011067e-02  -2.7235020e+00   2.2567327e-01  -2.4028987e-01   1.0308764e+00   1.9324850e-01
   2.0000000e+00  -1.1903923e+00   1.8025864e+00   5.6931799e-01   4.2291957e-01  -1.2796777e-01   7.2624670e-01   2.7778788e-01   2.4595859e-01  -1.2401923e+00  -1.5869994e+00  -3.6389842e-01   1.7532420e+00  -2.8232094e-02   9.0728455e-01   1.4395734e+00   8.3934537e-01  -2.0946864e-01   6.7925131e-01
   2.0000000e+00  -1.3593513e+00   4.8664749e-01  -8.6431336e-01  -7.8849101e-01   2.4100765e+00  -2.8420849e-01   3.5280352e-01   2.4868582e-01   2.5316754e-01   1.0875983e+00  -1.8732425e+00  -4.1889166e-01   3.4755577e-02  -8.7286603e-01  -2.3037620e-01   7.5867463e-01   2.5127075e-01  -4.0868571e-02
   1.0000000e+00   4.4210499e-01  -4.2122932e-01   1.3710568e+00   1.4723425e-01   4.7008811e-01   2.8350510e-01   5.9277827e-01  -3.7403600e-01   1.7585443e+00   2.8209371e-01  -3.1398034e-01  -8.8943452e-01  -2.3705599e+00  -1.8741424e+00   7.8578696e-01  -2.8009339e-01  -2.8754454e-01   2.3240685e-01
   2.0000000e+00  -4.5967636e-01   3.7457199e-02  -2.9247897e-01  -5.7819546e-01  -2.1450962e+00  -2.9257247e-01  -9.1312483e-01   5.9022108e-02  -1.4106534e+00   1.5669898e+00  -3.2443151e-01  -1.9047963e+00  -9.2177188e-01   4.3876822e-01   1.4219599e+00   1.7186129e+00   9.0704635e-01   1.1723836e+00
   2.0000000e+00   7.9165734e-01   1.0362929e+00  -1.3701133e+00   1.5324846e+00  -4.7864274e-01   3.6076424e-01   1.7322500e+00   4.3189389e-01  -1.4921509e+00   1.9855707e+00   4.1351263e-01   2.0929502e+00   3.6897756e-01   1.1082178e+00  -1.7040486e-02  -1.4673076e+00  -7.7304476e-01   2.4571545e+00
   2.0000000e+00   3.2158655e-01   7.8567481e-01  -1.0746915e+00   1.0850604e+00   1.1436260e+00   1.6014921e+00  -1.2564499e+00  -1.6907725e+00  -1.0066421e+00  -5.6071932e-01  -2.2991692e-01   1.3736511e-01   2.0133262e+00   8.2622861e-01   1.9846042e-01  -3.4132131e-01   1.5232947e+00   7.6993154e-01
   2.0000000e+00   2.2027542e+00   1.2509375e+00  -1.0687559e+00   7.5448204e-01  -1.4214401e+00   1.0974391e+00  -5.3501225e-01   3.8147744e-02   2.0189277e-01  -5.2804626e-01  -5.1447744e-01  -1.3165869e+00  -1.3925808e+00  -9.1619227e-01   2.8560820e+00   9.5843285e-01   6.2561500e-01  -1.2278157e+00
   2.0000000e+00  -9.6716505e-01   6.2298973e-01   1.0199797e+00   7.6129347e-02  -9.1239155e-01   1.1652954e+00   1.9774113e+00  -1.2633863e-01   1.1623597e+00   4.8362076e-01  -6.9747636e-01   1.8892470e-01  -5.7639114e-01   1.4625701e+00   1.5592256e+00   1.0218301e+00  -1.3503766e-01   1.1981990e+00
   2.0000000e+00  -6.5609555e-01  -1.4517016e+00   8.2582645e-01  -5.3716786e-02   1.4274958e+00  -7.3895730e-02  -1.2789472e+00  -5.5711708e-01   1.6956007e-02  -3.3281433e+00  -5.7547985e-01  -1.7806444e-01   5.9030565e-01   9.8055283e-01   2.8192767e-02  -2.1224646e+00   8.8442569e-02  -9.5031499e-01
   2.0000000e+00   2.3553968e-01   5.4804387e-01  -2.1622757e-01  -5.2691707e-02   1.3919733e+00  -8.7082977e-02  -4.3105068e-01   1.3987394e+00  -1.0339883e+00   3.7658314e-01   2.9038594e-02   1.1538145e+00   6.2113598e-01   4.0892541e-01  -3.2631933e-01   6.5896576e-01   1.7360973e-01   3.3847345e-01
   2.0000000e+00   7.9351708e-02   6.7700776e-01   2.8650336e-01  -2.3730703e-01  -8.4230369e-02   1.4844582e+00   6.3493931e-01   5.8342018e-01   1.2014425e+00   1.2353231e+00  -9.2189408e-01   3.9967430e-01   5.7678608e-01  -2.2801677e+00   8.2539849e-01   5.4243382e-02   5.7278492e-01   1.0856990e-01
   2.0000000e+00   1.6037892e+00  -1.9469727e-01   1.1428504e+00   4.2133294e-02   2.1717133e+00  -2.5631124e-01   1.1075461e+00   1.4980720e+00  -9.8543364e-01  -5.8272172e-01   1.1829896e+00  -1.3986537e+00   7.0836243e-01   1.8016782e+00  -1.9852699e+00   9.9431589e-01  -4.3554365e-02   5.2956462e-01
   1.0000000e+00  -2.4482780e-01  -8.8728231e-01   5.8220876e-01   7.4726160e-01   2.8665144e-01   1.0868571e+00   1.8406120e-01   4.1236359e-01  -6.9760786e-01   7.1881422e-01  -1.8029006e+00  -1.1037827e+00   1.5466628e-01  -4.2346631e-01  -6.6172310e-01   1.1737002e-01   3.4981458e-01  -7.4074057e-01
   2.0000000e+00  -1.6106611e+00  -6.8535790e-01   8.7021741e-02  -2.2647212e-01   1.0539691e+00   2.6289852e+00   5.3405167e-01   1.0885026e+00   3.3167797e-01   2.3459006e-01   5.4733408e-01  -2.4852875e-01   2.6154765e-01   1.2328999e-01   2.4509955e-02   1.1056262e+00   6.9711750e-02  -5.7057338e-01
   1.0000000e+00   5.0070259e-01   2.1427221e-01  -8.3800992e-01   2.4975693e+00   5.8554189e-02  -4.3265927e-01   6.7499475e-01   6.9198641e-01  -2.0297106e+00   1.4457847e+00  -4.5718410e-01   7.0771113e-01   4.4514643e-01  -3.1677818e-01  -9.3614482e-01   1.0255256e+00   3.3346109e-01   1.0372660e+00
   2.0000000e+00   1.9844790e+00  -1.2693678e+00   2.0025073e-01   1.1485635e-01  -9.3804128e-01  -1.0242119e+00   7.8362676e-01  -4.6092154e-01   6.3598640e-02  -1.1854676e+00   2.0538244e-01  -1.4811467e-01  -1.8669012e-01  -2.1841804e-01   2.2162219e-01  -1.0854770e+00   1.0097994e+00  -6.0120155e-01
   2.0000000e+00   1.1773790e-01   2.5905120e-01   4.8176204e-01  -6.1206175e-01  -1.1089443e+00  -9.9292376e-01   3.8712654e-01   8.4313735e-01   1.0523804e-01   2.4046026e-01   1.5428892e-01   2.7041604e-01  -8.3445080e-01   1.2425939e+00  -9.0227501e-01   2.7635087e-03   4.0897155e-01   1.2775303e+00
   2.0000000e+00   5.4314759e-01   8.7560333e-02  -8.8627301e-01   1.0616830e+00  -7.4473801e-01  -4.7235666e-01   8.5832285e-01   1.2549771e+00   1.2645397e+00  -2.9215450e-01   6.6152476e-01   5.9398624e-01  -6.2033848e-01  -1.2984904e+00  -1.3171819e-01   9.7884693e-01   1.1418306e+00   1.3204613e-01
   2.0000000e+00   2.2783970e+00  -1.6312234e+00   1.1824889e+00   1.0348668e+00  -1.0251261e+00  -1.2276284e-02   6.2188394e-01   4.8181585e-01  -2.0360510e-01   9.7100278e-01   7.9340436e-01   2.9319202e-01  -3.2258432e-01   1.0701226e+00   4.4951954e-02   8.9485794e-01  -1.3264939e+00  -8.0977430e-01
   2.0000000e+00  -1.3047147e-01  -5.7663630e-01   1.7430236e+00  -8.6985105e-01  -1.0489302e+00  -1.1855014e+00  -1.7048216e+00  -5.2037672e-01  -2.2250250e+00  -8.2922685e-02  -1.1923352e+00   4.7522638e-01  -1.7881508e+00  -6.3684641e-01   8.0513706e-01   1.9045697e-01   4.6656679e-01  -1.5511162e+00
   2.0000000e+00  -3.7171299e-01  -7.7315593e-01   1.7532474e+00  -1.5032606e-01  -1.3231925e+00   5.7215583e-01  -4.8673764e-02   1.3309743e+00   5.2315236e-01   1.1631224e-01   3.9042700e-01  -1.6872302e+00   3.4202954e-02   2.6528719e-02   8.7555179e-01  -6.2403537e-01   5.7416554e-01   1.4522132e+00
   2.0000000e+00  -9.1292263e-03   1.1634405e-01   1.0825541e+00   1.5398003e-01  -4.1264298e-02  -7.2318986e-01  -2.4556293e+00   9.6681750e-01  -2.3880840e-01   1.9034255e+00   7.9357062e-01   2.4355216e+00   1.5366052e-01   8.0695318e-01   4.8153094e-01  -3.1754654e-03   1.2625062e+00  -1.5728984e+00
   2.0000000e+00  -4.4696195e-01   2.9557148e-01   4.3329288e-01  -6.3313591e-01   8.1838181e-01  -5.9323356e-01  -3.4122462e-02  -7.9884877e-01  -1.2057000e+00   3.3318272e-01   3.5223706e-01  -1.2707405e-01   2.2947161e-01  -1.3978158e-01   1.7518522e+00   1.6866308e-01   1.2688297e+00   2.8028838e+00
   2.0000000e+00   1.9579398e+00   1.1749915e-01  -1.0994803e+00  -1.4600398e+00   7.0944679e-01   2.7379100e-02   1.2276594e+00   1.5613029e+00  -3.8301363e-01   8.2681272e-01  -1.9352938e+00  -4.9886014e-01   1.5256602e+00   1.2802841e+00  -6.4075181e-01  -1.1635554e+00   8.4042760e-01  -9.5704306e-01
   2.0000000e+00  -9.2131081e-01   9.8031476e-01  -7.5502708e-01  -4.9389637e-01  -7.7762336e-01  -6.4855769e-01   1.2053494e+00   1.2845392e+00   4.1561407e-01  -5.1341967e-01   9.1581454e-01   3.8725883e-01  -8.7995362e-01   2.4792808e+00   5.8821199e-01   4.0931366e-01  -1.9531972e+00  -3.8769115e-01
   2.0000000e+00  -8.4277124e-01   1.1815017e+00  -3.1078388e-01   1.5502839e-01  -4.8894538e-01  -1.2705874e+00   1.0167551e+00   1.8249613e-01  -1.5385360e+00  -1.7758697e-01  -1.9158199e+00  -4.9581193e-01  -7.5107642e-01  -1.5989099e+00  -9.3705527e-01  -1.4979648e+00  -6.4888914e-02   4.7879355e-01
   2.0000000e+00   1.8211431e+00   1.0867350e+00  -1.6589703e+00   1.1588172e-01  -1.6466102e-01   7.8864223e-01  -1.2461736e+00  -1.0141577e+00   5.3095719e-01  -8.1082595e-01  -1.1076363e+00   1.8541207e-01  -1.0195173e+00   2.8687616e+00  -2.0499688e+00   1.0901545e+00  -4.3063913e-01   1.0961223e+00
   2.0000000e+00  -7.2815804e-01  -5.5692471e-01  -4.3409243e-01  -5.0762617e-01  -5.0851122e-02   3.1325088e+00   2.2552073e+00  -1.3363727e+00   2.3255928e+00   4.4143548e-02   4.7515505e-01  -9.8756611e-01   1.4261933e+00  -1.0682852e+00   2.2431730e+00   5.1274980e-01  -5.0174292e-01  -1.2891055e+00
   2.0000000e+00  -1.5092407e-01   1.2002295e+00   1.0485607e+00   3.3397721e-01  -1.0462348e-01   8.6696036e-01   1.0596138e-01   6.7831321e-01   1.0432751e+00  -6.6806533e-02   1.4142341e+00   5.5032961e-02   4.1324977e-01  -5.3308867e-01   4.0505120e-01  -4.9187820e-01  -3.0936322e+00   1.6384987e-01
   2.0000000e+00   1.8590651e+00   8.1612705e-01  -5.7263533e-02  -6.3470733e-02  -2.3190868e-01  -4.9252937e-01  -1.5157256e-01  -8.2951982e-01   1.1238510e+00  -1.8326909e+00  -8.9920631e-01   4.6208765e-01  -6.0185566e-01   5.6116785e-01   5.8783563e-01   1.1042395e-01  -2.8438980e-01   4.1670006e-02
   1.0000000e+00  -9.7318539e-01   1.0893717e+00   1.5589523e-01  -2.1257813e+00   1.4336737e-01   1.3157688e+00  -5.4532916e-01   4.2923768e-01   1.5960482e+00  -8.6384241e-01   5.1164351e-01   2.3042587e-01   1.2922452e+00  -2.4124538e-01  -1.5362742e-01   4.3095164e-01  -8.1226747e-02  -3.2663760e-01
   2.0000000e+00  -3.1494672e-01   4.5506554e-01  -1.5343172e+00  -1.1119579e+00  -1.5828683e-01   1.9587848e+00  -2.2018028e-01  -5.5332872e-02  -8.2080098e-01  -9.5279225e-01  -3.3115136e-01  -7.4585768e-02  -2.3994862e-01   1.4636166e-01  -1.4521154e+00   9.6841930e-01   1.2437320e+00  -5.6727176e-01
   2.0000000e+00   8.4607247e-01   2.4086757e+00  -3.3378885e-01  -8.9345908e-01  -9.0553390e-01  -6.3412401e-01  -9.9192228e-01  -6.5865745e-01   3.3810497e-01   1.2465181e+00  -8.7824383e-01  -7.9583050e-01   1.4005029e+00   2.8529518e-01   6.6751296e-01  -1.4712107e+00   4.6406214e-01  -1.1958202e+00
   2.0000000e+00  -5.9934277e-01   1.6707033e+00  -6.2798491e-01   6.9478901e-01   1.7046896e+00  -5.5038010e-01   1.3052066e+00   6.3862635e-01   2.5034343e-01   5.7593235e-01   2.7391499e-02   4.2692973e-01   5.7480477e-03   1.8905638e-01   8.3049472e-01   7.9660281e-01   9.3911627e-01   7.3391818e-02
   1.0000000e+00   5.0639267e-01   1.7568781e+00  -1.1753859e-01   7.9897661e-01   2.2895412e-01   1.1148776e+00  -3.3508818e-01  -7.4610661e-01   1.1886876e+00  -1.6423662e+00   2.1915152e-02   1.0033426e+00  -1.1532807e+00   2.7249231e-01   3.0883457e+00  -1.5376548e+00  -3.2129383e-01   9.3631557e-01
   2.0000000e+00  -3.0027648e-01  -3.3285811e-01  -6.7636259e-01  -1.0782768e-01  -3.6343539e-01   1.3500262e+00   7.6942460e-01  -6.8991977e-02  -8.2116693e-01   5.7961752e-01   1.1968089e+00   6.7949734e-01   1.1398362e+00  -2.1880467e-01  -1.4407601e+00   2.1074580e-01  -1.2502197e-01  -1.6264590e+00
   1.0000000e+00  -8.8370984e-01  -1.9647943e+00  -2.0231934e+00  -1.9736228e+00   4.1463967e-01   2.7972549e+00  -7.4206133e-01  -7.7647790e-01   1.5584483e+00   1.5928061e-01   7.4841891e-02   6.1535965e-01   3.4466885e-01   7.4671283e-01   1.9641164e-01   4.7315276e-01  -2.4836362e-01  -3.7172515e-01
   2.0000000e+00   8.2985776e-01   4.9390401e-01  -1.4817714e+00  -4.5291876e-01  -4.2912734e-01   1.0444581e+00  -6.2989494e-01  -1.9293070e+00   1.1979170e+00   1.2419915e+00   2.8775089e-02  -8.8249446e-01   6.3178609e-02   9.5113404e-01  -2.3290141e-01  -3.6751898e-01  -4.8802846e-01   3.8849925e-01
   2.0000000e+00   1.2617938e+00   1.9910891e-01   6.8848430e-01   2.2632836e+00  -1.7262794e+00   2.9591581e-01  -8.6211406e-01   2.4814480e+00  -1.1773918e-01  -1.2698415e+00   5.0544120e-01  -1.6786206e+00  -2.4189798e-01   1.2060469e+00  -6.3475379e-01  -3.3886010e+00   5.7078033e-01  -1.0178001e-01
   2.0000000e+00  -1.7278959e+00   7.6497632e-03  -3.0033791e-01  -5.8777276e-01  -4.7602809e-01   2.3097868e-01   5.6988868e-01   1.1610595e+00  -2.4659944e-01   1.1411666e+00   1.9589446e+00   1.2070707e+00   2.1091491e+00   2.6513031e-01  -1.2217167e+00  -5.8580870e-01   4.1927374e-01   8.6621370e-02
   2.0000000e+00  -4.0469852e-01  -1.0184683e+00   9.2265566e-01   3.7838659e-01  -4.4700265e-01   4.6422689e-01  -6.4488829e-02   4.3893554e-02  -1.8669191e+00  -1.6156014e+00   1.1593063e+00   9.0487030e-01  -1.0079031e-01  -4.1241161e-01   1.9071369e+00   7.0140238e-01   1.2255381e+00   9.6651815e-02
   2.0000000e+00  -1.2036690e+00  -2.4468611e+00   8.8010190e-01   1.8400388e+00   3.6182562e-01  -1.8530161e+00   2.0860316e-01  -1.8780487e+00   4.9175893e-01   1.1114093e+00   8.6929474e-01  -1.8036095e+00   3.6663272e-01   1.0953510e+00   2.6358734e+00   1.0081536e+00   1.1326243e+00   3.8896816e-01
   2.0000000e+00   8.2841493e-01   3.6900401e-01   2.6530522e-01   3.6637442e-01  -1.3462808e+00   8.2975306e-01   2.4408071e-01  -1.9020967e-01   9.6129476e-01   3.4535849e-01  -1.7491543e-01   3.5403888e-02   5.0102694e-01   1.3325740e+00  -6.4208386e-02  -5.4891438e-01  -1.0479758e+00  -5.1178455e-01
   2.0000000e+00   8.7007809e-01   8.6425763e-01   5.8502195e-01   1.2337572e+00  -1.4389848e+00   8.4148290e-02   2.4178148e-01   2.3682139e-01  -4.3781847e-01  -7.6282665e-03   1.5261085e+00   1.2409073e+00  -1.2403504e+00  -9.4462403e-01  -1.3031856e+00   5.3955006e-01  -1.3860241e+00   8.7803254e-01
   2.0000000e+00   1.1793245e+00   3.8076681e-02  -4.0960475e+00   3.8985615e-01  -4.8175476e-01   2.2427416e-01  -9.4670177e-01  -1.2637820e-01  -2.9177668e-01   1.2400976e+00  -1.3283710e+00  -1.1114877e+00   1.9607275e+00   5.9935612e-01   2.3522070e+00   2.1223029e-01  -1.0962170e+00   5.0961852e-01
   2.0000000e+00   1.2387518e+00   5.0297067e-01   7.6852485e-01   1.2099318e+00  -4.3063574e-01  -2.2477437e+00   1.1219748e+00  -7.7339750e-01   2.3845319e-01   4.2428802e-01  -1.1046160e+00   1.1984601e+00  -3.5858320e+00   5.2656570e-01   5.2941943e-01   1.8513383e+00   2.3011373e-01   5.8558390e-01
   2.0000000e+00   5.3559525e-01  -1.9864337e-01   3.0009331e-01   9.0177111e-01   1.1115048e-01   3.9178287e-01  -5.7538438e-02  -4.7632671e-01   7.9205832e-01  -6.7190363e-01  -7.6194636e-01   1.2710449e-01  -9.1545343e-01  -1.0092853e+00  -8.9834427e-01   6.4466736e-01  -1.4446968e+00   1.6075193e+00
   2.0000000e+00   1.1437789e+00  -3.6112941e-01   5.8757848e-01  -8.6669769e-01  -1.6249486e+00  -3.5136019e-01   1.2824663e+00  -1.2155271e-01   4.9286080e-01   7.6249918e-01  -1.2931985e+00  -1.2285959e+00   6.2398166e-01  -9.4319480e-01   3.5493456e-01   9.7705501e-01  -1.0366386e-01  -2.6561226e+00
   2.0000000e+00   7.2072254e-01   3.5927885e-01   7.5983584e-01   3.4813971e-01   5.2807922e-01  -2.1488825e+00  -1.3066431e+00  -7.3656749e-01  -1.5426703e-01   1.2156308e-01   7.2285902e-01   1.2151400e-01  -1.1894206e+00  -1.4204294e+00   7.5746389e-01   1.1220231e-01   1.6426364e+00  -1.0078409e+00
   2.0000000e+00   9.5237749e-01  -1.1319434e+00  -6.7537427e-01   1.0354320e+00  -1.8608884e-01   9.8135331e-02   1.5674969e+00  -2.2601065e+00  -1.5102030e+00   8.4747026e-01   1.8546911e-02   5.2759332e-01   3.2000457e-01  -9.6124362e-01  -2.3047619e+00  -1.8606202e+00   8.6856941e-01   6.8087515e-01
   2.0000000e+00   1.4549367e-01   1.0421129e+00   6.8478619e-01   1.2374257e+00   2.5159453e-01  -3.2355119e-01   7.7899972e-02  -1.3145765e+00   6.7450102e-02  -3.2084692e-02  -2.4134069e-01  -1.9247655e+00  -4.0746553e-01  -2.2471500e+00   6.4906102e-01   9.7730465e-01  -1.1363362e+00  -5.8826108e-01
   2.0000000e+00   2.6673350e-02   5.1667481e-01  -3.0916080e-01   6.3932727e-01  -9.3848312e-01  -9.1862942e-01  -6.3803625e-01  -4.1491358e-01   1.4035378e-01  -1.2694623e+00   3.2227822e-01   3.3311127e-02  -1.1978545e+00   5.5349617e-01  -7.1642927e-01  -1.3520667e+00   9.1506871e-01   8.7950492e-01
   1.0000000e+00   9.9247191e-01  -8.2399851e-01  -1.7381956e+00   1.6322387e+00   4.7364641e-01   1.1092075e+00   1.5260476e+00  -6.7567586e-01  -3.3698141e-01   5.1775545e-01  -2.3370504e-01  -2.6870348e-01   3.8855372e-01   2.3799440e-01   4.8021347e-01   4.3552637e-01   4.2576214e-01  -9.5260847e-01
   2.0000000e+00   4.9580324e-01   9.4975708e-01  -6.9358004e-01  -1.4649853e+00   1.0540597e+00   1.6610140e+00  -3.3134287e-01  -1.5519436e+00  -2.2825983e+00   9.7155907e-01   1.2320653e+00  -2.4830614e+00   5.7574717e-01  -1.9971014e+00  -5.7058419e-01   1.1574256e+00   1.2042612e+00  -1.1181437e+00
   2.0000000e+00   2.7906111e-01   5.0192249e-01  -1.5052869e+00  -1.9975023e+00  -1.5685045e-01   7.8245591e-01   9.1202360e-01   5.2018499e-01  -2.4340526e-01  -5.3697724e-01   2.1295245e-01   1.0078144e+00  -3.6684700e-01  -4.9760119e-01   1.3401720e+00   5.4406850e-01   1.5788436e+00   1.4379690e+00
   1.0000000e+00  -1.1419418e+00   3.5898179e-01   6.5595437e-01  -3.1630489e-01   3.6360717e-01   7.4637650e-02   6.9938585e-01   8.1885164e-01  -2.0424250e-01   4.7163141e-01  -7.8463748e-01  -7.6245186e-01   1.2298883e+00  -3.5711804e-01   3.1708493e-01  -1.6341480e+00  -4.0111338e-01  -1.2745252e+00
   2.0000000e+00  -1.1431903e-01  -1.0991112e+00  -6.6009377e-01  -2.4934098e-01   1.0634988e+00  -2.7914288e+00  -7.2244060e-01   2.1916203e-01   3.0314520e-01  -1.0759476e+00   5.8333873e-01  -1.6476927e-01  -2.0660325e-01  -3.9845762e-01   1.5893019e+00   2.5813635e-01   5.5498961e-01  -1.3849401e+00
   1.0000000e+00   1.6924094e+00  -1.2240094e+00   5.8689808e-01   3.9476548e-01   7.7298632e-01  -6.8106098e-01  -6.9588562e-01  -1.4400559e+00  -1.0684506e+00  -7.5540179e-01  -1.0330613e+00  -1.3672778e+00   6.7230049e-01  -3.3277306e-01  -8.5022809e-01  -2.0726363e-01  -1.7509700e-01  -1.7193090e+00
   2.0000000e+00  -1.4902734e-01  -2.0636384e+00  -8.9254334e-01   7.2247332e-01   1.1610105e+00  -5.4610078e-01  -1.0048964e+00   1.0890113e+00  -7.8600031e-01  -1.5100701e+00   1.5803960e+00  -1.1890479e+00   4.5830320e-01   3.9083483e-01  -7.3827117e-01   2.1325324e-01  -1.8715355e+00   1.2599258e-01
   1.0000000e+00  -1.2332873e+00  -8.4595872e-01   7.8013420e-01   2.5023861e-01   3.9135135e-01  -3.1298516e-01  -1.2103581e-01  -1.5834860e+00   1.4204195e-02  -7.2098922e-01   3.9918712e-02   8.1790304e-01  -1.1959259e+00  -6.6663737e-01  -3.7433574e-01  -1.9124375e+00  -7.6679721e-01  -2.3535942e-01
   2.0000000e+00  -5.9100074e-02   6.6762335e-01  -1.6420586e-01   4.3267104e-01   9.6579119e-01   1.1407609e+00   1.3297326e-01  -9.4998085e-01  -7.7818840e-01  -1.0857043e+00  -9.5748247e-01  -1.2464419e+00  -1.6185807e-01   1.5766708e+00   1.1336040e-01  -1.1972245e+00   1.7934410e-01   1.8398723e+00
   2.0000000e+00  -2.3841970e-01  -2.4586908e+00  -7.8107546e-01  -1.1430509e+00   5.2631416e-01   5.3936319e-01  -6.9015547e-01  -1.1914053e+00  -6.2156302e-01  -1.5447017e+00  -8.5481733e-01   1.1331556e-01  -3.2767738e-01   3.0064995e-01  -1.0319314e+00  -2.8935555e-01  -2.5120835e+00  -1.6677424e+00
   2.0000000e+00  -5.6985405e-01   8.6851734e-01  -1.1404834e+00   2.0509511e-03   3.4993262e-01   3.4130742e-01   1.9459408e-01  -1.4580718e-01  -6.7964407e-01  -6.0675038e-01  -1.0887383e+00  -1.0218920e+00   2.3488126e-01  -1.7613180e+00  -5.5192807e-01   5.3081271e-01   1.5991057e+00  -9.9841827e-01
   1.0000000e+00   1.5860624e+00   4.3839384e-03   1.9892313e+00   7.2863502e-01   3.2881210e-01   6.5486146e-01   2.6843229e-01  -1.1362986e+00  -9.1779187e-01  -8.5667359e-01   4.1526282e-01   5.1564523e-01   6.2535639e-01  -4.2999262e-01  -4.0184053e-01  -1.3375237e+00  -3.0350913e-01  -8.4967041e-01
   1.0000000e+00  -1.3347868e+00  -1.3932635e+00   2.4067771e+00   1.1752130e-01   1.4897055e-01   1.4884147e-01  -6.1662754e-01  -1.0727642e-01  -5.4357852e-01  -2.9051486e-01  -1.7604314e+00  -6.2279769e-01   3.1049713e-01  -3.6596261e-01  -9.9273124e-01   7.6931280e-01  -8.2781241e-01  -1.3684605e+00
   2.0000000e+00   7.7552204e-01   4.5349315e-01   1.1508722e+00   5.0709494e-02  -9.4036390e-01  -2.6386924e-01  -7.9654702e-01  -1.2459791e+00  -1.1707389e+00   2.0658493e+00  -1.4743101e+00   7.0822646e-01  -8.5664865e-01   8.9504704e-01  -7.4805772e-01   6.6340062e-02   8.0470386e-01  -1.9319974e+00
   1.0000000e+00   1.6369134e+00   7.8656160e-02   6.5343456e-01   7.2498091e-01   7.5644814e-01   3.4307191e-01  -7.0567175e-01  -2.3526038e-01   1.3731461e+00  -9.8831810e-01  -6.9497350e-01   2.4556763e-01  -3.4216791e-01  -2.2880128e-01   5.9339296e-01   1.2597027e+00  -2.3084339e-02   8.7970584e-01
   2.0000000e+00  -2.5480372e-01  -1.1847307e-01   1.3036503e+00   4.8549200e-01  -1.1058508e+00   2.3615501e+00   1.7053089e-01   5.7641807e-01   1.5834997e+00   1.0071434e+00  -1.3769995e-01   6.2104788e-01  -1.2571865e+00  -2.1769046e-01   3.9567965e-01  -6.6182449e-01   6.6861477e-01  -8.6727504e-01
   2.0000000e+00   3.0426920e-01  -1.2068230e+00   7.3781623e-01  -8.5120421e-02  -2.4483903e-01   1.1891366e+00   3.2468950e-01   2.3380849e+00   5.6636696e-01   2.9702116e-01  -1.1155217e+00  -1.2732156e+00  -2.2694871e-01  -1.0284777e-01  -7.7909099e-02   2.3303347e+00   4.6065320e-01  -4.2584165e-02
   2.0000000e+00  -4.3538051e-02  -3.6109322e-01  -4.6616795e-01   1.8784329e+00  -7.8085759e-01   8.6711925e-03  -1.4157434e-01   3.1796729e-01  -1.3938243e-01   7.0075284e-01   4.2515059e-01   4.8773787e-01   1.5936513e+00  -1.0972137e+00  -8.8773020e-01  -6.7992600e-02  -7.6619420e-01  -2.6687621e-01
   2.0000000e+00   3.5026565e+00  -1.0213107e+00  -1.3993007e+00  -7.1783481e-01  -1.0290457e+00  -7.8252283e-01  -8.0192719e-01  -4.1996581e-01  -2.3345176e+00   8.3420621e-01  -7.7083524e-01   1.5226139e+00  -4.7512754e-01   1.0727118e+00  -4.2192762e-01  -5.2073296e-01  -4.4431252e-01   9.0446433e-01
   2.0000000e+00  -2.3468700e-01   4.5613167e-01   1.7102262e-01   1.1031563e+00   4.9936801e-01   7.3511003e-01   1.3669457e-01  -1.2170278e+00   1.6224093e-01  -7.3665712e-01  -6.7279928e-01  -1.2599580e+00  -1.0809571e+00   1.0616688e+00   1.3198921e+00   1.0781596e-01  -2.2149237e-01   2.2560737e+00
   2.0000000e+00   1.1050983e+00  -3.3692114e-01  -2.2222985e-01   3.2115145e-01  -1.3507470e+00  -3.2876048e-01   3.7396312e-01  -1.1537972e+00  -6.7028277e-01   3.2393424e-01  -5.8228297e-01   9.3180289e-01  -1.0318899e+00  -6.9772707e-01   1.2485640e+00  -4.9195852e-01   1.2651996e-02  -4.3448814e-01
   1.0000000e+00   1.4077358e+00  -1.1245423e+00  -5.1453011e-01   2.2219326e+00   5.5112798e-01   2.0253176e+00   2.5329317e-02  -1.9087605e+00   1.2898274e-01  -1.6251680e-01  -4.3591225e-01   2.9563465e-01  -8.0227137e-01  -5.3311293e-01   4.9979022e-01   3.2250345e-01   1.8050420e-01   1.0234221e+00
   1.0000000e+00   6.6816773e-01  -8.1144532e-02   1.1822079e+00  -1.8450638e-01   1.7649117e-01   1.4581698e+00   3.4182024e-01   3.2039412e-01  -2.6508360e-02   1.1771988e+00  -2.2263931e-01   1.5763016e+00  -1.0076288e+00  -7.5352075e-01  -2.8403657e-01  -4.8259685e-01  -1.1144723e-01  -5.3700234e-01
   2.0000000e+00  -3.0963283e-01   3.7438869e-01  -1.5874515e-01   1.5855749e-01  -1.2697242e+00  -6.7028674e-01   1.0712803e+00  -1.0351128e+00   2.4392889e-01  -5.5259550e-01  -6.9611906e-01   2.2027523e+00  -1.7696010e+00  -9.3808920e-01   1.2206289e+00  -6.3986690e-01   2.0605900e-01  -7.8514638e-02
   2.0000000e+00  -7.0182618e-01   7.0720778e-01  -3.6480612e-01  -7.9204235e-01  -2.1014933e-01   5.9066675e-01   6.3196247e-01   2.1440814e-01   3.9003400e-01   1.0431875e-01  -8.0085098e-02   9.4436983e-01   2.5100422e-01   6.7740293e-01  -1.2520641e+00   4.7935208e-01  -1.1817000e-01  -8.9850496e-01
   2.0000000e+00  -7.5552580e-01   1.0111181e+00  -7.5452946e-01  -1.8783406e+00  -6.5281647e-01   1.6364967e+00   1.9561655e-02   1.9522227e+00  -1.3051028e+00  -3.2647611e-02  -1.0018494e+00   1.4037855e+00   1.5871562e+00  -9.0502691e-01   1.4466165e+00  -2.1394070e-01  -8.2730504e-01  -2.0396592e-01
   2.0000000e+00  -7.3951519e-01  -3.0474160e-01   1.1314246e+00   1.5064434e+00  -4.6029913e-01   2.2030578e-01   1.3476949e+00  -1.2858106e+00   8.7767994e-02  -6.3665512e-01   6.3711435e-01  -1.1945141e+00   9.6081527e-01   9.0538706e-01   3.5894256e-01   7.6986367e-01  -8.9446779e-03   1.9870954e-01
   1.0000000e+00   1.0981741e+00   2.6486711e-01   4.4657877e-01   7.7358347e-01   6.5799710e-01   1.5115129e+00  -3.2796217e-01  -7.1772652e-01   2.1773048e-02   4.8424306e-01   3.4182616e-01   9.2590404e-01  -1.3619185e+00   6.2937891e-01   1.9136320e+00  -1.6432867e-02   6.5900924e-02  -3.5933301e-01
   2.0000000e+00   8.0552990e-01   1.6254937e-01  -3.9717847e-01   2.8368937e-02  -6.0885131e-01   1.0543272e+00  -1.4421902e-01   8.0396325e-01   1.7019077e+00  -3.3068249e-01   6.5302026e-01   5.8777718e-01  -1.2588572e+00   1.8301194e+00   1.1140208e+00   6.2720776e-01  -1.8479873e+00  -6.9255506e-01
   2.0000000e+00   3.3881960e-01   1.0515392e-01  -4.2476422e-01  -7.6274265e-01  -8.8528961e-01  -5.8604677e-01   9.2901616e-01   9.6439292e-01  -5.6564837e-01  -8.7035188e-01  -1.1135642e-01  -2.4335936e-01   1.4536104e+00   1.1028331e+00  -6.7207368e-01   9.1089011e-01  -7.3677136e-01   3.3131543e-01
   2.0000000e+00   1.7541430e+00   1.7827368e-02  -2.7537393e-01  -1.0496303e+00  -1.7681493e+00   1.1744801e+00   7.2630600e-01   3.2586166e-02   4.9300851e-02   1.1869181e+00   5.2021003e-01  -5.6970915e-01  -9.1294525e-01   1.1099718e+00  -4.5832974e-01   4.4397415e-02   8.5872032e-01   1.4081548e+00
   2.0000000e+00  -2.1597979e-01  -1.7780792e+00  -4.1395902e-01  -3.8320215e-01  -8.5019111e-01  -1.8485458e+00   7.0211903e-01   2.4157502e+00  -3.8156670e-01  -2.5412108e+00   2.0306330e+00  -7.6747319e-01  -6.5476050e-01   9.4934834e-02   1.1376744e-02   9.5117564e-01  -1.1528992e+00  -8.0308082e-01
   2.0000000e+00  -2.0839955e+00   4.2415527e-01  -4.0411030e-01   6.7508409e-01   9.2604619e-01   1.3529210e+00  -2.4445836e+00  -2.1024643e-01   6.2037133e-01  -4.8941678e-01   6.8689059e-01  -4.0983821e-01  -2.0314227e+00   6.3063775e-01   8.7053359e-01   9.5370711e-01   5.4278860e-01   6.1603608e-01
   2.0000000e+00   6.1461696e-01  -7.7905811e-01  -5.4806022e-01  -1.1942578e+00  -1.7437854e+00  -5.3689708e-02  -4.9193654e-01   3.8608057e-01   9.7826313e-01   1.0704964e-01   5.5239727e-01  -6.7843553e-01  -5.7451877e-01  -9.9686558e-01   8.9797580e-01  -9.6915687e-01   6.9789665e-03   1.8799939e-01
   2.0000000e+00   6.8942087e-01   1.9277303e-01   4.3232658e-01   2.1657978e-01  -1.1954222e-01   1.3318368e+00   5.4745844e-04   1.5143515e+00   1.8846337e-01   3.4184364e-01   2.3827721e+00  -1.9565872e+00   2.5532827e-01  -6.1940305e-01   2.0996897e-01  -9.0855946e-01  -1.8287178e+00  -1.1459728e+00
   2.0000000e+00   4.4287173e-01  -5.0222073e-01   5.6006964e-01   2.9937797e-01  -4.5309721e-01  -5.3094205e-01   1.1732384e+00   7.4772216e-01   9.6554197e-01  -1.4123018e+00   1.2664472e+00   1.8438933e-01   3.0239499e-01  -3.7543587e-02   2.5513609e-01  -5.2403153e-01  -6.4687871e-01  -4.0403486e-01
   2.0000000e+00  -2.0999690e+00  -9.6045012e-01  -8.2552104e-01   1.8947315e+00   2.0688984e-01   4.0364836e-01  -5.1375355e-01  -7.8463148e-01  -5.0551045e-01   9.4033267e-01  -3.1112627e-01   4.9002710e-01   9.1885236e-01  -6.6325607e-01   3.6645215e-01  -1.6435004e+00   1.1360884e+00   3.1711920e-01
   2.0000000e+00   5.6440395e-01   6.9884239e-02   1.1398214e+00  -4.5590166e-01  -1.0685487e+00  -1.8593617e+00   9.3581548e-01   5.4360855e-01   1.5853461e+00   4.0864362e-01   7.8153225e-01   1.3509340e-01   1.4547572e+00  -1.4934368e+00   9.2334819e-01   8.9312114e-01  -1.3735681e+00   2.8360698e-01
   2.0000000e+00  -1.2530767e+00  -5.0100101e-01   9.6030319e-01  -6.9587673e-02  -1.3854537e-01   8.3444177e-01   1.4221062e+00   6.1624566e-01  -8.1054181e-01   4.7328591e-02   6.2117507e-01   5.2950370e-01  -1.8704793e+00  -1.0123085e+00   4.8066413e-01  -5.3969923e-01   7.4087077e-01  -3.7366325e-01
   2.0000000e+00   2.7657687e-01  -1.1857696e+00  -2.1255962e+00   1.4273258e-01  -1.1124045e-01   1.0095868e+00   1.2794684e+00  -6.5996356e-02   1.5854194e+00  -1.6536112e+00  -1.0828687e+00  -7.7787545e-01   8.4065278e-01   1.6774404e-01   1.4452500e+00   4.1648823e-02  -9.4267813e-01  -1.0176127e+00
   2.0000000e+00   3.7494371e-01  -1.2997256e+00  -1.9311138e-01  -4.0205997e-01  -9.4671340e-01  -2.7143678e-01   9.4741692e-01   2.3081645e+00  -9.1113779e-02  -3.9268701e-01  -5.7214423e-01   1.3282501e-01  -3.8117234e-01  -1.0398754e+00  -5.1612024e-01   7.0557691e-01  -9.9612317e-01   2.0406240e-01
   2.0000000e+00  -2.2952380e-01   2.8858683e-02  -3.0751221e-01  -1.3449706e-01   1.0194396e+00   9.6716973e-02  -1.4344077e-01  -4.2285054e-01   1.4693063e+00  -1.2592862e+00   1.7793320e-02  -5.7581179e-03  -3.4584019e-01  -1.2418774e+00  -8.3307303e-01   2.4182433e+00   7.4890002e-01   3.5798236e-01
   2.0000000e+00   8.5731991e-01  -8.3915855e-01  -1.0123506e+00  -3.7182246e-01   6.2095596e-01  -4.9678143e-01  -1.0150032e+00   1.5354827e-01  -4.8081025e-01  -4.5475866e-01   9.2410060e-01  -5.8056428e-01   7.8155889e-02  -1.0894927e+00  -1.5030432e+00  -7.4174363e-01   1.4213514e+00   6.9841880e-01
   2.0000000e+00   3.9383835e-01   1.2243201e-01   7.0978120e-01   5.5919597e-01  -3.0902014e-01  -3.4619904e-01   1.7062288e+00  -3.7992074e-01  -1.4494234e+00   2.4521630e-01   1.4513361e-01   1.7934384e+00   8.5153432e-01  -5.4543485e-01   1.2932474e+00  -5.9215826e-01   1.1965900e+00   2.3077258e+00
   2.0000000e+00  -1.3287459e+00   1.3620562e-01  -3.6284557e-01  -1.4931137e-01  -1.6060878e+00   3.8174276e-02   9.9516783e-01  -4.8008532e-01   5.6603101e-01   9.5248826e-01  -7.0319868e-01  -1.2132747e+00   1.1012187e+00   9.8520183e-01   3.4581968e-01  -6.7939020e-01  -5.2028398e-01  -1.1444932e+00
   2.0000000e+00   3.1047343e-01   7.6046191e-01   1.4503276e+00  -1.1594241e+00  -5.0756969e-01  -8.0117611e-01  -8.0269218e-01  -6.3676720e-02   5.3912599e-01   1.4899450e-01   8.9674371e-01   1.4268097e+00  -9.8087939e-01   5.8016288e-01   1.6089383e+00   9.7785197e-01   1.2039187e+00  -2.3660704e-01
   1.0000000e+00  -1.0194634e+00  -7.7613562e-01   1.0044535e+00  -3.7023444e-01   2.4582450e-01   4.5740099e-02  -3.9692322e-01   8.3618443e-02  -1.1521733e+00   2.1522710e-01   9.2817885e-01   4.5497593e-01   1.1923287e+00  -1.2862917e+00  -6.7645431e-01   2.6510969e-01   2.5664574e-01   4.2367561e-01
   2.0000000e+00  -1.4428167e+00   1.0737168e+00   1.7428587e-01  -8.2505413e-01  -4.2862648e-01   7.7073221e-01  -6.9754979e-01   9.9875355e-01  -4.4924697e-01  -5.8063688e-01  -2.9295355e-01   4.7905680e-01  -1.1183330e+00   2.3729459e-01   7.6177141e-01   7.9653191e-01  -8.8759313e-01   4.4179212e-01
   2.0000000e+00  -2.4563632e-01   9.0085801e-01   1.8495847e+00   9.9521677e-01   9.3021686e-01  -5.1451095e-01  -6.6311609e-01  -1.6114337e-01  -7.9012577e-01  -2.1501130e-01  -2.0321062e+00   2.2459426e+00   1.2536307e+00   7.1327865e-01  -6.1808926e-01   5.1500665e-01   4.4983114e-01  -8.4393291e-01
   2.0000000e+00   1.2767300e+00  -1.4754490e+00  -1.9316382e+00   1.9418732e-01  -2.1197318e-01   2.0667462e-01  -1.5011129e+00   7.1142471e-01   2.2858806e-01   3.8594812e-01  -5.8155555e-01  -1.0724391e+00  -8.5525701e-01  -1.2406262e+00   6.7836584e-02  -6.0006140e-01   4.3416603e-01   2.4094906e+00
   2.0000000e+00  -5.3296818e-01  -4.1727117e-01   3.8448709e-01   2.9185711e-01  -3.1441093e-01   5.5918278e-01   9.9186256e-01  -1.5236226e-01  -1.7013033e+00  -2.0091947e+00   1.3038380e+00  -1.7146424e+00  -2.6532029e-01   2.2788157e-01   7.5035543e-01   1.2239371e+00  -1.5919112e+00   1.1667089e+00
   2.0000000e+00  -1.5022791e-01   6.9309562e-01  -6.8521826e-01  -1.9298433e+00  -5.4159439e-02  -6.1335574e-01  -3.6059241e-01   9.5550385e-01   2.9807961e-01   4.3429353e-01  -2.0407037e-01  -4.8671432e-01  -8.2086655e-02   1.7213765e-01  -4.0819633e-01  -4.7189745e-01  -7.3513385e-01  -1.5584538e+00
   2.0000000e+00  -1.2556539e+00   7.8217445e-01   6.9639745e-01  -1.4960421e+00   6.6599066e-01   4.3337101e-01   6.3433248e-01   2.4617945e-01  -7.5692148e-01  -1.1003883e+00   3.5934043e-01  -4.5470663e-01   1.5664243e-01  -7.5116811e-01  -1.5497446e-01   1.3654763e+00   1.6569838e+00  -7.1716770e-01
   2.0000000e+00  -3.1907280e-01   8.4062240e-01  -1.0918572e+00  -1.7496116e+00  -5.0122828e-01  -6.5831885e-01  -1.0969745e+00  -3.2660124e-01  -8.7490892e-01  -1.1414230e+00  -1.1368384e+00  -4.5007467e-01   2.1225700e-01   1.2160641e+00  -9.9109193e-01   8.5929418e-01  -4.5530378e-01  -9.1207285e-01
   2.0000000e+00  -1.6269369e+00   2.1814284e+00  -2.8699630e-02  -3.3538441e-01  -1.3120542e-01   1.4632049e+00   1.2151969e+00   7.7972906e-01   1.0352206e+00  -1.1072544e+00   1.4798110e-01  -1.3806451e+00   7.2276218e-01  -8.3607225e-01  -8.9907886e-01   3.0292900e-01   1.3055699e+00   2.2413552e-01
   2.0000000e+00   5.8610378e-01  -4.1015034e-01   9.5242724e-01   9.4229762e-01   1.2405716e+00   8.3190283e-02  -8.1256324e-01  -2.5167072e+00   2.1118216e-01  -1.8347005e+00  -6.4283866e-01   5.1689624e-01   1.0176305e+00   3.3829015e-01  -1.2179718e+00  -2.2354657e-01   3.2739192e-01  -8.4415882e-01
   2.0000000e+00  -2.9337551e-01  -1.4453956e+00  -5.3604141e-01   6.0602984e-01   1.2861604e+00   1.1203492e+00  -6.2032658e-01  -7.0627733e-02  -1.2209637e+00   1.0481165e+00  -2.6254966e+00  -1.7401713e-01  -6.0399084e-01   7.0337850e-01  -1.0498535e+00  -1.0519954e+00   2.1781640e-02   7.7351706e-01
   2.0000000e+00  -5.1729979e-01   7.4595423e-01   7.4627248e-01   8.4592125e-01  -6.0544940e-01   6.6993445e-01   4.6449904e-01   3.5891370e-02  -6.7227129e-02  -6.6138678e-01  -1.3316211e+00  -3.9232608e-01   8.7056754e-01  -4.1824072e-01   1.3269081e+00  -1.1681738e+00   1.4822747e+00  -1.6204128e+00
   1.0000000e+00  -5.5508322e-01   1.3304144e-01   2.0768882e-01   9.2118849e-01   2.0422524e-01   4.8613062e-01  -2.0101621e+00   7.7957703e-01  -5.2555581e-01   5.5999009e-01   2.0963587e-01   1.1571949e+00   2.2406455e-01   2.5555574e-01  -1.0827239e+00   5.0041354e-01  -5.4381003e-01  -1.6669639e+00
   2.0000000e+00  -3.6023831e-01  -5.2505925e-02   1.6041455e-01   6.2490222e-02   8.8952321e-02   3.3325508e-02  -1.1190573e+00  -9.8033086e-01   1.9980107e+00  -9.0090388e-01   1.8062934e-01  -8.6331742e-01  -1.6325952e+00  -7.5905019e-01  -1.2650165e-01   1.3877888e+00   1.1687154e+00  -1.4913166e+00
   2.0000000e+00   1.3526863e+00   4.9454702e-01  -1.3797553e+00  -8.1412497e-01  -1.4482285e+00   6.2450355e-01   4.8999390e-01   9.7350195e-01   1.6409382e+00   1.4108247e+00  -8.1719576e-02   4.3743694e-01  -2.1336243e+00  -2.5570312e-01  -2.7421564e-01  -2.5942037e-02  -5.5617247e-01   5.2002669e-01
   2.0000000e+00   5.0048435e-02  -4.8173160e-01   1.8339496e+00  -3.9773333e-01  -1.0231288e+00   3.4558535e-01  -9.1200325e-01  -4.9465298e-01   5.1266261e-01  -5.8241888e-02  -7.7653004e-01  -1.5943332e-01   2.1969940e-01   9.3726634e-01   1.5635107e-01  -9.3394638e-01  -1.5074003e+00  -2.1419563e-01
   2.0000000e+00   5.8513610e-01   1.3780890e+00  -1.1337567e+00   1.0519858e+00  -2.7435677e-01   3.5573681e-02   6.5877769e-01  -1.1061321e-01  -5.2497251e-01   3.0739376e-01   1.8357581e-01  -8.3947824e-01  -5.2723131e-01  -8.7909314e-01  -4.2202941e-01  -1.3998248e-01  -2.0294010e+00  -1.1164537e+00
   2.0000000e+00  -1.6378928e-01  -1.6411206e+00   1.0914650e-01   2.4659808e-01  -1.1186373e+00   1.6101352e+00   8.6549452e-01  -4.4539360e-01  -3.2613011e-01   1.4817632e+00  -2.2830823e-01  -1.3123764e+00  -4.0877866e-01   1.6408663e-01  -1.0559623e+00  -1.0326556e-01  -7.9289051e-01   1.3155033e+00
   2.0000000e+00   4.1235758e-01  -1.2092897e+00  -2.2093554e-01   1.0031882e-01  -1.2875560e+00   5.7237753e-01   2.4527632e-01  -4.2391343e-01  -9.2727227e-01  -6.0158905e-01   1.3258707e+00   1.0607343e+00   3.0249998e-01  -1.3420935e+00  -2.9260012e-01  -1.6234208e+00  -4.8644613e-01   6.4712145e-01
   2.0000000e+00  -2.8612821e-01  -6.0893287e-02   1.2591080e+00   1.1818700e+00   1.3609564e+00  -2.0370526e-01   8.0813256e-01   1.7282216e+00  -7.8112323e-01  -8.0363836e-01  -1.1726850e+00  -2.8938161e-01  -2.4843641e-01   8.5477187e-01  -1.5326747e+00   2.3496683e+00   2.5215102e-01   2.1625321e+00
   2.0000000e+00   2.5028907e-01   1.9858876e+00   9.9826163e-01   2.1137472e-01  -8.0586589e-01  -1.7833111e+00  -4.0830245e-01  -3.5010027e-01  -1.5749164e+00   1.6313987e-01  -4.7309204e-01   9.8841082e-01   1.0011287e-03   5.1497516e-01   1.7627894e-02  -7.4605108e-01   4.6089678e-01   1.3072029e+00
   2.0000000e+00  -8.2528167e-01  -1.6605243e+00   9.6772172e-01   1.0449057e+00  -4.2275427e-01  -6.9465332e-01  -8.2017397e-01   1.5799619e+00   5.6057515e-01   9.9658083e-01  -4.5659111e-01   3.6052181e-01  -2.1595075e-01   7.4348132e-01   1.1856190e+00  -4.6309491e-02   1.1568992e+00   7.2219183e-01
   2.0000000e+00  -1.2153068e-01  -1.0703726e+00   1.1075057e+00  -4.8199750e-01  -3.4901879e-01  -1.3479982e+00  -1.1186308e-01  -4.0608205e-01   8.8299044e-01  -6.6557758e-02   7.2566734e-01   1.2621164e+00   8.8002141e-01  -2.3900091e+00  -2.9934505e+00   3.3905127e-01  -1.1983448e-01   1.0376115e+00
   2.0000000e+00  -2.0259466e+00  -5.4381903e-01   6.3946747e-01   6.4789271e-01  -1.1968951e+00  -2.3512284e+00   1.0936294e+00   2.8218211e-01  -8.4066994e-01   8.1248950e-01   9.0649817e-01   7.5622214e-02   8.0397236e-01   3.6891939e-01  -6.4182155e-01   1.0203206e+00   7.2337520e-01  -9.0111350e-01
   2.0000000e+00   1.5223632e+00   1.4041188e-03  -1.1711730e+00  -1.2200375e+00   9.7579994e-01  -2.3191595e-01   2.3439745e-01   2.3023463e-01  -1.5351283e+00  -5.6587135e-02  -9.9344387e-01  -3.8881665e-01   3.6156716e-01   3.5941858e-01  -4.1625618e-01  -2.6753525e-01   6.9931082e-01   1.6877996e+00
   2.0000000e+00  -1.6616825e+00  -1.5267282e+00   2.6600415e-01  -1.0842651e+00  -1.6876653e-02   1.5521971e+00  -1.4595936e+00   1.0948763e+00   1.0115401e+00   1.3947633e-01   1.6822637e+00  -3.1081254e-02  -6.2073164e-01  -2.2680977e-01   1.4111714e+00   1.9088911e+00   1.5793656e+00  -1.7796924e+00
   2.0000000e+00   2.3224109e+00   6.1895526e-01  -7.3129377e-01   1.0981620e+00  -1.1353372e+00  -8.2470730e-01   4.9827953e-01   4.4713691e-01   2.5314291e-01   8.3322967e-01   1.2722513e-01   4.1351383e-01  -5.9534523e-01   1.2610922e+00  -6.9343744e-01   2.2775457e+00   4.8236522e-01  -1.7048222e+00
   2.0000000e+00  -1.6610387e-01  -6.6808692e-01   1.3934287e-01  -1.1674414e+00   2.1204998e+00   4.9400043e-01  -4.6818907e-02  -1.9442576e-01   7.8786539e-01  -2.2507136e+00  -2.9454635e-01  -7.7751463e-02   1.2516340e+00  -1.4429955e-01  -6.2754896e-01  -7.4218315e-01  -2.6379941e-01   3.9553066e-01
   1.0000000e+00   1.0643938e+00   9.1903501e-01  -3.3454259e-01  -1.5964255e-01   3.7867522e-01   9.5379727e-01  -3.1051190e-01  -1.7579174e-01  -7.2375972e-01   4.9198866e-01   7.5070809e-01  -3.5359438e+00   1.6423757e-01  -4.1391900e-01   1.0483283e+00  -2.1443913e-01  -1.0213799e-01  -1.9693614e-01
   2.0000000e+00   3.9574491e-01  -4.5563840e-01   1.8389214e-01   4.2186696e-01  -2.8728465e-01   6.5536753e-02   1.1320179e+00   1.6622641e-01  -9.4196036e-02   1.3221946e-01   1.2319044e+00  -8.7143194e-01   7.3257139e-01   2.0023640e-01  -1.9319246e+00  -2.6099693e+00  -2.0104433e+00   9.7230907e-01
   1.0000000e+00  -6.4454379e-01   1.4354810e+00   3.6631267e-01  -7.6355241e-01   2.2167373e-01  -1.4136732e+00   7.8671181e-01   8.4354382e-01   6.5574007e-01   8.4266307e-01   1.4431535e+00   3.2294370e-01  -7.1540895e-01   4.6327226e-01   8.3593627e-03  -7.3563232e-01  -3.0465540e-02  -1.7680830e+00
   2.0000000e+00   4.6500665e-01  -2.4435772e-01  -2.0111947e+00   2.5384294e-01   5.3678136e-01  -5.3419889e-01  -3.3516325e+00   2.4085930e-01   1.1124483e+00  -2.7980332e+00  -6.7132460e-01  -5.1016507e-02  -1.9755735e+00  -1.4130813e+00  -6.9081416e-02   5.3205367e-01  -2.7907630e+00   1.1724582e+00
   2.0000000e+00   4.6847194e-01  -1.8902645e-01  -1.8937823e+00   1.8724021e-01   1.0216393e+00   7.2127405e-02  -1.0760510e+00   1.4214569e+00   1.3463191e+00   5.6186162e-01  -1.0811812e-01  -1.3350729e+00  -4.6812315e-01   4.3015105e-01  -8.0622725e-01   9.0435192e-01  -5.5152597e-01  -1.3692397e+00
   2.0000000e+00   1.5332936e+00   5.3839805e-01   2.9531654e-01   4.5649338e-01  -5.4765792e-01  -2.1069394e+00  -3.6242700e-01   1.3321027e+00   1.1046820e+00   9.3972453e-01   1.6300609e+00   2.9935555e-01  -1.3062023e+00  -2.5813758e+00  -5.8637028e-01  -1.0745614e+00  -2.2946471e+00   3.0986777e-01
   1.0000000e+00   8.8330357e-01  -6.0005707e-01   3.4906995e-01   5.9890077e-01   5.7905212e-01  -6.6197810e-01  -1.6504383e-02   9.9288413e-01  -1.2987884e+00  -1.2306864e+00   1.6410539e-01  -1.7732830e+00   1.0814827e+00  -5.2161407e-01  -3.2018373e-01  -1.2653590e+00   3.9500102e-01  -5.5482147e-01
   2.0000000e+00  -3.6816218e-01  -8.7091083e-01  -1.0085186e+00  -1.5785792e+00  -1.2710258e+00  -1.7375661e+00   2.0521448e-01  -1.2479611e-01   2.1462568e+00  -1.2008066e-01  -5.5028264e-01  -2.7786565e-01   2.4525465e-01   2.0870488e-01   7.2535294e-01   2.0934219e-01  -1.5210161e+00   5.1944287e-02
   1.0000000e+00  -7.7926111e-02   1.5429735e+00   1.7076070e-01  -1.2439276e+00   5.3438393e-01   1.0108956e+00   9.2678117e-01  -1.0288990e-01  -4.5349790e-04   2.0099003e+00   9.4166527e-01  -5.1349884e-02  -4.0463792e-01   9.8116656e-01  -4.3216728e-01   8.1989889e-01  -2.9717235e-01  -4.2364527e-01
   2.0000000e+00  -2.5174293e-01   2.3245707e+00  -1.7831369e+00   1.6376187e+00   2.4071652e+00  -1.7347327e+00   4.6970327e-01  -1.4739385e+00  -1.2819469e+00   1.0837482e-02  -1.3548559e-02  -1.4968928e+00  -6.6558438e-02  -7.0102836e-01   5.8634027e-01   3.7315409e-02  -5.1790381e-01  -7.5409038e-01
   2.0000000e+00  -4.3374701e-01   6.3571216e-01  -8.9964678e-01   1.6992538e-01  -1.4357608e-01  -2.1778576e+00   1.1461039e+00  -1.7534989e+00   1.9221584e-01   9.7850864e-01   8.1552889e-01   6.1831493e-01  -9.8540675e-01  -8.8086313e-01  -1.9553623e-01  -2.0889740e+00   2.1582725e-01  -8.8413579e-01
   2.0000000e+00  -1.6356995e-01  -8.2072013e-01   1.8083019e-01  -1.4171303e+00  -9.8918445e-01   2.4483947e+00   6.0301609e-01   7.9165759e-02   2.4112378e-01   1.3697636e+00   8.3733735e-02   3.3387971e-01   7.7266230e-01  -9.1437531e-01  -1.3991313e+00  -1.3404565e+00  -7.0318594e-01   3.5529388e-01
   2.0000000e+00  -9.5519200e-01  -1.7131720e+00  -2.3405679e+00   3.3272101e-01  -1.5239150e+00  -4.3925279e-01  -6.8082488e-01  -3.5496582e-01   2.4613364e+00  -2.1790207e-01   1.0434684e+00  -4.6929176e-01   7.5049342e-01   5.5686691e-01  -1.2428606e-01  -1.7449827e+00  -2.1085019e+00   4.3974010e-02
   2.0000000e+00   3.2819925e-01  -1.0388902e+00  -2.1989966e-01   5.6110443e-01   8.3973189e-01  -5.0782486e-02   2.4397222e-01  -4.1844442e-01  -4.7972757e-01   5.9687839e-01   1.0608278e+00  -4.0457628e-01   1.2347676e+00   6.3861496e-01  -1.9133664e-01   1.3865558e-01  -7.6200741e-01  -7.0087560e-01
   2.0000000e+00   1.4098760e+00   3.1135023e-01   1.3450099e-01   1.8366856e-01  -4.0477280e-01  -5.4839893e-01  -8.4879015e-01  -5.1527847e-01   7.6435858e-01   1.5546379e+00  -7.2356214e-02   6.5086514e-01  -1.0009397e+00  -3.6150339e-01  -8.1236324e-01  -1.7159298e+00  -2.5257501e-01   4.8982571e-01
   1.0000000e+00  -1.5326439e+00  -6.8752276e-02  -8.1408004e-01  -1.8060074e+00   4.2230142e-01  -3.4999753e-01   1.5639858e+00   7.5614400e-01   8.6841035e-01  -6.2952307e-01  -1.2031750e+00  -2.5361381e-02   6.4691698e-01  -1.7906973e-01  -1.4576614e+00  -2.9277604e-01  -7.9137116e-01  -7.9054014e-01
   2.0000000e+00  -1.6113670e+00  -3.0016550e-01  -1.3224713e-01   3.0240651e-01  -2.4428617e+00   9.8875382e-01   1.1892030e+00  -1.2905046e+00  -4.2680615e-01   1.1605852e-02  -3.2052645e-02  -4.3078002e-01  -1.0775088e-01  -1.1056489e+00  -1.0805556e+00   4.0935655e-02   1.2085549e+00   1.0478669e+00
   2.0000000e+00   9.2862856e-01   9.2805737e-02  -9.5822616e-01  -4.7279099e-02   1.7974910e+00   1.1574628e-01   6.4399563e-01  -2.5173888e+00   3.6492948e-01  -4.3588299e-01   1.7836713e+00  -1.0972274e+00   1.5745379e+00  -9.0071418e-02  -2.3556255e-01  -1.5878415e-01   7.5894508e-01   1.6753450e-01
   2.0000000e+00   2.4960528e-01   9.4465023e-01   3.6724395e-01  -8.0361906e-01  -8.8738184e-01  -3.1661437e-01  -1.1033748e+00  -4.7842655e-02   8.8716977e-01   6.0191047e-01  -1.1384273e-01   1.6467466e+00  -4.8377570e-01  -1.9107824e+00   8.4516872e-01  -2.4568532e-02  -1.3991959e+00   6.9888529e-01
   2.0000000e+00  -1.9915633e+00   7.4493344e-01  -1.9625458e+00   5.3944551e-01  -1.0146255e+00   1.1407036e+00  -1.6160433e-02  -5.4929548e-02  -1.6001553e+00  -1.3641035e+00  -1.5934961e+00   7.4939126e-02  -1.0498292e+00  -7.4730943e-01   1.2717444e+00  -5.4245103e-01   2.4651449e+00  -6.6044938e-01
   2.0000000e+00   3.4194087e-01  -1.0887862e-01   6.2301455e-01   1.2452067e+00   4.7077672e-01  -4.3591006e-01   2.1438546e-01   3.4205679e-01  -3.1348498e-01   8.6882120e-02  -1.3473490e+00   1.0104446e+00   9.4671406e-01   1.7320728e+00   2.3926310e-02  -7.4987422e-01  -1.1189137e+00   1.3608890e+00
   2.0000000e+00   4.5380702e-01   9.6166116e-01   9.2114760e-01   2.4644162e-01   4.3814630e-01   3.3923139e-01  -1.4867213e+00   3.2603775e-01   1.4783658e+00   1.3126986e+00   8.2191614e-01  -2.3886292e-01   1.1033889e+00   2.0046533e-01  -3.7189136e-01   8.9773634e-01  -1.1791338e+00   6.4462699e-02
   2.0000000e+00   1.3609714e-01   2.5476844e-01   9.5896389e-02   8.0005989e-01   2.0971933e+00  -3.5510064e-01   7.4340751e-01  -1.1242860e-01   1.0427689e+00  -2.0256864e+00   8.2097001e-01   4.2871834e-01   8.9294061e-01   5.9102586e-01  -1.8618102e-01   1.4924897e+00  -4.5379134e-01  -1.3454142e+00
   1.0000000e+00   5.6680698e-01  -2.0846682e-01  -3.4109743e-01   1.7575817e+00   4.2496970e-02   1.3532173e+00   5.3454824e-01  -8.4135732e-01   1.6300483e+00   2.1014683e+00   3.6015844e-01  -2.8743336e-01  -3.2867490e-01  -8.6693205e-01  -4.1539717e-02  -2.0699372e-01   5.6829569e-01  -1.1051933e-01
   2.0000000e+00   2.7225057e-01  -6.5968474e-02  -8.0085546e-01  -7.8775271e-02   2.3620922e-01  -7.9831325e-01  -4.6196872e-02   1.2550537e+00  -9.5317623e-01   5.3206765e-01   4.3734510e-01   6.2974123e-01  -1.2794053e+00  -6.6246904e-01  -5.0923491e-01   6.2903577e-01   1.6199730e+00   6.8118935e-01
   1.0000000e+00  -8.8767161e-01  -2.7628569e+00   5.7940973e-01  -2.1770759e+00   9.0811312e-02   4.7446087e-01   7.8940840e-01   1.4778119e+00   8.2494003e-01   3.6187916e-01  -1.1472928e+00  -2.2786403e-01   3.2614104e-01  -1.8127178e-02  -2.0151358e-01   5.8491883e-01   4.4164805e-01   1.7964074e-01
   2.0000000e+00   7.4060520e-01  -3.4133840e-02  -5.4828566e-01   1.1197710e+00   7.4878617e-01   2.3940318e-01   2.7616612e-01   4.9503758e-01   1.5300293e+00   7.2586503e-01   1.5055495e+00  -2.3453715e-01   6.3805832e-01  -1.2174417e-01   2.8932325e-01  -1.8969161e+00  -7.6548524e-01   1.1685863e+00
   2.0000000e+00   1.8773343e-01  -1.6876641e+00   8.6200966e-05  -9.9541161e-02  -1.1085273e+00   4.4748792e-01   8.7333876e-01  -2.8781034e+00   6.6868591e-01  -2.0875884e+00   6.9019649e-01   1.5961542e-01  -2.1062039e+00   1.9608944e+00  -3.7449237e-01   1.1015578e+00   9.2201069e-01  -4.2423353e-01
   1.0000000e+00   9.5288633e-01  -9.5901428e-01  -1.4556865e+00   9.8779348e-01   7.1415909e-01  -6.2444099e-02   5.5534409e-01  -4.0530999e-01  -5.5096659e-01   2.8712064e-01  -9.3347197e-02   7.6516255e-01  -7.1970824e-02  -1.0394699e-01  -9.1584516e-01   1.7145298e+00   3.3777439e-02   9.7014175e-02
   2.0000000e+00   1.7714453e+00   3.0042986e-01   3.7382062e-01  -4.8653078e-01  -7.3938213e-01  -2.6743918e-01   8.1873954e-01   1.4786886e+00   2.2143830e+00   1.1140484e+00  -1.1099688e+00   3.3341806e-01  -4.6256838e-01  -4.6793446e-01   1.5683064e+00  -1.0859693e+00  -5.5568092e-01   1.8441752e+00
   1.0000000e+00  -1.8140040e-01   1.2731386e+00   1.5105479e+00  -2.8596928e-01   3.7579344e-01  -7.8943870e-02  -1.6884464e-01  -1.0427176e-01   2.5191475e-01  -7.1165136e-01  -1.1545135e+00  -1.0170987e+00  -5.9896511e-01  -2.9993074e-01   3.7198757e-01   4.9454424e-01  -4.4625979e-02   2.0900463e-01
   2.0000000e+00  -1.6798724e+00   2.3260134e+00   3.6767510e-01  -1.7446511e-01   1.7997679e+00  -8.6890663e-01   1.1275285e-01   2.0466905e+00  -3.7460225e-01  -8.9267049e-01  -5.7817481e-01   1.5638623e+00   9.1613511e-01   7.3682838e-01   1.0280824e+00  -8.7385549e-01  -6.4625305e-01   1.1433160e+00
   1.0000000e+00  -3.9174814e-01  -1.4707847e+00  -1.0688476e+00   1.1238783e+00   2.2782577e-01   1.6199732e+00  -1.5838450e+00   9.3358536e-01   1.3512697e+00   1.0324791e+00   2.6138576e-01  -8.7248270e-01   1.1681433e+00   2.2011748e-01   4.1673925e-01  -1.8520615e-01   6.7061913e-01  -2.8390162e-01
   2.0000000e+00  -7.2596017e-01  -1.4095440e-01  -3.3740998e-02  -6.7246576e-01  -3.2373014e-02   4.9984500e-01  -1.4491428e+00   3.9612011e-01  -1.3225959e-01   3.6673297e-01   1.6540749e+00  -4.1626048e-01   1.0500649e+00  -1.1089644e+00  -1.4350118e+00   2.4623579e-01   2.3758899e-02   2.2874942e+00
   2.0000000e+00  -4.5593170e-01   9.2684668e-01   3.8989288e-01   6.4524371e-01  -7.4999100e-01   1.3242847e-01  -3.8907014e-01  -1.9643061e+00  -1.4282327e+00   7.6482663e-01  -1.1229965e+00   7.9997731e-01  -4.5559251e-01   7.0837306e-01   2.0616800e+00  -8.7332727e-01   6.9643131e-01  -5.4164449e-02
   2.0000000e+00  -3.5422150e-01   1.5585215e+00   1.0328281e-01  -3.4820077e-01   5.2585610e-01   2.5185977e-01   8.0820011e-01  -1.2908665e+00   3.8519828e-01  -2.3661148e+00   3.0265766e-01  -2.0883664e+00  -5.9803320e-01  -1.8633394e+00   1.7595621e+00   1.1274345e+00   1.1330740e+00   1.5775418e+00
   2.0000000e+00  -9.1857245e-01   4.0093231e-01  -5.6754075e-01   3.9201535e-01   7.0257794e-01  -1.3046043e-01   4.2129573e-01  -6.7608103e-01  -1.1387545e+00  -3.8531394e-01   1.3600980e+00   1.2861806e+00   1.0420749e-01   2.1573871e-01   1.8763983e+00   1.0840080e+00  -7.3045838e-01  -6.6128753e-01
   2.0000000e+00   3.3878097e-01   4.6457004e-01  -2.0061938e+00   1.3758692e+00  -7.7948767e-02  -1.1337106e+00   6.2912467e-01   1.1374937e+00   8.6394016e-01  -2.1161203e-01   1.3925181e+00   1.4394642e+00   2.4523886e+00  -5.3255760e-02  -2.5495098e-01   4.2834741e-01  -3.0836880e-01  -6.5210090e-01
   1.0000000e+00   1.3715723e+00  -1.6678232e+00  -6.3885587e-01  -9.6591978e-01   3.6410966e-01   2.1611113e-02  -2.3024894e+00  -3.8140258e-02  -7.5423372e-01  -3.1365215e-01  -8.8589875e-01   4.1526472e-01   2.1442919e+00  -3.1915267e-01  -1.9297601e-01  -8.3660307e-01  -4.5027988e-01  -2.5835714e-01
   2.0000000e+00  -1.1060190e-02  -6.4789560e-01  -1.4844832e-01   1.3975073e+00   3.0355013e-01   8.0931132e-01  -1.2885205e+00  -2.9329933e-01  -6.9125243e-01  -7.6387647e-01   2.6238660e-01   1.2535501e+00   7.7067048e-01  -1.7177580e+00  -2.6535055e+00  -3.6257341e-01   2.7397573e+00   2.0742375e+00
   2.0000000e+00  -4.0217272e-01   8.2273003e-02   7.7051874e-01   1.8317953e+00  -3.7797595e-01  -6.3850267e-02  -4.3029435e-01   1.9644234e+00   7.7875238e-02   5.6719870e-01  -1.6376180e+00   3.5801871e-01   1.2983123e+00  -1.0099729e+00   3.1186872e-01   1.3625630e-01  -1.6680992e+00  -7.1515024e-01
   1.0000000e+00  -1.2095315e+00  -1.0727158e+00   1.2210308e+00  -1.1590483e+00   3.9807280e-01   1.8336461e+00   8.1425034e-01  -8.6547403e-01   1.1900930e+00   7.8028669e-01  -5.4342620e-01   7.8343189e-02  -1.3999607e-01  -8.5570720e-01   3.6487458e-01   8.7748284e-01   3.4903289e-01  -4.1830624e-01
   1.0000000e+00   1.2604637e-01  -3.7074575e-01  -1.1752712e+00   1.6122369e+00   3.4377689e-01   4.4987586e-01   2.9215086e-01   4.8644139e-01  -4.1722546e-01  -7.5844111e-02  -1.8691842e+00   1.6059892e+00  -6.2773780e-01  -7.3665031e-01   4.3862478e-02  -5.1174075e-01  -7.5712012e-01  -8.4264227e-01
   2.0000000e+00   9.1306623e-01  -2.6263326e-02  -1.5939402e+00   6.3163713e-01  -8.0339161e-01  -9.4404669e-02  -4.3791014e-01  -8.3768371e-01  -2.5825006e-01  -4.6445567e-01  -6.0543038e-01  -1.4018636e+00   6.9503167e-03  -6.4194886e-02   1.3037643e+00   4.6196812e-01  -1.1390302e+00  -5.8998687e-01
   2.0000000e+00  -1.1434000e-01   8.3475818e-01  -3.7678858e-01   1.0338514e+00  -1.6164516e+00  -5.3028356e-01  -6.1789840e-01  -7.3169669e-01   7.3670319e-01   6.8810889e-01  -4.8835160e-01   5.1731968e-01   6.2950217e-01  -3.4736570e-01   9.6800018e-01   5.6437557e-01   3.5472778e-01  -1.7889967e+00
   2.0000000e+00   1.7180470e+00  -3.9674067e-01   1.4765763e+00   1.2850031e-01  -3.1490762e-02   2.5568860e-01  -5.0993315e-01  -1.1475437e-01   8.7418922e-01  -4.2237391e-02   9.7144765e-01   2.8361866e-01   1.0007870e+00   1.3675966e+00  -2.9087466e-01   4.3385998e-01   2.7051629e-01  -1.2982810e+00
   1.0000000e+00   4.6639387e-01   6.5265348e-01  -2.4261549e-01   6.6249425e-01   2.4098616e-01   1.6309310e-02   4.4269479e-01  -1.3592126e-01  -1.4107206e+00   8.7688850e-02  -1.8316146e+00  -2.9166138e-02   5.8206484e-01   1.1315405e-01  -1.9726795e-01  -7.4292159e-01   3.8755140e-01   7.6268233e-01
   2.0000000e+00  -6.6304723e-01   2.8319894e+00   8.1930062e-01   3.4788126e-01   1.8233827e+00  -9.9594965e-01   8.8021700e-01   1.0552591e+00  -1.8259497e+00  -1.1153280e+00   8.8009634e-01  -9.2597946e-01  -1.0981991e+00  -1.8367393e+00   2.1316261e+00  -7.8669713e-01   5.3358106e-01  -1.1513762e+00
   2.0000000e+00   8.9890276e-01  -1.0333014e+00  -7.1400491e-01   1.0074799e+00  -1.5491428e-01   6.3433330e-02  -1.4424839e+00  -1.4682675e+00   2.5268461e-01  -1.3314415e+00  -5.8214179e-01   6.2363208e-02   1.2747074e+00   7.7293503e-01  -1.6434354e+00   2.6046920e-01   1.4370853e-01   1.0015398e+00
   2.0000000e+00  -2.1112663e+00   1.3837333e+00  -3.2549110e-01   1.3176890e-01   2.7253332e-01  -1.8028533e-01   1.8779192e-01   1.4210776e+00  -1.1862224e+00  -3.9471482e-01   5.6256052e-01   1.5888702e+00  -1.1019494e+00  -1.0576587e+00  -5.6339205e-01   1.0725645e+00   1.0686260e+00   8.1374315e-01
   2.0000000e+00  -1.9340951e+00   7.0361333e-01  -8.2485047e-01   1.0772188e-01  -4.7454817e-01   1.2519385e+00   8.6181479e-01  -3.0517517e-01   1.6632944e-01   1.2882900e+00  -5.2093769e-01   1.2872759e-01  -1.4559979e+00  -6.4800825e-01  -1.4131548e+00   1.2545944e+00  -1.2519588e+00  -3.3558631e-02
   2.0000000e+00   1.2888272e+00  -1.4947311e+00   6.1656593e-01   1.0384454e+00  -1.3771156e+00   3.7971213e-01   3.4756036e-01  -7.1878693e-01   2.4061872e+00  -9.9915148e-01  -2.6879720e-01   7.4000867e-01  -6.4935318e-01  -6.2572704e-02   6.4744435e-01  -4.1597551e-01  -2.0184391e-01   1.9492834e-01
   1.0000000e+00   1.9322128e-01  -7.1410797e-01   1.8989098e-01  -2.9986166e-01   3.0332603e-01  -2.0000340e-03  -6.0344496e-01  -1.1094354e-01   6.4983861e-01   3.1631851e-01  -1.0614384e+00  -3.6962812e-01   4.3791756e-01   7.7681465e-01  -2.1935792e-01   1.6032420e-01  -4.2573199e-01  -1.8153634e-01
   1.0000000e+00  -8.8865827e-03  -1.4617290e+00   5.7942378e-01   1.4116068e+00   7.5175684e-01  -4.2653224e-01  -5.7543043e-01   9.5372704e-01  -1.0185588e+00   1.0509464e+00  -7.5312723e-01   2.2632748e+00   1.0323917e+00  -7.8812491e-01   1.2987186e+00   2.6000186e-01  -3.8035278e-01   1.0307520e-01
   2.0000000e+00  -5.2739992e-01   8.5610849e-01   1.5283799e+00  -8.9675788e-01  -9.4652743e-02   1.0443333e+00  -1.4324903e+00   6.0821497e-01   6.1232632e-01   1.6023491e+00   2.6970714e-01   1.1821043e+00   3.4716717e-01  -1.8612169e+00   8.4595177e-01  -1.3173833e-01   1.0761093e+00  -9.5053413e-01
   1.0000000e+00   1.5855835e+00   6.3336179e-01   3.4277759e-01  -1.5061967e-01   8.1639630e-01   1.3480187e+00  -1.1363118e+00   1.0808118e+00   4.2185440e-02   3.1644338e-01   5.2551101e-01  -2.0281434e+00  -5.8679771e-01   6.8371485e-01   1.1720305e+00   6.6516728e-01  -2.5140826e-01  -8.7823200e-01
   2.0000000e+00   9.6531932e-02   2.1373968e-01  -3.0742351e+00   5.0948655e-01   1.9094657e-01   6.8865739e-01  -2.4883819e-01   6.1264627e-02  -1.7999192e+00   3.1652502e-01   5.8524160e-01   1.0536636e+00   1.0143243e+00  -5.7918270e-01  -8.3640261e-01   1.8717277e+00  -1.3532824e+00  -5.0635508e-01
   2.0000000e+00   1.3600661e-01   7.8297807e-01   4.7396012e-01   5.5353243e-01   1.1562715e+00   1.1290441e+00   2.3778467e-01   2.2136921e+00   1.9757351e-01  -1.5292967e-01  -5.9547969e-01   3.3523135e-01   1.4940685e+00  -5.4433815e-01  -5.6669607e-01  -5.5437034e-01   6.4787094e-01  -9.2988419e-01
   2.0000000e+00   4.5867196e-01  -2.0304805e+00   1.3114822e+00  -9.4698666e-01  -1.4826616e-01  -1.2339388e+00   1.2310321e+00   3.1484146e-01  -1.1360906e-01   5.8192318e-01   4.9794840e-01  -7.5039339e-01  -8.6864734e-01   3.5693007e-01   1.4373417e+00  -5.4583308e-01  -1.7368367e+00  -5.3155718e-01
   2.0000000e+00  -2.0748655e-01   7.6875091e-01  -6.9517029e-01   2.0269381e+00  -3.2387094e-01  -1.0024438e+00  -1.6317058e+00  -1.3505180e+00   1.4742029e+00  -3.1891876e-01  -1.0213264e+00  -1.5776486e+00  -2.3116560e-01  -3.9827419e-01   2.0093477e-01  -9.4804697e-01  -1.8476931e+00  -1.7096811e-01
   1.0000000e+00  -9.8992534e-01  -1.0795430e-01  -9.4780649e-01   1.2751324e+00   5.6786312e-01  -1.4633029e+00   1.9818819e-01   6.2241781e-01  -1.6760199e+00   2.1832830e+00   1.9936126e-01   9.3537110e-01   6.5108854e-01   1.2332167e+00   1.3684241e+00  -1.4386255e+00   7.4652986e-01   4.8427529e-01
   1.0000000e+00  -4.7624162e-02  -9.3540357e-01   7.9302181e-01  -1.4162111e+00   2.1662166e-01  -2.3228629e-01   2.3752663e-01   3.8905094e-01   2.1946019e+00  -8.7042864e-01  -1.4268876e+00   2.3930664e-01   2.0810137e-01  -8.0643067e-01   3.4850001e-01  -2.7086923e+00   3.7171684e-01   8.7851836e-01
   2.0000000e+00  -8.7385110e-02  -9.2276907e-02  -7.1308024e-01  -4.0459175e-01  -4.6774768e-01  -8.0746472e-02  -4.8287963e-01  -1.6441996e+00  -1.0894615e+00   3.4850222e-01   2.1667372e-01   9.1971596e-01  -7.6417383e-02   1.5786316e+00   1.4578808e+00   9.8936005e-01   1.4655531e+00   1.7024800e-01
   2.0000000e+00  -8.7738687e-01  -7.1612193e-01  -1.2761612e+00   7.4172073e-01   1.4697640e+00  -5.1612967e-01  -2.7203565e-01  -1.0067160e+00  -9.1575792e-01   2.4626012e-01   7.6236622e-01   6.7505369e-01   1.4021038e+00  -6.2717304e-01   3.8079905e-01  -5.9158290e-01  -6.5199667e-01   5.6201522e-01
   2.0000000e+00   1.1753176e+00   6.8241932e-01  -1.3025924e-01  -1.7159897e+00   1.9723821e+00   3.7103882e-01   9.9184988e-01   7.3726471e-01  -1.9297099e+00  -1.7585531e+00   5.4882878e-01  -1.4328247e+00   2.3320008e+00  -1.5182300e+00   9.9407765e-01   1.5004722e+00  -3.2097375e-01  -3.9339398e-01
   2.0000000e+00  -1.3548374e+00   6.2646465e-01  -4.3054667e-01   4.9340208e-01  -8.8270746e-01  -3.6674328e-01   2.3208062e-01  -1.1069890e+00   1.1034348e+00   8.1812573e-01   1.5133967e+00  -5.7837001e-01  -6.6535509e-02   2.3593151e-01   1.9737629e-01   5.3856228e-01   7.3944232e-01   1.2194730e+00
   2.0000000e+00  -4.3675168e-01   8.9626323e-03   1.2594032e-01  -1.9066092e+00  -4.3616535e-01  -1.1994623e+00   1.0409123e+00   7.1879988e-01   1.7391349e-02   9.6899171e-02  -1.8736348e-01   7.4741111e-01   3.8492653e-01   1.6782772e-01   7.0477236e-01   6.4511027e-01   2.3056299e-01  -1.8010825e-01
   2.0000000e+00  -1.8612381e-01   4.2352102e-02   1.6724065e+00  -3.5483453e-01  -3.2396221e-01   7.1135644e-01  -1.7729078e-01  -6.0430604e-01  -9.1608616e-01   4.0302723e-03   7.9953834e-01   1.5331511e-01  -2.5648472e-01   1.8008422e+00  -3.0934378e-01   3.3940618e-01   5.9196671e-01  -8.0659400e-01
   2.0000000e+00   6.2753877e-02   1.6378937e+00  -1.4410362e+00   5.5581158e-01   5.8157588e-01   9.5372550e-01  -2.5236943e+00  -1.3810508e-01  -1.7861450e+00   1.2896383e+00   2.0066698e+00  -5.0816371e-02   4.8444445e-01   8.0199336e-01  -1.1974223e+00  -1.1165567e+00  -1.5914045e+00   1.0625681e-01
   2.0000000e+00   2.0901616e-01  -5.9047005e-01  -1.7385641e-01   1.0933660e-01   4.1252769e-01   5.1222297e-02   4.4422938e-01   3.1186972e+00   5.2452281e-01  -6.3044042e-01   1.4196726e+00  -1.1283742e+00  -1.8776314e+00   9.6971328e-01  -1.0813480e+00   7.4171994e-01  -1.0352848e+00  -9.1053996e-02
   2.0000000e+00  -5.0828201e-01  -2.5086443e+00  -1.5877254e-01   1.4734568e+00  -9.1480185e-01  -6.1045531e-01  -2.1783866e-01   4.4208082e-01   6.3938576e-01  -8.4661946e-01  -1.6498389e+00  -5.2612358e-01  -3.8247534e-01   3.6832465e-01  -9.8076802e-01  -3.5074288e-01   5.8382541e-01   1.5871966e+00
   2.0000000e+00  -1.5803360e+00  -3.6145707e-01   8.6405359e-01  -6.5514316e-01  -6.4603322e-01   9.5280954e-01   1.0265806e+00   3.4095954e+00  -1.1472762e+00   1.7977035e-01   1.2894470e+00   1.5877351e+00  -7.5210266e-01   2.0322202e+00  -8.7735139e-01   2.2140505e-03   1.7565545e+00   3.8758494e-01
   2.0000000e+00  -8.0516007e-01  -4.1555165e-01   1.5808612e+00   5.6451721e-01  -1.4273714e-01   2.1851024e+00  -1.2063882e-01  -6.9000619e-01  -9.0588795e-02   1.0440196e+00   2.4974078e-01  -2.0110182e-01  -2.4229266e-01   8.5608341e-01   5.3656646e-01   1.0124161e-01  -1.8609334e-01  -3.4725480e-01
   2.0000000e+00   1.8116516e+00  -8.1715914e-01   1.9440834e-01  -1.3644114e+00  -4.8422251e-01   7.7270591e-01   2.2516089e+00   4.5715650e-01   5.1694445e-01  -1.1142074e+00  -5.8028763e-01  -6.0159476e-01  -6.4297139e-01  -8.0929972e-01   7.8614368e-01   1.1632283e+00  -4.4653871e-01   1.1604014e-01
   2.0000000e+00  -1.8384915e-01  -8.6609728e-01  -1.8240736e-01   1.3241856e+00   4.5345891e-01  -5.5804776e-01  -5.8579832e-01  -6.8734323e-01   1.1542217e+00   1.4024207e+00   2.1056782e+00  -6.4561734e-01   8.9463445e-01   5.8140826e-01  -7.5534444e-03   7.7865861e-01   1.5896813e+00  -2.9782680e-01
   2.0000000e+00  -3.6535195e-01  -8.1355658e-01  -6.9907712e-01  -5.1049119e-01  -1.2550165e+00  -1.7807521e-01   2.2018176e-01   1.7254070e+00   5.3728718e-01  -2.3012950e-01   9.5833141e-01  -8.1668278e-01   9.7507045e-01  -1.3038484e-01   8.6935016e-01   5.1944045e-01  -1.2214985e+00  -1.1506564e+00
   2.0000000e+00  -4.9778076e-01   7.8756592e-01   3.5852250e-01  -1.1307698e+00  -1.6215712e+00   1.0820531e+00   6.2106309e-01  -1.4005744e+00   3.8221122e-01  -9.0758881e-02  -5.1585895e-01   1.6608560e+00   7.8454851e-01   1.8757242e+00  -8.7096517e-01   1.1230728e+00   9.7193092e-01  -1.1162015e+00
   2.0000000e+00   9.0864476e-01   7.0276142e-01   4.0901982e-01   8.2629045e-02  -8.2286929e-01  -6.5384875e-01  -7.7540313e-01  -1.8865927e-02   1.5950555e+00   1.3217706e-01   5.9183830e-01  -2.1464560e+00   3.4166236e-01   1.2118710e+00  -1.9586753e+00  -4.3946848e-01  -3.5749156e-01  -8.5791151e-01
   2.0000000e+00   6.4329885e-01   4.8884292e-01   5.7721850e-01   1.4804954e-02   9.7368646e-01  -6.9793052e-01   9.0268770e-01   1.3932859e-01  -2.6273376e+00  -4.7815852e-01   7.4004133e-01   5.9733383e-01   1.0264528e+00  -1.9504254e-01   2.3336226e+00   6.9624831e-01  -6.1199281e-01  -2.9102029e-01
   2.0000000e+00  -1.8682403e+00   1.1199291e-01  -1.0186382e+00   2.6436282e-02   2.7563032e+00   1.4974649e+00   5.3525975e-01  -2.9908414e-01   1.9070939e-01  -8.4286643e-01  -5.8581066e-01   1.3847477e+00  -8.4183471e-01  -5.5841971e-01  -9.0804101e-01  -5.9062008e-01   4.3138553e-01  -1.5115267e+00
   2.0000000e+00   7.2099563e-01   5.2717822e-01  -1.4871470e-01   1.4000070e-01  -1.6889797e-01  -9.1537136e-01  -9.0473534e-01   2.1543984e+00  -1.4650518e+00   1.9779848e-01   1.4575617e+00   5.0260544e-01  -2.5482178e-01   4.5263740e-01  -1.5285610e-02   6.8493068e-01   1.1615989e+00  -1.0388193e-01
   2.0000000e+00  -2.7107062e-01   1.0018678e+00  -5.5115269e-01  -8.5904788e-01   1.8823669e+00   3.6946859e-01  -8.4536200e-01   1.2611109e+00   5.4705626e-01  -1.6986097e+00  -4.4603695e-02   3.5391476e-01   2.0735273e-01   3.6472843e-01   2.0233204e+00   1.7591893e+00  -8.4586910e-01   1.0263111e+00
   2.0000000e+00  -6.4996183e-01   5.4151867e-01  -1.3765981e+00  -6.6479614e-01   5.8106052e-01  -1.7165916e+00  -6.5788676e-02   1.3227246e+00  -3.2635764e-01   1.7720804e+00  -1.8552253e+00   4.1116267e-01  -4.9314071e-01   8.2148000e-01  -8.9287724e-01   1.0012392e+00   1.0638664e+00   6.1427942e-02
   2.0000000e+00   9.9112244e-01   1.3291058e+00  -1.7272895e+00   1.6259532e+00   4.4741455e-01  -8.4837352e-01  -5.4821995e-01   2.2851656e-01   3.3876816e-01  -6.7399667e-01   1.5387325e+00   5.6058360e-01   8.6267893e-01  -1.5999555e+00   8.5641110e-01  -1.3486425e+00  -9.7430591e-01   7.2210128e-01
   1.0000000e+00  -8.0758876e-01  -7.3885184e-01   1.0978465e+00   1.1382952e+00   2.2124430e-01  -9.6001607e-01  -3.8488757e-01  -1.9730784e+00  -1.3359825e+00  -5.5512648e-01   9.6220892e-01  -8.9332338e-01  -7.3007823e-01   1.6375553e-01   2.5040411e-02  -1.0234217e+00   6.2259751e-01   1.3039732e-01
   2.0000000e+00  -1.9566574e+00  -5.6369938e-01   2.5964545e-01   1.9848257e+00  -1.0340227e+00  -1.2354320e+00   4.3903187e-01  -8.2357917e-01   3.6991846e-01   1.2261189e-01  -2.9620872e-01  -1.0165235e-01   1.4028401e-01   1.4401325e+00   1.4378607e+00  -1.1620084e+00  -1.8354809e-01  -1.7055367e+00
   2.0000000e+00  -1.4265336e-01   1.6707820e-01   1.1983618e+00  -5.3207305e-01  -1.7579765e+00  -8.8330772e-01  -1.5507427e-01   1.3542129e+00   1.0332832e+00  -1.6317617e+00   3.7453558e-01   3.6915970e-01  -2.9515918e-01  -2.7754758e-01  -1.5483796e-01  -1.1562841e+00   2.0547421e+00  -3.0355354e-01
   2.0000000e+00   1.3373103e-01  -6.5903486e-02  -5.8662895e-01   1.7871927e-01  -7.1957838e-01   1.8093343e+00   9.7406251e-01  -9.6633779e-01  -6.0425206e-01  -1.0730387e+00   3.7016476e-01   1.4888788e-01   8.7215620e-01  -4.5411675e-01  -6.3758723e-01   9.4991426e-01   3.3329633e-01   1.9178300e+00
   1.0000000e+00   6.9092193e-02  -1.8027245e-01  -3.7222348e-01   1.2279664e+00   7.4302827e-01  -3.1764105e-01   1.5088403e+00   7.7649824e-02  -6.8644130e-01  -3.0469999e+00  -9.9422456e-01  -9.0447218e-01   1.8965464e-01  -6.7602912e-01  -1.8414721e+00  -2.2196387e+00   3.5173578e-01  -1.0061500e+00
   1.0000000e+00  -1.1313147e+00  -9.3190768e-01  -1.1103405e+00   1.4760891e+00   8.3584601e-01  -1.8212050e+00  -5.9290236e-02  -1.4487031e-01  -1.5000909e+00   1.6661594e+00   1.1328008e+00   2.0219172e-01   2.2787414e+00  -2.0521627e+00   1.0471327e+00  -8.0943067e-01  -2.6077233e-01   3.7826317e-03
   2.0000000e+00   4.0962501e-01  -8.9932417e-01   1.5707544e+00   5.3089137e-01   1.0947752e+00   1.5121402e+00   1.5076944e+00   5.4663208e-01   7.1586245e-01   1.2759189e+00  -9.4270658e-02  -8.9712990e-01   4.4787661e-01  -2.9653319e-01  -7.1069448e-01   1.3744341e+00  -1.2867897e-01  -3.8956108e-01
   1.0000000e+00   1.8179276e-01  -1.1917852e+00   2.5177535e-01   1.3376662e+00   4.3846338e-02  -1.6514251e-01  -1.3902638e+00  -1.1462048e+00   4.6414577e-01  -7.8644946e-01   1.1638761e+00  -6.2671494e-02   4.6297184e-02   1.0216646e+00   5.7827980e-01  -6.6187719e-01   1.2524668e-01  -2.8356209e-01
   1.0000000e+00   2.5827675e-02   1.5122442e+00  -4.5650691e-01   6.9651951e-01   3.7769065e-01   1.1935081e+00  -6.0724650e-01   4.1095876e-01   7.5108289e-01   8.5071455e-01  -1.4038410e+00  -5.9843972e-01   1.0470902e+00  -5.1028739e-01   1.5187706e+00   6.3506390e-02   2.8056502e-01   2.8302232e-02
   2.0000000e+00   2.2033259e+00   2.3702817e-01   1.4487402e+00  -5.8342954e-01  -1.1154344e+00  -8.4191932e-01   6.5656836e-02  -2.4345113e+00  -5.9766282e-01   1.9509116e+00  -1.1132664e-01   1.3954494e-01  -6.1779353e-01  -1.9911064e+00   1.5023731e+00   1.6759773e+00  -8.2277349e-01   5.2045688e-01
   2.0000000e+00  -6.2850224e-02   3.8557624e-01  -4.6635964e-01  -8.0949258e-01   8.9339317e-01   3.4363546e-01  -1.8066277e-02   3.4210688e-01   1.3310054e+00   2.7431300e-01  -1.3644244e+00  -1.4164577e+00  -6.5661100e-01   5.8331094e-01  -1.8388962e-01   1.5875207e-02  -8.7318867e-01   4.9906726e-01
   2.0000000e+00  -1.4590323e+00  -1.6730345e+00  -4.8824643e-01   9.5795370e-01  -7.2396688e-03  -7.0213607e-01  -7.7291954e-01   7.1136385e-01   1.4500200e+00   1.0371551e+00  -1.7404437e+00   2.7341125e-01  -7.4772744e-01  -1.4454744e+00  -1.0078032e-01   3.7373024e-02  -3.3858385e-01   7.6468851e-01
   2.0000000e+00  -1.1873215e-02  -7.3930970e-01   5.5498461e-01   2.1847789e-01  -1.6273443e-01   1.9314637e+00  -4.7695965e-01  -3.8721190e-01   6.0561304e-01   1.1947796e+00  -4.2223057e-01  -4.7608332e-01   2.5821048e-01   9.9658945e-01   6.5928703e-01  -1.1649903e+00   1.9099771e+00  -1.9083201e+00
   1.0000000e+00  -9.4979956e-01  -1.0706510e-01  -7.1203815e-01   6.1172318e-01   1.9658150e-01  -1.9670420e-02  -1.0653095e-01   4.1252377e-01  -1.0897467e-01   7.9675402e-01  -1.5217689e+00  -9.8519003e-01   2.6411113e-01  -2.0811815e-02   1.0632580e+00  -2.1955089e-01   6.2234371e-01   1.1160636e+00
   1.0000000e+00  -3.5030450e-01  -3.1773970e-01  -1.5159609e+00   1.1424414e+00   1.0997208e-01   6.8864239e-02  -7.7988693e-01   2.2135780e-01   1.2036165e+00  -7.2170383e-01  -8.9165670e-01   7.4485543e-01   7.4464352e-01  -2.9503671e-01   3.4821612e-01  -2.0567690e-01  -1.3640743e-01   1.7587369e-01
   2.0000000e+00  -1.0263806e-01  -1.5740127e+00  -1.0269538e+00  -3.8032399e-01   1.9510723e+00  -2.4727719e-01   5.2585594e-01   1.2750167e+00   7.1058902e-01  -4.9243556e-01  -4.6848246e-01  -2.1515894e-01  -3.6644450e+00   1.3650218e+00  -9.5083062e-01  -7.8311517e-01   2.4153036e-01   3.4670696e-01
   2.0000000e+00  -7.8066560e-01   1.3503079e+00  -2.1086815e+00   2.4225274e+00   2.6383481e+00   5.9978824e-01   1.3689308e+00  -9.4140341e-01  -1.7227653e-01   3.9746955e-01  -1.0756929e-01   1.0678096e+00   8.1355138e-01  -7.0737339e-01   1.3824194e+00   7.5294121e-02   1.5010262e+00  -1.8556496e+00
   2.0000000e+00   3.3249535e-01  -6.6787710e-01  -1.8820109e+00  -1.0040761e+00  -9.5207084e-01   1.2285137e+00   2.6451723e-01   3.0237628e-01  -1.6882333e+00   1.0038985e+00  -1.6064366e-01   1.2360113e+00   1.2493152e+00  -3.1139152e-01   3.8417081e-01   4.8281298e-01  -2.0686022e+00   9.8974378e-01
   2.0000000e+00   2.0596579e+00   1.3363532e+00  -9.6014805e-01   1.9157713e+00   9.4466543e-01  -1.1140633e+00   1.3888844e+00  -6.7551123e-01  -6.7005589e-02   7.1206084e-01   3.5173391e-01   3.0636442e-02   8.0560109e-01   1.4344285e+00   8.2042009e-01   9.9262519e-01  -6.4113204e-01   2.1006838e+00
   2.0000000e+00  -4.0419821e-01  -1.8567232e+00  -4.7711178e-01  -1.5482135e+00  -1.0868892e+00   5.9965023e-01  -1.8688948e+00  -8.5885105e-01  -1.5366810e+00  -7.7102906e-02  -1.2993797e+00   1.2832431e+00  -6.6547929e-01   7.0977678e-01   7.5134082e-01   5.4659237e-01  -7.8298166e-01  -2.6677649e-02
   2.0000000e+00   2.4277570e-01  -1.1131284e-01   9.3189811e-01   1.6465131e+00   1.2779984e+00  -5.0906741e-01   1.3629710e+00  -4.7690052e-01  -5.3178196e-01   3.1514333e+00  -1.3539900e+00   1.8736645e+00  -7.8202780e-01  -4.6841296e-01   1.0354138e-01   3.1479346e-02   1.9953975e-04  -4.4546072e-02
   1.0000000e+00  -3.2982277e-01   1.5140282e-01   1.6712438e+00  -9.1204796e-01   1.2938548e-01   3.8727912e-01  -1.5809302e-01  -4.9316996e-01   3.6037669e-01   1.0000166e+00   3.9749149e-01   1.3703339e+00  -5.4905307e-01   1.6694000e+00  -5.3277025e-01  -1.4028473e+00  -9.8846890e-01   3.0242038e-01
   2.0000000e+00  -1.4126967e+00  -5.3928643e-01   2.8682369e-01  -8.5099576e-01   9.7098883e-01   1.8054711e-01  -1.2749423e-01   1.8124884e+00   1.2089876e+00  -5.7767478e-01   1.7070144e-01   1.4133331e+00  -8.6377931e-01   4.3804809e-01  -1.7214316e-01   6.8293028e-01   9.2673354e-01  -2.1512469e+00
   2.0000000e+00  -7.2937096e-01   1.2814829e+00   9.8618732e-01  -7.3726267e-01  -1.0594521e+00   8.8900077e-01  -1.3444449e+00   7.1703266e-01  -9.5157910e-01   2.5738880e-02  -3.4526083e-01   8.2756393e-02   1.4565151e-02  -1.6229695e-01  -2.7448311e+00  -8.1773931e-01   2.9534347e-01  -4.9956964e-02
   2.0000000e+00  -1.0402278e+00  -3.1087573e-01  -8.4442015e-01   1.3633476e+00  -7.5817385e-01   1.5034672e-01   1.0140059e+00  -4.8445578e-01  -7.9358568e-01  -6.1326327e-01  -1.8851586e+00   1.6035882e+00   5.9448113e-02   5.9519464e-01   1.7703481e+00  -2.0447674e+00  -8.8812162e-01   4.0210652e-01
   2.0000000e+00   7.9323768e-01   6.3272572e-01  -6.3961379e-01   6.6251206e-01  -3.3290304e-01  -1.7055501e-02  -7.1360346e-01  -1.2151322e-02  -9.7830759e-01  -2.0818152e+00   1.5321480e+00   7.2355220e-01   9.7479866e-01  -2.1158892e+00   9.0814119e-01  -1.8702699e+00  -1.1357358e+00  -1.3031027e-01
   1.0000000e+00  -5.3071080e-01   1.1839010e+00   3.3466737e-02  -9.4575093e-01   1.0682157e-01  -3.9598838e-01  -7.4762979e-01  -1.9225531e-01  -3.0581106e-01   5.7575515e-01  -8.8523996e-01  -8.9205317e-01   2.1614234e+00   2.2876947e+00   2.4819449e-01   1.0079173e-01   2.2571149e-01   1.1231283e+00
   2.0000000e+00   1.8033904e+00  -2.0240390e+00  -1.0029064e+00  -2.1630557e+00  -1.2585836e+00   6.8040294e-01  -1.2441997e+00   5.5752950e-02  -9.3299667e-01  -1.0747793e+00   1.0800277e+00  -1.2461817e-01   9.6010284e-01  -2.7237411e-01   1.9627096e-01   5.0209210e-01   7.9741281e-02  -1.4510851e+00
   1.0000000e+00   2.1960206e+00  -1.2917290e-01   3.5198862e-03   1.6827190e-01   6.2141034e-01   7.4789041e-01   2.4454789e-01  -1.5728258e-01   1.7498806e+00   2.1412241e-01   5.6874609e-01   8.6417539e-02   9.6578185e-01  -8.6896865e-01  -5.6897323e-01   9.8027417e-01  -6.7304733e-01   1.1046305e-01
   2.0000000e+00  -9.0487025e-01  -1.1140226e+00  -4.0106267e-01   3.9128508e-01  -2.0144455e+00  -1.2834309e+00   3.9577132e-01   1.6488470e+00  -2.0660038e+00  -2.9390987e-01   8.9539118e-01   4.8863555e-01   6.4626324e-01  -5.7976433e-01  -1.8517449e+00   2.1236055e-01   1.5367335e+00   2.1529846e+00
   2.0000000e+00  -7.7758265e-01   1.4142232e+00   4.9738964e-01   2.6223874e-01  -9.6413282e-01   1.1036008e+00   1.2338487e+00  -2.4330009e+00  -1.7653399e-01   1.3510765e+00   6.7909026e-01  -1.7901419e-01  -1.1391035e+00   1.8724008e+00  -2.0039041e+00   5.7231054e-01   1.4604005e-01  -4.0514182e-01
   1.0000000e+00  -8.1277310e-01  -2.9624551e-01   2.2812677e-01  -1.7698908e-02   2.9408843e-01  -3.5240196e-01   1.1051850e-01   6.3162897e-02   2.2892767e-02  -1.4943579e+00  -2.3431493e+00  -7.1951507e-01   1.7147820e+00  -1.7639468e+00   1.4289071e+00   1.2847228e+00   5.7071800e-01   3.3367423e-01
   1.0000000e+00  -2.1148269e-01  -1.5070936e+00  -1.4684082e+00   9.4956559e-02   1.1830927e-01  -6.7629505e-01  -2.9667573e-02   4.8217504e-01  -5.7711695e-01   2.4607718e-01  -4.0447464e-01   1.0575021e+00  -6.0248868e-01   5.2215200e-01   2.5518719e+00   4.4589567e-01  -4.3389805e-01   6.7563488e-01
   2.0000000e+00   1.2195040e-01  -1.8345767e+00  -3.6830640e-01   1.3432673e+00   2.4667591e+00  -3.1465824e-01   3.4940343e-01  -7.1907706e-01  -1.1431757e+00  -2.5332679e-01   1.8698681e-01  -8.6350606e-02   9.8284456e-01  -2.1282026e-01  -1.3248333e+00  -3.9805267e-01   1.7296232e-02  -5.1085800e-01
   2.0000000e+00  -1.6862079e+00   4.2079362e-01  -9.1814934e-01  -7.1131661e-01  -1.4295706e+00  -1.7724768e-01   9.7957693e-01  -6.3478237e-01  -2.9217680e-01  -1.3066890e+00  -6.4074800e-02   5.9374853e-01   6.5992898e-01   1.2848588e+00  -7.0703155e-01  -4.4520498e-01   3.7663435e-01   2.0547599e-01
   2.0000000e+00  -1.0012345e+00  -1.8070377e+00  -1.5372407e+00   1.3894771e-01  -2.6310504e-02  -1.0666083e+00  -1.0892064e-01  -1.5083487e-01  -1.1033233e+00   3.7175664e-01   3.8077562e-01   5.6371576e-01  -6.4018162e-01  -1.6209017e+00  -1.7586584e-01   2.1330418e+00   7.1813353e-01   6.4478361e-01
   2.0000000e+00  -1.6432289e+00   2.6564763e+00   1.0694484e+00  -2.9627732e-01  -1.8027944e+00   1.2526286e-01  -7.9808781e-01  -5.5028019e-02  -8.2289205e-01   6.3171653e-01   1.3481766e+00  -8.0060991e-02  -6.3252371e-01   6.2664936e-01   6.3351662e-01  -1.2470839e-01  -8.7331376e-02   1.5472392e+00
   2.0000000e+00   1.6813368e+00   1.3396304e+00   1.1635204e+00  -9.8941237e-01  -4.8428875e-01  -1.3098443e+00  -3.1362254e-01   3.9778735e-01   2.0137990e+00   1.1994438e+00  -9.7147127e-01  -1.0667841e+00   1.3127205e+00  -1.2725264e-01   4.2615717e-01  -1.0501393e+00   1.5862380e+00  -3.5831777e-02
   2.0000000e+00  -6.2908865e-01   1.0115981e+00  -2.3502558e-02   4.4372838e-01  -2.9204036e-01  -1.6212048e+00   6.6914023e-01  -1.3669561e+00   5.1762685e-01  -6.9024300e-02  -1.9979835e+00  -7.0681525e-01   2.3101430e-01   9.0865585e-01  -9.6274682e-01   4.1146695e-01   1.4134263e+00  -1.6796438e+00
   2.0000000e+00  -2.7886203e-01  -4.7608054e-01  -7.8268424e-01  -6.4400857e-01   2.2391046e+00  -1.4723608e+00  -1.0718767e+00   7.4242390e-01   5.0576280e-01   1.2306967e+00   9.0744168e-01  -9.6016926e-01   4.5796393e-01  -9.5166115e-01  -3.2715589e-01   4.2494560e-01  -1.2064363e+00   9.3460172e-02
   2.0000000e+00  -9.9184959e-01   1.7652720e+00   7.0236552e-01  -1.9368440e-01   1.3279319e+00  -9.7822419e-01   9.2769921e-01  -2.3314458e-01  -1.0329318e+00   1.5832584e+00   1.2350588e+00   4.3115049e-02   2.3768336e-03  -6.1645134e-01  -1.8131360e-01   1.5082799e+00   8.6705797e-02   2.0633841e+00
   1.0000000e+00  -4.4939667e-01   2.3786406e-01   2.3037340e-01  -5.0513234e-01   1.8804016e-01  -2.6126918e-01  -1.1752202e+00   5.3372661e-01   2.0834943e-01  -3.8457427e-01   8.8120851e-01  -5.2724309e-01  -1.6652706e+00  -9.2110037e-01   1.0648671e+00   1.1983224e+00   1.0279015e-01   1.5440026e+00
   2.0000000e+00   7.2720141e-01   5.0698141e-01   2.2267435e+00  -2.2646866e-01  -1.3204139e+00  -1.8555204e+00   7.6727007e-01  -2.3952503e-01   3.2274010e-01  -2.0805303e+00  -4.4322867e-01   1.5234495e+00  -2.9138379e+00   2.1825000e-02  -2.5962818e-01  -1.1829845e+00  -2.4424769e-01  -1.8561939e-01
   2.0000000e+00  -1.3547161e-01  -4.6350755e-01   1.1458006e-01   1.1583449e+00   2.0760823e+00   1.8756493e+00  -3.5687583e-01   4.4613230e-01  -1.1214967e+00   6.5178750e-01   9.3800708e-01   6.9285842e-01   6.4690448e-02   1.3557628e+00   6.4206641e-01   1.2648751e+00   6.6636521e-01  -6.1416756e-01
   2.0000000e+00  -2.4541064e-02   7.5776343e-01  -6.4477386e-01   3.8843994e-01   1.1878515e+00  -7.0533472e-01   8.6146769e-01   2.9804630e-01   1.5108793e+00   3.8514337e-01  -7.8328842e-01   1.1208917e+00   4.5750335e-01   1.2143288e-01  -1.2595361e+00   1.1330752e+00  -6.1552930e-01   1.3229146e+00
   1.0000000e+00   3.1106688e-01  -3.8061169e-01  -9.1378009e-01  -1.4478810e+00   5.7141665e-01   1.4162420e+00  -9.0395264e-01   1.3781188e+00  -3.3666917e-01  -1.4488454e+00   4.2455092e-01   2.7953262e+00  -5.3402144e-01   4.1092526e-01   2.3923171e+00  -7.3229410e-01   1.8257327e-01  -1.1996421e+00
   2.0000000e+00  -3.0607645e-01  -1.4729224e-01  -3.2086211e-01  -1.0884199e+00   1.3150638e+00   7.9303770e-02   1.2025446e+00  -9.9215369e-01  -6.0389450e-01   5.2490234e-01   8.0516784e-01   8.2000492e-01  -6.6274245e-01   9.6529521e-01   1.2114342e+00  -7.5356095e-01   5.1489250e-01   7.9769576e-01
   1.0000000e+00   1.8374372e+00  -7.9578826e-01   1.6086680e+00  -7.8781808e-01   1.8837085e-01   6.9491121e-01   1.0298259e+00  -5.8594764e-01   2.0472340e+00   1.1592753e+00  -1.3366521e-01  -1.8137308e+00   1.6337593e+00  -1.4937329e+00  -2.8051105e+00   5.6700886e-01  -9.1084959e-01   8.0269421e-01
   2.0000000e+00   7.1061498e-01   1.1639555e+00   1.1762369e+00  -5.6954997e-01  -2.0230599e-01   3.7252052e-01  -1.0070533e+00  -4.6259905e-01   2.5873675e-01  -1.1805447e-01   8.8017115e-01  -5.7251822e-01   1.4520078e+00   9.0373318e-02  -2.3157119e+00  -1.5269938e+00  -6.5514822e-01   1.7425290e+00
   2.0000000e+00   1.8272672e+00   4.2509721e-01   1.1674482e+00  -3.7176833e-01  -2.7398595e-01   1.3338381e+00  -1.5494135e-01   4.6777321e-01   5.4385497e-02   1.0524357e+00  -6.3555884e-01  -9.3129343e-01  -9.4832148e-01   6.7674891e-01  -9.0814106e-01   4.1152030e-01   1.1515114e+00  -2.1695269e-01
   1.0000000e+00   1.9336019e-01   3.9493190e+00  -1.7340200e+00  -7.5108547e-01   4.6670046e-01   7.4342097e-01   2.0894206e-02  -8.7607677e-02  -3.0284741e-01   1.2896619e+00  -2.1528620e+00  -2.0521026e+00  -3.1592814e-01   1.9875914e+00   1.0075602e+00   3.7648799e-01  -5.2627684e-01   4.6131474e-01
   2.0000000e+00   1.1310394e-01   8.3715382e-01   1.5968806e-01   7.9416607e-01  -6.1940200e-02  -5.7727577e-01  -3.6729110e-01   1.9967814e+00  -2.0088210e-01  -1.0982364e+00  -6.1183125e-02   1.1278942e+00   7.9826930e-01  -1.6815986e-01  -1.1706063e+00  -1.6922953e+00  -4.3762672e-02   3.8264951e-01
   2.0000000e+00  -5.9985989e-01   2.4964062e-01   5.7278722e-03   1.1443742e-01  -6.6195696e-01   3.7750715e-01  -3.2669961e-01  -1.1713642e-01   1.7935826e+00   7.3582422e-01   1.4732923e+00   2.1488017e+00  -1.8831770e-01   9.9405890e-01  -3.7803078e-01  -6.5734184e-01  -1.7504043e-01  -6.2730809e-02
   1.0000000e+00  -9.5519140e-01  -3.9528193e-01   5.4954596e-01  -4.3007113e-01   8.3743240e-01   1.5302293e+00  -1.1199597e+00  -2.6521302e-01   1.9710042e+00  -1.5746000e+00   4.5620615e-01   8.9970690e-01  -5.1109196e-01  -1.2368612e+00  -6.3655112e-01  -1.9671605e+00  -2.2374323e-01   3.2754911e-01
   2.0000000e+00  -7.1631856e-02  -9.9112677e-02   3.4942993e-02   8.7705939e-02  -2.6102093e-01  -1.4337500e+00   1.8542322e+00   1.5461843e+00  -2.0158597e+00   1.3655708e+00   3.2860047e-01   5.4432959e-01  -1.2013501e-01  -2.6583486e-01  -2.5118735e-01  -5.4136497e-01  -3.0160060e-01   1.3034090e-01
   2.0000000e+00   1.5558264e+00   6.1579603e-01   1.4645200e+00  -8.3643053e-01  -1.1755325e+00  -2.3177720e+00   5.0964503e-01  -4.3638315e-01   8.1776487e-01  -2.2827112e+00  -7.2658934e-01  -1.5342545e+00  -2.9191604e-01   7.1554107e-01  -1.7127928e+00  -5.2545758e-01  -1.2767263e+00   9.1839494e-01
   2.0000000e+00  -2.3204065e-01   3.8283156e-01   1.6284753e+00   3.2276985e-01   3.0211409e+00   1.2531757e+00  -6.6967235e-01   7.2432744e-01   9.2275673e-01   3.0836478e+00  -1.1809253e+00  -1.9989800e+00   2.0102142e-01  -1.0245437e-01   8.0040835e-02   1.3432752e+00  -1.9016454e-01  -3.9987482e-01
   2.0000000e+00  -4.9501054e-01  -4.0872228e-01   2.8297834e-01   3.9173323e-01  -2.9063227e-01  -1.6512095e+00  -3.1430458e-01  -2.6201012e-01  -2.0561682e+00   5.3847549e-01  -3.9951982e-01  -7.1993942e-01  -1.0983754e-01  -1.6597080e+00  -4.9206919e-01  -1.0051581e+00  -2.6171713e+00   4.4580745e-01
   2.0000000e+00   1.0147033e+00  -1.4867074e-01  -9.6724948e-01  -2.6119302e-01  -3.3429918e-01   5.5575581e-01  -3.5009479e-01  -1.7225210e+00  -1.4359613e+00   8.4870378e-02   1.3501494e+00  -1.4422000e-01  -1.3356999e+00  -2.0728288e-01  -8.6640835e-02  -5.6045630e-01   3.0066807e-01  -6.0156725e-01
   2.0000000e+00   1.7027426e-01  -1.2269083e+00   1.8715285e-01   1.5158520e+00   5.1265761e-01   1.1050507e+00   2.7371159e-01   1.3793205e-01  -1.3962942e-01  -2.7950143e-01   1.3846311e+00   2.4315854e-01  -7.4562738e-01  -7.7135349e-01   7.3943711e-02  -1.2692042e+00   1.3308534e+00   4.2632053e-01
   2.0000000e+00   3.6097876e-01   3.1299410e-01  -1.0771344e+00   3.4819670e-01   5.6764463e-01   3.1574363e-01   9.1590627e-02  -5.6637949e-01  -2.7749136e-01   9.9527658e-02  -2.0710697e-01   4.7708370e-01  -1.6352684e+00   1.1491998e+00   4.6013857e-01  -1.1548169e+00   6.9228246e-01  -1.9902046e+00
   2.0000000e+00   6.3014124e-01  -1.9898020e-01   5.1876489e-01   2.9886407e-01  -5.0185869e-01   1.0877843e-01   8.6994958e-01  -6.7860881e-01   3.5473546e-01   8.1094173e-01  -2.5792104e+00  -5.5810575e-01  -9.0852080e-01   2.8469823e-01   1.0780094e+00  -7.3583957e-01   1.1559846e+00  -6.9418526e-01
   1.0000000e+00   7.1865859e-02  -2.3648333e+00   6.3135467e-01  -1.6061110e+00   5.6865247e-01   5.5955655e-02  -2.2057314e-01   1.0931973e+00   1.0471792e+00   1.7103093e+00   3.8348668e-01  -2.4170214e+00  -7.1004641e-01  -1.0400797e-01  -7.1173286e-01  -8.8617837e-01   7.0243695e-01   1.1508938e-01
   2.0000000e+00   3.0607157e-01  -1.3290854e+00   5.5227888e-01  -1.1146408e-02  -1.8842992e+00   6.9834817e-01   4.6540881e-01   2.5029151e+00  -9.5817852e-02   1.1320483e+00  -4.9648912e-01   8.7961110e-01  -8.0956017e-01  -1.1344975e+00  -8.9997874e-01  -1.1038231e+00  -7.9058175e-01  -1.2806490e+00
   1.0000000e+00   4.0635433e-02   1.3268097e-01  -8.4528461e-01   3.1016642e-01   4.0953020e-01  -6.0690052e-01   2.3035679e+00   3.6594556e-01   1.0278305e+00   7.4172484e-01   1.0597077e+00  -1.1284612e+00  -1.9243608e-02   2.0740464e-01   1.3305363e+00   5.9123117e-01  -6.2807458e-01  -1.4136044e-02
   2.0000000e+00   8.0482194e-01  -1.5616151e-01  -8.9344613e-01   2.5659411e-01  -2.5084162e+00   5.3261080e-01   2.5892221e-01   1.5825419e-01   1.4263785e+00   1.0695588e+00   8.2904122e-01  -1.0863620e+00   1.9470018e+00  -4.2600581e-01  -1.1386675e+00  -3.8113445e-01  -1.6421746e-01   1.6481903e+00
   1.0000000e+00  -1.4077569e-01   3.7915610e-01   9.2645809e-01  -3.7453097e-01   5.7228933e-01  -1.4345798e+00  -2.9554886e-02   1.4646764e-01  -1.6075171e+00  -7.7848924e-01   3.0043038e-01   1.6749925e+00  -5.2055016e-02  -7.1295184e-01   1.0539674e+00   1.5411062e+00   5.3228098e-01   1.1018855e+00
   2.0000000e+00  -5.0221474e-01  -1.4656810e+00   3.3199828e-01  -2.3300442e-01   1.0805326e+00  -6.1268640e-01  -1.4240421e+00   7.2099332e-01  -7.9447947e-02   8.4295827e-01  -7.9082484e-01   1.4094133e+00  -3.6994873e-01   1.1120789e+00   7.2767368e-01   2.3039438e-01   1.6049535e+00  -1.9063010e+00
   1.0000000e+00  -2.5009794e-01  -1.8526037e+00  -1.1595909e+00  -5.8557103e-01   3.6917187e-01   8.1427306e-01   2.3820392e+00   1.4394098e+00  -5.4502050e-01   9.2516999e-01   4.9058891e-01   3.5851393e-01  -1.0668537e+00   1.6368259e+00  -6.0010938e-01   1.4266516e+00  -5.5545962e-01   1.0193097e+00
   2.0000000e+00   1.0888147e+00   4.4017641e-01   7.7230789e-01   7.5594561e-01  -6.0037474e-01   1.2367087e+00  -1.2178512e+00   5.7582139e-01  -1.6533243e+00  -9.6322903e-01  -4.9835878e-01  -4.7367168e-01  -4.5089426e-02   1.0767091e+00   9.0234298e-01  -6.1687016e-02  -1.8181249e-01   1.1296847e+00
   2.0000000e+00  -1.1842839e+00  -2.3544603e-01  -1.3397562e+00  -1.5176707e+00   1.3513003e+00   1.6672100e+00   1.4475330e+00  -1.3539292e+00  -1.6723541e+00   7.2158450e-01  -6.7089222e-01   2.3232512e-01   5.4186403e-01  -2.2141580e+00   9.2730140e-01  -4.9540240e-01  -1.2288789e-01  -1.5566858e+00
   2.0000000e+00   1.4131728e+00  -1.2784881e+00   3.3555088e-01  -3.6358129e-01   6.7285803e-01   2.8237172e-01  -6.0539959e-01  -1.2270841e+00  -9.7401302e-01   6.3036592e-01   3.4697071e-01  -4.8232936e-01  -1.6389533e+00  -6.0478725e-01  -1.0265469e+00   4.2809203e-01   1.8933965e+00   1.0397783e+00
   2.0000000e+00   1.9568845e-01  -1.6570624e+00   7.1477093e-02  -2.2293379e+00  -1.3380962e-01   7.1482604e-01  -5.6095061e-01   3.0814131e-01   5.8163102e-01   1.6857781e+00  -1.2214659e-01   3.7646061e-01  -6.4935480e-01  -2.0793012e-02  -8.3025906e-01  -5.6605318e-01  -4.4264933e-01  -2.4173942e+00
   1.0000000e+00   1.3576864e-01   1.6752795e+00   2.1380818e+00  -8.7729205e-01   1.7998320e-01   3.4581775e-01   1.5426353e+00   5.9985354e-01  -2.8178916e+00  -9.9760891e-01   1.0031108e+00  -1.7386062e+00   1.2541926e-01   1.0714104e+00   1.9308053e+00   9.2710686e-01  -8.0914005e-01  -8.1344474e-01
   2.0000000e+00  -1.4487199e-01  -5.2560255e-01  -1.8623540e+00  -1.7333833e-01   6.2378723e-01  -1.1934686e+00   9.9721595e-02   1.2180658e+00  -5.3066404e-01   4.3706367e-01  -7.4558266e-01   1.1783908e+00  -7.1624570e-01   1.3520632e-01  -6.6720015e-01  -2.9334338e-01  -1.2211803e+00  -1.1570236e-02
   2.0000000e+00  -4.7967606e-01  -1.3311604e+00   2.4793347e+00   1.1112622e-01  -2.0298370e+00  -3.6923421e-01   3.6374994e-01   2.4757936e+00   1.4023123e-01   6.8594895e-01   5.4976655e-01  -2.0072152e+00   1.2118362e-01   7.7902490e-01  -3.2930661e-01   6.5943748e-01   1.4992145e+00  -8.7281074e-01
   1.0000000e+00  -4.2013279e-01   1.0905492e+00  -1.0422900e-01  -2.3015683e-01   8.1445590e-01   1.1695735e+00   6.6532486e-01  -5.0843766e-01  -4.2230828e-01  -1.0418487e+00  -4.5994482e-01   1.6546383e+00  -1.3869432e-01   3.9194134e-01   8.8395727e-01   1.1152276e+00   4.1324811e-01  -1.0059830e+00
   2.0000000e+00   6.8454662e-01  -9.8199885e-01  -9.6039270e-01   3.9173604e-02  -6.7243440e-01  -6.9748986e-01  -1.0375295e+00  -1.4808527e+00   3.8080513e-01  -1.0353545e+00  -2.3200141e+00   3.7462285e-01  -1.2763777e+00   1.8069873e+00   8.5598441e-02   3.4253874e-01  -1.2307454e+00   1.1696744e+00
   2.0000000e+00  -1.2768828e+00   5.6254229e-01  -6.4288087e-01  -8.0671985e-01  -1.2436365e-01  -3.7868563e-01  -5.1773616e-01  -3.4605857e-02   2.3848502e+00  -1.7008922e+00   3.8492176e-02  -2.2313481e-02  -6.8527431e-01  -2.7464855e+00  -7.4390388e-01  -4.4548975e-01  -3.5881205e-01  -5.2794310e-02
   2.0000000e+00   1.1351738e+00  -2.0026076e+00   7.5936973e-01  -7.4109420e-01   1.1029999e+00  -6.0025662e-01  -6.8889945e-01  -2.4778680e+00  -8.4971923e-01  -8.5738255e-01   9.2680518e-01  -6.3522526e-01  -8.1033337e-01   3.3692674e-01   1.8907359e+00   5.3135337e-01   7.9295165e-01   6.1216370e-01
   2.0000000e+00  -2.3790668e-01   7.9113525e-01  -6.6609859e-01   1.3414053e-01  -3.1816363e-01  -1.1913910e+00  -1.0270410e+00   7.5272176e-01  -9.1405764e-01   2.4433485e-01   1.9908078e+00   2.0705027e+00  -2.1876572e-01   7.7166627e-01  -3.0763214e-02  -4.6148363e-01  -1.3923470e+00   3.1391666e-01
   1.0000000e+00   2.3080293e-01   4.3763756e-01  -9.6391987e-01  -1.0936093e+00   4.8519060e-01  -5.7566676e-01  -2.4188475e-01   1.3088298e+00  -1.0693269e+00   1.2392191e+00  -3.0260404e-01  -2.1102306e+00  -1.8306192e-01  -8.0105049e-01   3.9663236e-02   2.6437288e+00   8.0840790e-01  -6.5022318e-01
   1.0000000e+00   5.1125801e-01   1.5165656e+00  -6.6001712e-01   7.0621294e-01   4.8617464e-01  -1.8964704e-01  -6.3976965e-01  -7.5653754e-01  -1.3760852e+00   6.0568123e-01   4.1780871e-01   8.3345691e-01  -6.7014715e-02  -2.1345525e+00  -1.0928838e+00  -1.5767646e+00   1.4498960e-01  -6.1820687e-01
   2.0000000e+00  -1.5496076e-01   1.9755110e+00  -7.0114094e-02   7.6086405e-01   7.0070786e-01   1.4054189e+00  -1.1432387e+00  -1.1476175e+00  -1.2043172e+00  -1.1530396e+00  -2.9908180e-01  -3.1862270e-01   1.0907812e+00   1.6268107e+00   8.9975448e-02  -4.0925816e-01   2.0659770e+00   5.0328586e-01
   2.0000000e+00  -1.7034221e-01   2.1016260e+00   1.8974981e+00  -1.7170697e+00   1.3428366e-01  -5.2063948e-01  -7.4002917e-01   9.1245587e-02  -6.0622105e-01   8.4181547e-02  -2.0832345e-01  -9.7300730e-01  -1.4379828e+00  -1.4200136e+00  -9.0068149e-01   5.2656352e-01  -1.5463066e+00   5.1376533e-01
   2.0000000e+00   1.3521497e+00  -4.4102598e-01  -4.3944455e-01  -1.3591574e+00  -2.3099083e+00   1.2111845e+00   1.2350902e+00   1.5232608e+00   2.2015901e+00   1.4033300e+00  -4.3045945e-01  -2.0417361e+00  -1.0041221e-01  -1.6026471e+00  -2.9322790e-01  -2.4774775e+00  -1.0818564e+00   1.2576830e+00
   1.0000000e+00  -1.2618589e-02  -5.5635535e-01   4.4172957e-01   7.3483079e-01   4.8219036e-01  -1.5760023e+00  -7.8208832e-01  -2.2472445e+00   8.9669746e-01   3.5219248e-01   3.9501904e-01   6.3306874e-01   8.3678565e-01  -2.6096685e-01   1.2417836e+00   1.2906447e+00  -5.2780212e-01   6.7044331e-01
   2.0000000e+00  -3.2267473e-02   2.6546879e-01  -1.9655428e+00  -5.2166370e-01  -1.6481470e-01  -1.1638650e+00  -3.2152586e-01   1.2225248e+00  -3.8725432e-01  -2.5622177e+00  -1.3269169e+00   9.5807501e-01  -4.1303037e-02   6.2276330e-01   1.5696509e+00  -4.1327443e-02  -7.1843672e-01   9.5841354e-01
   1.0000000e+00   7.4680743e-01  -2.8559599e-01  -3.9182616e-01  -6.4709573e-01   1.3216621e-01   7.7236274e-01   8.9310484e-01  -2.0821965e+00  -4.8402134e-01  -8.4809794e-01   2.8047635e+00  -6.4374852e-01   1.3099361e+00   6.6583759e-01   5.2545932e-01   1.5301048e+00  -8.7026435e-01  -9.9910538e-01
   2.0000000e+00  -6.8814556e-01   7.3887829e-01   3.1554902e-01  -1.2786384e+00  -2.8006202e-01  -3.1036334e-01  -6.5994114e-01  -6.4717706e-01  -3.6009218e-01  -2.4177731e-01  -1.1862114e+00   5.3108152e-01   1.9470954e-01   6.3324775e-01  -3.4634738e-01   9.4730891e-01   8.2204769e-01  -1.2170537e+00
   2.0000000e+00   1.5265023e-01  -1.7597635e+00   1.2891917e+00  -3.1267785e-01  -1.7083659e+00   5.6201721e-01  -1.2934608e+00   5.8074596e-01  -2.9798807e-01   5.6469901e-01  -1.6491991e-02  -2.0660747e+00   1.4377718e+00   5.6327240e-01   1.6276077e+00  -1.0301287e+00   6.3184102e-01  -3.8190650e-01
   2.0000000e+00  -1.4207593e+00   6.0253372e-01  -3.5801026e-01  -1.1948516e+00   1.9178758e+00   1.2537049e+00   1.9762813e-01  -2.3700874e+00  -1.1566817e+00   1.1354954e+00  -4.3679629e-01   1.2838681e+00  -1.7450145e+00   7.0243547e-01  -2.5089272e-01   6.7088120e-01   1.9885538e+00  -1.0142307e+00
   2.0000000e+00  -2.7550897e-01  -7.6532138e-01   3.6703148e-01   5.5779253e-01  -3.1293198e-02  -1.9345298e-01   8.7171088e-01   1.5784511e+00  -3.2571795e-01  -1.6102248e-01  -9.8851529e-01   1.8149719e+00   1.0756225e+00   4.4195076e-01   1.3879003e+00   6.8818952e-01   1.3937201e+00  -8.1944247e-01
   2.0000000e+00  -9.2993243e-01   1.3770591e+00   1.0432270e+00  -8.0720329e-01  -2.0068331e+00  -8.5004467e-02  -3.2085824e-01  -6.0565695e-01  -1.4656685e+00  -6.7948706e-01  -7.2663605e-02  -6.8457065e-01  -1.5854675e+00  -1.3382778e+00  -2.6462159e+00   1.5728212e+00   2.1095038e+00   9.6123561e-01
   1.0000000e+00  -1.8292318e+00  -1.8103015e-01   4.9042960e-01   1.1267166e+00   6.9640036e-03   8.1312765e-01  -1.5034465e+00  -2.3077229e-01  -1.0090994e+00   4.9340408e-01   8.4442565e-01  -1.7875960e+00  -1.1824697e+00   3.0227647e-01  -8.9258583e-01   6.4956214e-01  -8.2808950e-01  -4.8240323e-01
   1.0000000e+00  -1.4201754e+00  -1.2993880e+00   2.4129757e-01   1.6831365e+00   7.0486056e-01   4.5434868e-01  -5.6014010e-01  -7.7355901e-01   7.2612900e-01   1.9952952e+00   1.6177716e+00  -7.9214528e-01  -9.4353544e-01  -1.8294239e+00   1.8839154e-01   1.4993414e+00  -4.6340577e-01  -1.8460438e-02
   1.0000000e+00   1.1504666e+00  -1.3897255e+00  -1.5416361e+00  -4.1858828e-02   2.2675165e-01   7.8626170e-01  -2.3744690e+00   2.1593473e-01   8.7227196e-01   9.4659471e-01  -1.3266276e+00  -1.7963015e+00   6.3671258e-01   1.1337747e+00   3.7447195e-02   1.1573448e+00   6.0793499e-01   6.4990148e-01
   2.0000000e+00   6.4321458e-01   1.5872764e+00   1.1427606e-01  -1.0795385e+00  -1.0699209e+00  -1.2764503e+00  -7.0910799e-01  -1.0168704e+00   1.8912598e-01   2.5217619e+00  -9.7368727e-01  -3.0594408e-01   6.8017215e-01  -1.1065875e-01   1.1273336e+00  -1.8856733e-01   8.2492091e-02   1.2742458e+00
   2.0000000e+00   5.1006932e-01   8.4218523e-01   1.3990922e-01  -1.5411563e+00  -1.0999314e+00  -3.8229408e-01   1.7126692e+00   3.1947368e-01  -3.9026850e-01  -4.8623349e-01   5.1654556e-01  -1.3130860e+00  -3.4710778e-01  -1.2255039e-01  -9.3140993e-01   5.7590262e-01   5.1414313e-01  -8.3365671e-01
   2.0000000e+00  -8.6230555e-01  -9.6370195e-01  -9.1080528e-01  -4.5291763e-01  -4.8341776e-01  -9.2967909e-01   6.9975013e-01  -4.6666043e-01  -5.7620943e-01  -9.8139025e-01   9.0690549e-01   1.5081566e+00  -7.8120878e-01   1.1411146e+00   7.9254505e-01  -7.7092346e-01   2.7626026e-02   1.8139744e+00
   2.0000000e+00  -1.5639823e-01   2.6300121e-01  -5.0261615e-01   9.7654504e-01  -2.0020943e+00  -4.7654874e-01   1.5148948e+00  -1.3364061e+00  -8.5481742e-01  -7.6574882e-01  -1.1494703e+00   1.5448927e+00   3.9737274e-01   8.8108998e-01   4.2532044e-01  -3.8474546e-01  -3.6942290e-01  -1.0289193e+00
   1.0000000e+00  -8.4729306e-01   3.0140555e-01  -2.3970439e-01  -4.4155379e-02   3.0392583e-01  -1.5919163e+00  -2.8474570e-01  -1.6674776e-01  -3.1972707e+00  -7.4576005e-03  -7.2861208e-01   1.5884524e+00   5.2087484e-01  -1.4192201e+00   4.2033846e-01   1.2898742e+00   4.2507258e-01   6.6598493e-01
   2.0000000e+00   2.9606173e-04  -4.1935745e-01   1.9984329e-01   3.3814545e-01   1.5680567e+00  -2.2675349e+00   2.0895517e+00  -1.2570991e+00   2.2516806e-01  -4.2102581e-01  -1.8798752e-02   1.6333288e+00   1.9769924e-01  -1.9021141e-01   1.2414961e+00   5.5075284e-01   1.0541449e+00  -2.1292103e-01
   2.0000000e+00   1.9127435e+00  -6.6189449e-01  -1.8464597e-01   1.5016885e+00  -6.9484353e-01   6.8399634e-01  -2.1261442e-01  -1.4751825e-01   2.7454163e-01   6.8044364e-01   1.2822391e+00  -1.2456238e+00   9.9467310e-01  -1.2493390e+00  -3.1196977e-01  -4.0721419e-01   8.8877907e-01  -2.6788829e-01
   2.0000000e+00   1.6731991e-01  -1.0117721e+00   1.5464908e-01  -1.9507901e-01  -8.9066135e-02  -6.6955644e-01   3.9465170e-01  -1.1790817e+00   3.4994013e-01  -4.4388515e-01  -1.5109552e-01  -1.4552228e+00  -4.9191861e-01  -2.3857111e+00   1.0728056e-01   1.1281752e+00   3.3651489e-01  -7.1244719e-01
   2.0000000e+00   2.1066006e-01  -1.2494513e+00  -1.1457904e+00   4.2931657e-01   1.2592137e+00   1.9458090e+00   6.3139946e-01  -9.8930632e-01  -1.9000015e-01   1.2234562e+00   1.1092258e+00  -1.1234507e+00   2.6596624e-01   2.0803336e-01  -2.9285485e-01  -6.9067860e-01   2.0908303e-01  -1.6866887e+00
   2.0000000e+00   1.1593977e+00   2.1780423e-01   3.0584596e+00   1.5472474e+00  -9.8330445e-01  -5.6200395e-01   1.2916318e+00  -2.2539239e-01  -6.5264022e-01  -4.2835943e-01   5.5035921e-01   1.6302897e+00  -4.3128431e-01   4.5982366e-01  -1.8570552e-01  -3.3416125e-01   9.0271058e-01   9.7379608e-01
   2.0000000e+00   5.4164588e-01  -3.8391746e-01  -1.3925479e+00  -1.3203861e+00  -8.4066837e-02   1.7031722e-01  -7.6142403e-01   1.1301971e+00  -7.5317393e-01  -2.0192678e+00   7.4416043e-01  -2.4821276e-01   7.1563054e-01   3.6198951e-01  -9.0361340e-01  -2.1473100e+00   1.2887135e+00   8.1850214e-01
   2.0000000e+00   7.7185180e-01   4.7094560e-01   2.4793116e-01  -9.8099939e-02   9.0467610e-02  -1.8980446e+00   1.3423182e-01  -4.2219301e-01   8.0426866e-01   1.1658956e+00   2.0102737e-01  -5.3848030e-01   4.8788098e-01  -1.0998448e+00   3.0234892e-01   1.4731794e-01  -1.1367100e+00   1.1890703e+00
   2.0000000e+00   9.2223242e-01   7.0641978e-01   8.8192311e-01  -6.9305415e-01  -4.3720161e-01  -1.2553127e-01   7.6040434e-01   6.0052643e-01   1.7498003e+00   2.7035071e+00  -2.3537821e-01  -7.1056062e-02   1.4028195e+00  -1.2031091e+00   2.8661341e-01  -8.3898641e-01   7.1051598e-01  -1.6987224e+00
   2.0000000e+00   1.0450707e+00  -7.3582453e-01   1.2273852e+00  -8.6044793e-01  -1.6166402e-01   1.7413432e+00   7.1549353e-01  -2.3087206e-01  -5.5943148e-01   4.8094389e-01  -5.5238977e-01   1.8539263e-01  -1.0839975e-01   6.5825708e-03  -9.2509128e-01   1.0603892e+00  -7.7643542e-02   1.4452386e+00
   2.0000000e+00   1.2511501e+00   3.8138784e-01   1.2837006e+00   7.0583596e-01  -1.5290474e+00  -3.8506313e-01   9.6042799e-01   1.1153491e-01  -2.8629570e-01   2.4992856e+00  -1.3505224e+00  -3.1657102e-01   1.0903585e+00  -8.9294252e-01   4.9261214e-02  -6.8037931e-01   7.6562988e-01   1.6701672e+00
   2.0000000e+00   3.3718955e-01   7.5799221e-01  -1.8144647e+00   1.6881723e-01   5.0605377e-01  -8.5931260e-01  -1.0930413e+00  -1.7855034e+00   1.2433711e+00   6.2051026e-01  -2.2302867e+00  -2.1574051e+00   1.0814075e+00   1.3085552e+00   7.5982652e-01   7.9612365e-01  -1.3839606e+00   1.1386986e-01
   2.0000000e+00  -3.4043410e-01  -1.1363366e+00   2.8131316e-01  -4.5584180e-01   3.2519287e-01  -1.3358349e+00   1.2047231e+00  -2.8131393e+00   1.0949819e+00  -9.4081772e-01  -4.4440450e-01  -1.1850560e+00   1.5545312e+00  -3.4282329e-01   1.0513371e-01  -1.6111709e-01   9.5885910e-01  -1.0139502e+00
   1.0000000e+00   2.5013295e-01  -6.7080930e-01  -1.5312708e+00   3.8264682e-01   6.4074020e-01   6.4908411e-01   2.8371152e+00   4.7883011e-01   6.4564848e-01  -1.7002468e+00  -4.5714752e-01   1.0663480e+00   5.1653014e-01  -8.7074424e-01   8.9664568e-01  -6.3294961e-02   2.6979034e-01  -2.1604109e-01
   2.0000000e+00   3.1325475e-01  -3.4371064e-01  -4.3484239e-01  -1.3681383e+00  -4.1353751e-01  -5.0414356e-01   1.0225146e+00   5.2133071e-01   2.1644075e+00  -3.3514599e-01   2.5161148e+00  -3.8148580e-01   4.6847745e-01  -4.0342071e-01  -1.8198081e+00  -1.0731131e+00   5.5824416e-01  -3.7077752e-02
   2.0000000e+00   7.8029007e-01  -1.9025195e+00   7.6716879e-01  -1.8229439e+00  -9.5749930e-01   2.3257237e-01  -3.4991493e-01   8.4524897e-01   2.4416488e-01  -6.9101957e-01   3.4905972e-01  -5.5397052e-02  -4.0867832e-01   1.9080363e+00  -1.4944122e+00  -1.4475167e+00  -2.6305867e-02  -2.4958306e+00
   2.0000000e+00  -6.2791874e-01  -5.3989552e-02  -2.7008946e+00  -9.5679619e-01  -1.0074398e+00  -4.6089805e-01   2.2262978e-02  -7.5938382e-01  -2.5266793e-01   8.7332484e-01   6.6366097e-01   1.5665814e+00  -1.0125137e+00  -8.9684091e-01  -4.5287701e-01   6.0217028e-01   8.5842115e-01  -1.0492758e+00
   2.0000000e+00   6.0766949e-01   4.3005622e-01   4.1073064e-03   3.5111966e-01  -4.9447579e-01  -1.5044743e+00   1.2811710e-01  -9.6147007e-01   1.8590101e+00  -1.1215437e+00  -8.5563870e-01  -2.3750138e-01  -1.3373157e+00   3.9972248e-01  -2.3573140e-01  -4.0106448e-02  -1.5913794e+00  -4.8063776e-01
   2.0000000e+00  -1.4659606e+00  -9.8282314e-01   1.4867414e+00  -5.7697907e-01   6.5701924e-01  -8.2147683e-01   1.1510704e+00  -6.7446113e-01   1.3254673e-01  -2.2028845e-01  -2.1325032e-01   1.1782814e+00  -9.7984459e-01   3.5740253e-01   7.4265087e-01   1.8683604e+00   8.5012685e-01  -1.0849649e+00
   2.0000000e+00  -2.1239324e+00   5.4641100e-01   1.7940849e-02   1.1450341e+00   1.6665594e+00  -4.7990121e-01  -1.6544648e+00   1.0078211e-01  -2.3323335e+00  -3.0841965e-01  -1.3668183e+00   6.6501880e-01  -1.2847956e+00  -1.7488653e-01   1.0446179e+00  -1.6221680e-01   5.1306021e-01  -9.3644832e-01
   2.0000000e+00  -2.3875651e-01   1.1404386e+00  -1.9594802e+00   9.0873536e-01  -4.3995347e-02  -2.2254654e-01  -1.9939848e+00  -1.3242464e+00   2.1425069e-01   9.3440139e-01  -1.6548079e+00   5.6599725e-02  -7.7727632e-01   1.3694511e+00   6.6073460e-01   8.2025445e-01  -1.8710267e+00  -2.3945680e-01
   2.0000000e+00  -4.8496451e-01   1.2174064e+00   7.2145247e-01  -3.2225635e-01  -9.3668886e-01  -4.2530099e-02  -1.8693017e-02   1.3886743e-02   1.8203993e-01  -2.3075909e-01  -1.4052610e+00   1.0985331e+00  -1.1434736e+00  -2.0149586e+00   1.4426033e+00  -8.3717012e-01   9.3603215e-01  -4.0659375e-02
   2.0000000e+00  -2.6939803e-02  -4.0561964e-01  -1.5107506e-01  -1.4745633e-01   1.1112590e+00  -3.9485178e-01   9.7245043e-01  -1.9647372e+00   1.1745247e+00   2.7511331e-01   6.1881707e-01  -1.8914296e+00   1.7944172e+00  -4.7205192e-01  -2.4756505e+00  -2.2647577e-01  -6.3228346e-01   7.7697310e-01
   2.0000000e+00  -2.9073121e-01   1.1785233e-01  -2.3159000e-01   1.3129210e+00  -2.8303417e-01   1.4144258e-02   2.3305722e-02   2.2062339e-01   1.6672212e+00   1.2016686e+00   1.1988552e-01   3.1541620e-01  -6.3166407e-01   1.0356402e+00   2.8587314e-01  -5.4966526e-01  -5.9392737e-01  -1.8661154e+00
   2.0000000e+00  -2.3930835e-01   1.2286776e+00  -5.2753641e-01   1.2484927e+00  -5.8936595e-03   1.2085806e+00   9.6282379e-01  -4.3303601e-01   1.7933940e+00   5.9220561e-01   1.1430809e-01   9.7941634e-01  -9.8970761e-01  -1.1987692e+00   3.6228618e-01  -5.7829629e-01  -1.5648949e+00  -2.5069462e+00
   2.0000000e+00   1.0929942e+00   8.5745031e-01   5.1204041e-01   2.1405684e+00  -1.6933248e-01   7.9330745e-01   7.1734404e-01  -5.4955891e-01  -1.3766758e+00  -2.3597084e+00  -5.0530317e-01   8.8542780e-01   9.6002570e-01  -4.5797684e-01  -1.3457200e+00   5.5465699e-03   5.3375592e-01   9.3418767e-01
   2.0000000e+00  -8.6505355e-01   8.3329221e-01  -1.2320194e+00  -5.4062483e-01   5.2025674e-01   2.1430995e+00  -4.4567375e-01  -1.7515996e+00  -2.3635616e-01   2.0446279e-01   4.8720071e-01  -5.0384818e-01  -1.2734534e+00   9.8799580e-02   4.0315969e-01   1.1373409e-02   1.8100759e+00  -4.0640389e-01
   2.0000000e+00  -1.3463487e+00   2.9977502e-01   1.0842207e+00   1.2842974e-02  -1.3497099e+00  -3.6346746e+00   1.6746773e-01  -1.0317513e+00  -6.2524422e-01   5.6227481e-01  -3.7824491e-01  -8.8408213e-01  -1.1885423e+00  -7.6422163e-01  -1.2764202e-01   6.4737169e-02   1.3866932e+00   7.9931829e-01
   2.0000000e+00   3.7856620e-01  -1.1485107e+00  -9.6934903e-01  -5.0928833e-01  -2.5593217e+00  -1.2932687e+00  -1.0188321e+00  -7.7183381e-03  -9.1842124e-01   2.9043909e+00   1.0803018e+00  -1.8887587e+00   3.7082559e-01   3.7579729e-01   2.0036672e-01  -2.4513588e-01   8.2163958e-01   1.0291647e+00
   2.0000000e+00  -1.6131972e+00   3.4866016e-01  -4.7665500e-02  -3.9792323e-01  -3.3049364e-01  -3.0794008e-01  -1.5300833e+00   1.3812689e-01  -1.6425158e+00  -4.7977447e-01  -1.9087232e+00   1.0728423e-01   5.9886939e-01   1.2455465e+00   7.0312549e-02  -2.8244424e-01   4.2685534e-01  -1.0908055e+00
   2.0000000e+00   1.3824530e+00   1.9013273e+00  -2.9211337e-01  -5.1264139e-02  -6.7719516e-03  -1.3759963e+00  -2.1800871e-02   1.4835248e+00   9.1707491e-01   1.0291673e+00  -2.8080778e-01  -1.6699856e-01   1.4388997e+00  -1.6744507e+00  -8.1906017e-01   6.3882527e-01  -1.2303566e+00   2.3597430e-01
   2.0000000e+00  -1.7414261e+00  -9.6848367e-01  -1.3738788e+00  -1.1195297e-01  -1.3099059e+00  -2.5666536e+00   4.3645327e-01  -2.3100905e-01   8.8334187e-01  -1.7400147e-02   1.1979312e+00   8.7106153e-01  -1.3662173e+00  -4.6009566e-01  -4.8983912e-03   1.2603685e+00  -6.6909996e-01   2.3405341e-01
   2.0000000e+00  -1.8728140e-02  -1.4176622e-01  -5.7871512e-01  -4.1894007e-01   4.8943388e-01   1.1541837e+00  -1.6447067e-01   7.4123117e-01  -4.2457477e-02  -4.4833393e-02  -8.6092934e-01   1.6855832e-01   3.1971096e-01   1.0813119e-01   2.3689111e-01   1.4099661e-01   1.5172993e+00  -1.2103279e+00
   2.0000000e+00  -9.5463960e-01  -2.3158139e-01  -3.1867264e-01  -1.0123547e+00  -2.6706303e-01  -4.7854893e-01   3.2763133e-02  -7.5917344e-01   5.7070969e-01  -6.4678801e-01  -6.8533793e-01  -1.4385831e+00  -1.9680984e+00  -4.6605743e-01  -7.3034733e-01   6.4960856e-02  -9.7082432e-01   1.7155775e+00
   1.0000000e+00   6.7681970e-01   2.0544801e-01   1.6011149e+00  -8.9902765e-01   1.3884082e-01  -1.9844099e-02  -9.5074340e-01   1.5696381e+00  -1.7778962e-01  -1.4095562e-01  -1.2152946e-01  -3.5414834e-01  -2.4016152e-02  -4.7717294e-01  -8.0874598e-01   1.1764341e+00  -4.1472587e-01  -4.4620932e-01
   1.0000000e+00  -1.7932182e-01  -3.2286797e-01   1.1648525e+00  -1.2086572e+00   7.2222736e-01  -8.1259976e-01  -1.7961963e-01  -8.0399908e-01   3.4379462e-01  -6.3359402e-01   1.2129320e+00  -1.5255424e+00  -1.3308463e-01   1.1538597e+00   2.6297554e-01  -2.7440709e-01  -6.4721466e-01   3.1283074e-01
   2.0000000e+00  -7.3220936e-02   2.1796317e+00   3.4887190e-01   8.3351643e-01  -9.9923363e-02   1.5533142e+00  -1.0670746e+00   1.2795878e+00   7.7227149e-01   5.1589101e-01  -5.0584123e-01   7.9973126e-01  -9.6571697e-01  -8.9317383e-01   1.1696899e+00  -6.0730575e-01  -3.7206786e-01   2.8379931e-01
   2.0000000e+00   1.1610722e+00  -8.8509727e-01  -1.0236095e-01  -7.0122458e-01   7.0770225e-01   1.3505118e+00   2.1771391e+00   3.1329744e-01  -2.6933018e-01   6.3843611e-01  -1.6146474e+00  -1.0217817e+00   1.0766926e-01   5.2261029e-01  -8.0474068e-01   4.6580414e-03  -9.4741115e-01   6.2077887e-01
   2.0000000e+00   2.2868063e+00   2.2147053e-01  -1.4178876e+00  -6.3272741e-01  -1.0210382e+00  -1.2564884e-01  -4.6311909e-01  -3.3480498e-01  -5.3428653e-01  -6.5954598e-01  -3.6614044e-01   8.4245068e-01   1.8226677e-01   2.5941775e+00   4.7994341e-02   1.2161443e+00   1.7379470e+00  -1.5985822e+00
   2.0000000e+00  -7.2955465e-01  -9.3590559e-01   9.5278491e-01   4.5215572e-01  -7.3959004e-01   1.4164120e+00  -9.7237785e-01  -1.4286374e+00   6.4273510e-01   1.6353947e+00  -5.7870649e-01  -1.3576251e+00   1.2475880e+00   4.4260220e-01   5.0940544e-01  -6.6143726e-01  -1.1217823e+00   1.9249192e+00
   2.0000000e+00   1.2061794e+00  -7.8490216e-01  -2.1061914e-01   4.2184549e-01  -6.9692697e-01   3.1832010e-01  -7.6482552e-01  -1.6682133e-01  -8.9375391e-01   1.1759433e+00   1.3301296e+00   9.7882929e-01   3.9849713e-01   1.4903592e-02  -9.7404564e-01   2.2667469e+00   5.8158376e-01   1.0968453e+00
   2.0000000e+00  -2.8931193e-01  -2.2160445e-03   1.2354742e-01   6.2656717e-01  -7.3442619e-01  -2.1209649e-01  -3.0072659e-01  -1.1536619e+00  -2.1701894e-01   7.3310483e-01  -1.5845818e-01   5.9814423e-01  -1.3272988e+00  -4.9351267e-01   2.1596999e-01  -1.2335743e+00   2.1737032e-01   1.5712168e+00
   2.0000000e+00   8.3030659e-01   4.1431185e-01  -9.6406001e-01   6.9607867e-01  -7.8819489e-01   3.5763114e-01   1.0246262e+00   6.2009997e-01   1.8822980e-01   2.4189020e-01  -7.6956614e-01   9.7419023e-02   2.0403553e-02   6.6612866e-01   2.0913174e+00  -1.2040995e+00  -5.7401594e-01   2.6232683e-01
   2.0000000e+00  -4.4742307e-01   6.7388803e-01   1.1536393e+00  -3.6364471e-01  -5.8021778e-01   1.6796183e-02  -1.0689904e-01  -4.5061774e-01  -1.3461684e-01  -6.5049814e-01   5.2879277e-01   8.5019104e-01   3.1209964e-01  -2.2370791e-01  -2.3451642e+00  -1.1472964e+00  -1.8523466e+00   8.9377866e-01
   2.0000000e+00   2.6715480e-01   1.1726051e+00   3.8843082e-01   8.3584610e-01  -3.0092403e-01   5.4502729e-01  -1.4472361e-01   1.2497485e+00   7.8883430e-01  -8.4611649e-01   2.2633033e-01   8.7280365e-01  -2.3580607e+00   1.3945851e+00  -1.1741570e+00   8.9259052e-01  -2.6703460e-01   2.1683119e+00
   2.0000000e+00   2.5736838e-01   1.5530986e+00   1.4145719e+00   4.7809268e-01   1.4228645e+00  -3.7590442e-01   1.0190972e+00   1.0280263e+00  -3.0020987e-01  -2.4458816e+00  -5.1395194e-01   6.6656248e-01   3.3265770e-01  -2.4991133e-01   1.0479687e+00   1.7762084e+00  -7.2363628e-01  -8.4518806e-01
   2.0000000e+00  -6.9465788e-01  -3.8839739e-01  -6.2429777e-01  -3.7118338e-01   1.7691703e+00   7.7447501e-01   1.5353004e+00  -1.7058850e+00   8.9336382e-01  -3.2473343e-01   1.3702196e+00   1.1794713e+00  -3.3193206e-01  -4.2662349e-01   4.1608266e-01  -7.3841488e-01   9.7822718e-01  -9.8088872e-01
   1.0000000e+00  -6.8104392e-01  -1.2894740e+00   8.6685805e-02   1.2810304e+00   8.6223567e-01   1.6141219e+00  -4.6645913e-01  -5.8305028e-01  -1.6708350e-01  -9.9305495e-01   2.0794839e+00   1.0148795e+00  -1.6702313e+00  -1.5422788e+00   2.2226146e-01  -7.9249247e-02   2.3001743e-01   1.2584786e+00
   2.0000000e+00  -6.9106862e-01  -1.1486589e+00   2.9919431e-01  -1.5474675e-01   8.9591196e-01   1.6992546e-01  -1.8536994e+00   1.7491209e-01   1.1348747e+00   5.6874473e-01   8.3921358e-01  -1.6351661e-01  -1.5760504e-01   1.6925824e-02  -3.7983372e-02  -9.0887895e-01   1.2692822e+00   2.6398943e+00
   2.0000000e+00  -3.7182323e-01  -6.8721964e-02  -3.2286568e-02  -8.2897047e-01  -1.9923076e+00  -3.0922604e-01   1.0345813e+00   8.5164939e-01   2.0436655e+00  -9.9893338e-01   7.5349960e-01  -7.3510610e-01   4.3919201e-01   3.1353715e-01  -3.1047390e-01   2.2117603e+00   8.9562637e-01  -8.8287047e-01
   2.0000000e+00  -7.2634623e-01   1.8112288e+00  -1.1753369e+00  -7.8174230e-01  -1.4265954e+00  -1.2732777e+00  -8.3056705e-02  -6.0467653e-01   3.7689769e-01  -1.2317968e+00   2.5344083e-01  -7.5423181e-01  -7.9504173e-01  -4.7477828e-01   7.2146577e-01  -1.0469489e+00  -6.6729766e-01   2.0643189e+00
   2.0000000e+00   2.4104015e+00  -1.1139564e+00   5.3061222e-01  -1.9559240e+00   1.1324200e+00   2.7949858e-01   2.6961393e-01   1.0166677e+00   1.3169767e+00  -7.1265557e-01  -2.5507332e-01  -7.5003953e-01   6.6524169e-01   1.3101010e+00   1.7032015e-01   9.6536852e-01   1.6496412e+00   1.2342387e+00
   2.0000000e+00  -3.1345542e-03   1.4599397e-01  -7.1980327e-01  -1.2185026e+00  -1.7093342e-01  -5.0449906e-01   1.1547873e+00  -1.0778976e+00   6.7613482e-01  -4.0591459e-02   9.7729093e-02  -7.5665223e-01   1.0333698e+00  -8.8016576e-02  -2.9401372e-01  -1.0742985e+00   1.3425863e+00   4.7864114e-01
   2.0000000e+00  -1.2720357e-01  -1.0607839e+00   4.7038998e-01  -1.2971703e-01  -1.4629191e+00   5.0681786e-01   2.2798513e-02  -2.1577827e-01  -8.2572920e-01   4.6545918e-01   1.3087582e+00   1.3992480e+00  -9.0632787e-01  -7.0073577e-01   2.0789607e+00  -6.9396457e-01  -9.7762080e-01   1.8245003e+00
   2.0000000e+00  -4.4134329e-01   5.8808550e-01  -1.9594537e+00  -3.2718668e-01  -1.2141139e+00  -1.0322433e+00   9.6236708e-01   1.3769358e-01   1.5566012e+00  -1.2837415e+00  -5.5674930e-01   1.0523924e+00   2.3340740e+00  -7.9481193e-01   1.9553149e+00   1.3015083e+00  -7.3726505e-01   5.1301535e-01
   1.0000000e+00  -5.9794853e-01  -3.7063341e-01  -2.7796627e-01  -1.0472574e+00   4.4134790e-02  -5.9513039e-01  -9.6394594e-01   5.8342015e-02   1.0046483e+00  -2.9797625e+00   8.9314244e-01  -1.5825863e-01   9.2925795e-01   1.1085987e+00   1.1630198e+00  -1.0550224e+00   3.4031552e-01  -9.6471452e-02
   2.0000000e+00  -1.2355872e+00   8.9353788e-01   3.3453029e-01  -1.5174595e-01  -5.5978509e-01   7.4440964e-01  -2.7073345e-01   5.5534650e-01   1.2395394e-01   8.9154181e-01   1.5503233e+00  -4.2209703e-01  -3.4559598e+00   5.0606245e-01  -8.8689004e-01   1.5061064e-01  -1.4598690e+00   1.2691202e+00
   2.0000000e+00   1.2059682e+00   6.6896052e-01  -1.9446419e-01  -8.3115462e-01   7.8047824e-01   1.5653257e+00   1.4929836e-01   7.0004763e-02   1.0157731e+00   7.9193265e-01   3.4885235e-01  -3.0259310e-01   6.1871277e-01   6.3251042e-01   1.6326474e-01  -1.7387991e+00   1.4461600e+00  -1.7091670e+00
   2.0000000e+00  -5.6789229e-01  -3.3616843e-01  -8.9798543e-01  -1.2853178e+00   9.1622534e-01   1.4242953e+00   1.1724209e-01   1.1226390e-01   6.4525247e-01  -7.7908319e-01   2.1720814e-01  -8.1209037e-01   2.5311203e-01  -4.4585374e-01  -1.8013612e+00   3.1449790e-01   2.7821049e+00  -6.6445796e-02
   1.0000000e+00   3.9215344e-01  -1.4186493e+00  -3.7920748e-01   1.3799472e+00   3.4055417e-02  -2.0652527e+00   1.7533699e+00  -1.0379555e+00   1.1201094e+00  -8.4364445e-01   9.3792572e-01  -8.5494021e-01   5.0893327e-01  -6.7770928e-01   5.3123580e-01  -5.0791688e-01   5.1135583e-01   4.4040543e-01
   1.0000000e+00  -9.7478837e-01   3.9079882e-01  -1.3510590e+00  -1.1525704e-01   1.3085916e-02  -2.8124631e-01   1.0327712e+00   1.3224119e+00   4.2704402e-01   2.1001633e-01  -4.6640246e-01  -6.8777939e-01  -1.6552560e+00   7.8395355e-01   7.9435139e-01  -1.0186969e-01   2.3304067e-01  -1.1618476e+00
   2.0000000e+00   8.7226050e-01   1.0977319e+00   1.3590790e+00   3.7589232e-01   1.2019846e+00  -2.5045219e-01  -1.4760693e+00   1.4344198e+00  -2.9782991e-01  -4.8679298e-01  -1.0710809e-01   1.1359123e+00  -1.1571817e-01  -8.8731851e-01  -3.3611208e-02   1.4508540e+00  -6.3862488e-01   1.0786946e-01
   2.0000000e+00  -1.7768047e-01   3.9152386e-01   2.0459733e+00   1.4278233e-01   1.9333950e+00   6.5019696e-01  -1.7953352e+00  -1.3422426e-01   6.3108003e-01   3.7421516e-01   1.9833221e-01   9.6418537e-01   1.3046290e+00   1.6160941e+00   1.0566875e+00   1.7763631e-01   3.8073182e-01   4.2406401e-01
   1.0000000e+00  -1.6775173e-01  -2.9963081e-01   5.2500047e-01  -4.2342726e-01   1.8798012e-01   9.5829579e-01   2.9235567e-01  -5.1586085e-01   1.9032110e+00   5.7894321e-01  -1.0661604e+00   8.8066760e-01  -1.5976735e+00   1.6284587e+00   1.4141227e-01   5.2557375e-01   2.5004208e-01  -2.0169664e-01
   2.0000000e+00   7.6937712e-01  -3.7823444e-01   5.7771382e-01   1.2766272e-02   9.0366379e-01  -8.3402712e-01  -9.1700062e-01  -1.9060701e+00   3.3754673e-01   9.8414182e-01  -3.6197749e-01   8.0725559e-01  -7.2985105e-01   6.6872440e-01   7.7642743e-03   4.0904257e-01  -3.0377993e+00  -6.1710031e-01
   2.0000000e+00  -2.0405940e+00  -4.1801131e-01  -2.1428793e-01  -4.6646164e-01  -5.8929781e-01  -4.6186794e-01  -1.1716391e+00   1.2993479e+00  -8.8221103e-01  -2.3464232e-02  -2.2430824e+00  -8.2093308e-03  -1.4366134e+00  -3.8499163e-01   8.3495034e-01  -6.7600364e-01   6.4764351e-01   8.7426059e-01
   2.0000000e+00  -1.1146287e+00   1.4108872e+00  -9.0255725e-01  -3.0340635e-02   1.6706677e+00   6.7793411e-01  -1.2708453e+00  -7.4124064e-02  -2.3560432e+00   6.8266434e-01   2.0059868e+00  -2.7214975e+00   4.1467498e-01   7.4867479e-01  -1.1830970e+00   4.0991645e-01   8.9130101e-01   4.0367946e-03
   2.0000000e+00   1.7497463e+00  -1.0316963e+00   1.7365543e-01  -4.5761753e-01  -1.3052790e+00   1.9225634e+00  -1.2422207e-01  -1.4517899e-01  -1.0580163e+00   4.4827866e-01   1.3247791e+00   1.1501208e+00   2.2962079e-01  -8.0591143e-01   1.6194093e+00  -1.4111874e+00  -1.6855483e+00  -7.6798913e-02
   2.0000000e+00   7.2876980e-01   3.5398748e-01   9.6377504e-01  -6.7830924e-01   2.1396847e-01  -1.4965029e+00   2.2484523e+00   8.1252767e-01   1.3310048e-01   7.1675746e-01  -1.1092252e+00  -9.5855411e-01   1.0280492e-01   8.4062475e-01   7.6235367e-01   5.5073907e-01  -1.8129739e+00   2.3273898e-01
   2.0000000e+00  -5.8957690e-01   4.6390040e-01   9.7929148e-01  -2.0455667e-01  -5.6265975e-01  -5.7404940e-01  -1.4431515e+00   6.5276746e-01  -3.9089919e-01   2.1455028e-01   2.2855290e-01  -8.1959554e-01   9.5058159e-02  -2.5736798e-01   2.1186660e-01  -7.1568386e-01  -1.7542076e+00  -7.0859030e-01
   1.0000000e+00   2.4009194e-01   2.5535304e-03  -7.7696753e-02  -5.3943890e-01   5.1761159e-01   3.2188463e-01  -1.5694454e-01  -1.5244937e+00  -4.7292789e-01   2.6184772e-01  -1.6643791e+00  -1.4090371e+00   4.0896058e-01  -1.4525064e+00  -1.1475976e+00   1.1485929e-01   2.0587384e-02   9.6509873e-01
   1.0000000e+00  -1.1663120e+00  -1.1666875e+00  -2.4908699e-01   4.4136517e-01   2.8075217e-01  -7.1300509e-01  -5.9647840e-01   6.9779002e-01   5.2637111e-01  -8.7046914e-01   1.5604643e+00   2.0211382e-01  -4.8276324e-01   1.1982840e-01  -1.7088603e+00  -1.6466838e+00  -6.9592818e-01   3.2043160e-01
   2.0000000e+00   1.8633366e-01  -4.6709239e-01  -4.9764141e-01  -9.1629867e-02  -5.2740343e-01  -5.7603071e-01  -2.2174886e+00  -2.5302139e-01   6.5302342e-01   3.0395797e-01   7.6076876e-01   3.4792608e-01   1.4645105e+00  -1.4475312e-01   2.7126279e-01   1.8511018e-01  -1.4572825e+00  -7.1450701e-01
   2.0000000e+00  -8.5375418e-01  -3.9294683e-01  -1.3225401e+00   1.1653283e+00  -2.9740996e-01  -1.2971308e+00  -4.2352560e-02   1.1726207e+00   2.3813188e-01   1.6856790e+00  -8.5063834e-01  -2.8567864e-02   1.0240164e-01   1.0914084e+00  -4.3199682e-01  -1.5565724e+00   2.3892829e-01   6.4301851e-01
   1.0000000e+00  -1.1261506e+00   7.4869239e-02   1.1326892e+00   2.2741737e-01   3.3849636e-01  -1.1174414e+00  -1.1698565e-01  -7.7716457e-01  -9.8873290e-01  -1.8516438e+00   1.0604852e-01   1.0883532e+00   1.3916620e+00   3.8752952e-01  -4.7830597e-01   1.3190322e+00  -1.3179027e-01  -2.0987494e-03
   2.0000000e+00   1.8360153e+00  -1.3559897e+00   3.4206798e-01  -4.4582926e-01   3.9967891e-01  -2.8387651e-01   1.0254216e+00   6.9711281e-01   4.4698621e-01   7.9712436e-01   1.3372282e+00  -1.7008993e+00  -1.5985147e-01  -6.4036883e-01   1.5894243e+00  -3.4485380e-01  -2.3702275e+00   7.4388391e-01
   1.0000000e+00  -1.3055073e+00   3.2360400e-01   9.6496185e-01   7.7067710e-01   7.0317865e-02   2.0182055e+00   1.3363825e+00  -1.4646280e-01  -9.3413705e-01   3.1220199e+00  -6.4611065e-01  -1.0284073e+00   6.8804313e-01  -7.8160570e-01   5.0732238e-02  -1.1281047e-01  -5.0607017e-01   6.7433220e-01
   2.0000000e+00   6.6780045e-01   1.0630868e+00  -4.1735453e-01  -1.2178173e+00  -1.1138354e+00  -7.4505058e-01  -1.2220590e+00   1.4070238e+00   1.1174155e+00   5.1415053e-01  -3.9231190e-01  -3.4537300e-01  -1.9063700e+00  -3.5112294e-02  -9.9686297e-01  -6.7535170e-01   6.3890531e-02   1.3695664e+00
   1.0000000e+00   5.9139739e-01   1.3968550e-01  -4.0321503e-01   6.0620736e-01   7.0393736e-01  -1.1156704e+00   7.9799721e-01   5.6213913e-01  -4.3788218e-01  -8.2046172e-01   1.6633090e+00   8.4868946e-01  -5.9688488e-01  -5.0028214e-01  -4.9685460e-01  -9.9214424e-01   4.8843098e-01  -4.8272361e-01
   2.0000000e+00   5.9688739e-01   6.5516795e-01  -4.5606241e-01   3.9020322e-01  -9.3532788e-01   6.3037031e-01   1.6742236e+00   2.2139576e-01  -1.3734520e+00  -1.0021054e+00  -1.0256019e-01   1.5142011e+00  -1.4908867e+00   8.6605073e-01  -1.0805435e+00   7.4970917e-01  -3.8763972e-01  -2.6090068e-01
   2.0000000e+00  -1.4364973e-01   8.1886516e-01   1.2852779e+00  -5.8035940e-01  -1.1086650e+00   1.1909164e+00  -5.5524507e-01   5.8433462e-01   6.4411487e-01  -6.9078461e-01  -1.6005091e+00   3.3380839e-01  -1.8634536e+00   1.0676051e-01   1.0504228e+00  -9.3698320e-01  -1.2220824e+00  -1.4020720e+00
   1.0000000e+00   1.1042352e+00   3.3028989e-01   1.0343116e+00   4.0102688e-01   1.4473368e-01   1.3410985e-01   1.3397953e+00  -1.3455028e+00   9.6690248e-01  -3.2446467e-01  -8.8665280e-01  -1.7878190e-02  -1.0853871e+00   6.4335458e-01   1.6047803e+00   3.1197472e-01   2.4719126e-01   6.7263622e-01
   2.0000000e+00   1.0746905e+00  -1.5956154e+00  -1.1555420e-01   1.7805633e+00  -4.0028373e-01   1.3522206e+00   1.5521711e+00   6.7968602e-01  -7.6905102e-01  -4.4573187e-01  -7.7253203e-01   7.4095199e-01  -1.2731516e+00   1.3863593e+00   2.7120384e-02   2.7236328e+00   1.0265067e+00  -4.1344567e-01
   1.0000000e+00  -9.7373455e-01  -5.7506467e-01   1.8806454e-01  -3.2933073e-01   6.3457908e-01   1.2841122e-01  -4.4409457e-01   1.6141144e+00  -7.7678607e-01  -1.0654147e+00   1.3647599e-01   1.1152564e+00   6.6233974e-01  -4.0742729e-01  -1.5151751e+00   7.3689677e-01  -6.7117086e-02  -3.5903512e-01
   2.0000000e+00  -8.3486048e-02  -5.1448902e-01   3.0936062e-01  -3.5070798e-01   1.2858187e-01   2.3361123e-01  -1.6922224e+00   1.7038083e-01  -1.2188532e+00  -1.9364625e+00  -2.4316527e+00  -2.0319409e+00  -9.4218343e-03   2.0174563e-01   8.8306655e-01   4.6853380e-01   3.7820801e-01  -1.9982239e+00
   2.0000000e+00   8.4784810e-01  -2.0495990e+00   1.3622304e+00   9.6415971e-01  -3.0639685e-01   1.9150350e-01   5.6116249e-03   1.8988305e+00  -3.0333931e-01  -1.3857676e+00   1.8605216e+00   9.9723987e-01   1.1619089e+00  -8.3756480e-01  -3.1126439e-01  -9.8361432e-01  -6.0638362e-01  -1.3437754e+00
   2.0000000e+00   1.2613935e-02   1.1694561e+00  -9.1438628e-01  -1.8922629e+00  -9.2193603e-01   3.3593889e-01   1.0048345e-01  -1.0072849e+00  -2.1383915e-01   1.0759773e-01  -8.5279456e-01   1.1751275e-01  -1.1214680e+00   1.6017636e-02  -4.1547289e-01  -7.6642177e-01   5.4932667e-01   2.3313128e+00
   2.0000000e+00   2.9645557e-01   3.3971520e-01   2.5754682e-01  -7.0651824e-01   7.0586375e-01   1.5625794e+00  -1.4679503e-04   7.9308277e-01   4.9807205e-01   3.7445489e-01  -9.2554065e-01   8.0897343e-01  -3.9507390e-01  -3.7706831e-01   7.9419840e-01  -9.2281009e-02  -1.0136312e+00  -2.7991780e-01
   2.0000000e+00   1.0583350e+00   4.4767229e-01   2.2000860e+00  -7.1862047e-01  -1.0307084e+00   9.3721960e-01  -8.0974294e-01   1.7717046e+00   2.5529090e-01   3.4066737e-01  -1.2931032e+00   1.1520552e+00   2.4780438e-02  -1.3376483e+00  -2.5362225e-01  -8.2403417e-01   8.2922711e-01   1.1093920e+00
   1.0000000e+00   8.5089100e-01   8.0699597e-01  -7.5380022e-01  -9.0960478e-01   1.4366457e-01   1.5296265e+00   3.7394561e-01   1.1653037e+00  -3.9653156e-01   1.5431422e+00  -1.6882556e-01  -5.4102557e-01   7.3796583e-01  -7.3910557e-01  -8.5229592e-01  -2.2718284e-01   9.7900718e-01   3.9365720e-01
   2.0000000e+00  -3.8357938e-01   6.1385654e-01   6.2339448e-01  -6.0447949e-01   3.5576997e-01   6.9455432e-01  -4.7597414e-01  -3.9810849e-01   8.8851457e-01   7.3737206e-02  -1.7548725e-01   2.3858464e-01  -8.9677890e-01   1.0760045e+00  -5.3119564e-01  -1.9788517e-01   9.3836929e-01  -8.4370975e-02
   2.0000000e+00   9.2243525e-01   2.0688655e+00  -7.6661033e-02   7.2289047e-01   7.8902742e-01  -3.3519403e-01  -1.3191591e+00   4.9559137e-02   5.6379989e-02  -3.0361527e+00   1.1710587e+00  -2.2689875e-01  -9.8962289e-01  -1.6069068e+00  -7.7064243e-02  -7.8656653e-01  -1.6849793e+00  -1.4476642e+00
   2.0000000e+00  -1.4348285e+00  -5.9779835e-01  -1.3167431e+00   1.0171484e+00  -1.6012372e-01   1.3265781e-01  -9.3670779e-01  -1.4761044e+00   5.7727184e-01  -9.5918290e-01  -3.7046858e-01   6.3916820e-01  -2.5586134e-01  -1.6213488e+00   6.3394229e-01  -1.5841270e+00   1.0961705e+00  -2.6903184e-01
   2.0000000e+00   6.4028043e-01  -9.9035071e-01  -7.9053482e-01   9.5607162e-03  -9.0136643e-01  -7.1449704e-01  -7.4202059e-01   1.8046700e-01  -6.1838593e-01   2.0974515e-01   1.5044971e+00  -3.6446497e-01  -9.6375222e-01  -6.6232386e-02  -3.9474724e-01  -2.3128378e+00  -5.3111104e-01  -9.7153724e-01
   2.0000000e+00  -9.0898316e-01   9.2382773e-01  -3.6288039e-01  -1.0811172e+00  -1.2294345e+00  -2.4480368e-01  -3.9316752e-01   1.6352495e+00  -1.7485587e+00   1.7831310e+00  -5.7481149e-01   1.6508452e-02  -6.8126056e-01  -3.1582783e-01   1.8358126e-01  -1.1260127e+00  -1.4058698e+00  -8.5260764e-01
   2.0000000e+00  -1.3891920e+00  -1.3397178e+00  -4.7666345e-01   3.7290515e-01   1.3164705e+00   3.7286144e-01  -2.2061292e-01  -2.0574395e+00  -4.9839905e-01   1.8543397e+00   1.9805788e+00  -1.1777574e+00  -7.6225963e-01   6.3689406e-01  -1.9449225e-02   9.3422159e-02  -2.0844624e+00   9.8833886e-01
   2.0000000e+00  -5.5587333e-01   7.4148536e-01   1.3912791e+00   1.0280255e+00  -2.6319692e-01   1.5989686e+00  -9.9717149e-01   1.1053961e+00   1.6161757e+00   4.7653853e-01   3.6102589e-01  -1.9522888e-01  -3.5489762e-01  -1.2840940e+00  -3.4046739e-01  -7.7810347e-01  -1.6527097e-01  -1.9777819e+00
   2.0000000e+00   1.6491697e+00   7.8860371e-01   1.5380978e+00  -2.1380333e-01  -1.7320175e-01  -2.1965598e+00  -8.6760884e-01  -2.5679646e+00  -6.5983461e-01   1.1319074e-01   1.2632107e+00  -1.1411770e-03   1.6253340e-01  -1.9512979e-01   1.4917737e+00  -7.0718165e-01  -1.6525330e+00  -9.9342631e-02
   2.0000000e+00   1.6857591e-01  -2.5500092e+00   1.8488190e-02  -7.9276472e-01  -2.5369270e-01  -1.1284163e+00  -1.3961660e-01   6.5880025e-01   1.5202192e+00  -1.2299054e-01   6.8388290e-01   5.7314683e-01   6.7145921e-01  -1.8181778e+00   5.0995708e-01  -5.6507914e-01   3.6922937e-01  -8.9059444e-01
   2.0000000e+00  -7.4752041e-01   1.0474911e+00  -6.6591735e-01  -2.3647160e+00   8.0771762e-01   1.8713227e+00  -1.7077224e+00   7.0400181e-01  -1.5016701e+00  -1.2370441e+00   6.9993235e-01  -1.6717254e-01   1.0452770e-01   9.7096448e-01   1.3313841e-01  -6.0581164e-01   6.2323798e-01   1.2499623e+00
   2.0000000e+00  -2.6474942e-01   9.1493015e-01   5.2850852e-01   1.5641249e-01  -9.8041602e-01   7.7609718e-02  -8.7370092e-01  -1.3464159e+00  -4.6768357e-01  -3.1057126e-01  -5.6803441e-01  -1.0073854e+00   1.1700810e+00  -4.3669388e-01  -7.5902716e-01   1.0896799e-01  -1.7080964e-01   1.2361910e+00
   1.0000000e+00   1.5031745e+00  -1.0549243e+00   3.7825260e-01   1.8030516e-01   5.0052146e-01   3.1671398e-01   4.0309469e-01  -2.3624438e-01   1.0811630e+00   3.2092725e-01  -6.1908265e-01   2.1187849e-01   1.0768649e+00  -2.1848152e-01  -6.9662358e-01   1.5033535e+00   4.0076674e-03   4.6451141e-01
   2.0000000e+00   1.1863324e+00   1.7610711e-01   5.5489317e-01  -2.2868374e+00   1.0284197e+00  -2.4679897e-01   2.5514300e+00   8.0430089e-01   1.3537544e+00   4.0270456e-01  -5.8762061e-01   1.5864317e+00   6.3532554e-01  -3.7896893e-01   2.9500939e-01   3.9713190e-01   1.2028603e+00  -2.2705238e-01
   2.0000000e+00   1.1961226e-03  -1.6113554e-01   3.2754980e-01   1.5510736e-01   1.3397893e+00   1.6606083e+00  -1.0183983e+00   6.3236666e-01   6.4625376e-02  -6.5255954e-02  -1.1254575e+00   5.8490944e-01   1.6163109e+00   2.2243039e-01  -3.3202023e-01  -5.0187950e-01   7.2398343e-01   8.1288382e-01
   2.0000000e+00   9.9965703e-01  -1.5737196e+00  -3.4704657e-01  -1.4556152e+00  -1.4364985e+00   1.7326224e+00   1.0066371e+00  -1.2477415e+00   1.0455633e+00   9.8969933e-01  -1.1643694e+00  -1.8212347e-01  -2.2894196e+00   3.0143415e-01   8.4674120e-01   1.4140008e+00   1.4123927e+00   2.8682505e-01
   2.0000000e+00   7.0648153e-01  -3.0890624e-01   1.3909708e+00   2.4398134e+00   9.7897288e-02  -5.7395267e-01   7.3473488e-01  -8.7010115e-01  -3.4063356e-01  -4.2319802e-01   9.8147904e-01  -1.1203006e+00   1.6122442e+00  -8.2989972e-01   8.4747326e-01   9.0700874e-01   1.5422565e+00   9.8118391e-01
   2.0000000e+00  -6.9405994e-01  -3.0197634e-01   1.2901001e-02  -2.3599988e-01   5.9876478e-01  -4.3748428e-01  -1.6411637e+00   4.1836345e-01  -1.5140550e+00  -8.7000360e-01   9.4434094e-01  -1.7443536e+00   3.3589277e+00  -6.6483514e-02  -9.9238249e-01  -1.1731601e+00   1.3687386e+00  -8.0776496e-01
   2.0000000e+00   6.1666943e-01  -8.3978969e-01   6.8031582e-01  -4.4895092e-02   6.0049730e-01   1.7216652e+00   1.1797332e-01  -3.8885146e-01   1.5795955e+00   1.3254366e+00  -9.2364149e-01  -1.0728910e+00   2.8560754e-01  -7.0355384e-01  -7.3618720e-01   1.1111845e+00  -2.9973216e-02  -2.0778992e+00
   2.0000000e+00  -1.2648950e+00  -4.1646290e-01   1.7502034e-01  -2.1812859e-01  -5.4371026e-01  -9.4155003e-02   1.4647293e+00   1.7505301e+00   2.1721508e+00   1.5165693e+00   2.3403823e+00   1.4251801e+00   2.8897334e-01  -2.6565833e-01  -3.1464864e-01   3.7590430e-01   4.1886507e-02  -7.5531295e-01
   2.0000000e+00   1.6359471e+00  -3.5262708e-01   8.7531657e-01  -7.7823601e-01   1.9112909e+00   3.8176879e-01   2.0964841e-01   2.4193395e+00  -3.7479812e-01   3.2772027e-01  -1.0036907e+00  -1.7053505e+00  -5.6869735e-01  -8.1126361e-02   9.8811342e-01  -2.5866244e-01  -9.3892167e-01  -1.8453260e+00
   2.0000000e+00  -4.5998125e-01   5.7348143e-01   9.6502274e-01   9.1993219e-01  -1.4558114e-02   1.8292675e-01  -2.3326129e+00   9.0358632e-01   8.7896857e-01  -3.5588302e-01   8.4003859e-01   1.1215016e+00   1.1856478e+00   8.3397179e-01   1.7996508e+00   1.3023140e+00  -4.8193185e-01  -1.6224020e+00
   2.0000000e+00  -7.0089144e-01  -1.2241397e+00  -1.8779852e+00   7.4548454e-01  -6.4579726e-01  -9.0906224e-02   1.1459765e+00  -5.9950823e-01   1.3095701e+00  -1.0345804e+00  -3.3928874e-01  -5.4016363e-01  -1.0774325e+00   1.5647178e+00   1.7988884e+00  -4.6219090e-01  -1.0864087e+00  -2.4339455e+00
   2.0000000e+00   1.4083752e+00   2.3914747e-01   1.1128825e+00   3.0336428e-01   1.2460432e+00   2.5839840e-01  -2.7582894e+00  -1.1661259e+00  -8.7510999e-01   2.3177353e-01   5.6750781e-01   5.9710674e-01  -1.0290719e+00   5.7634828e-01   8.4516162e-01   5.5560408e-01   2.2055131e+00   2.0433358e+00
   2.0000000e+00  -7.7928251e-01  -3.5094559e-01  -1.4883894e+00   1.0069695e+00  -1.7302483e+00   1.0323905e+00   2.8437468e+00   1.2656188e+00   5.4814865e-02  -7.0565839e-01   3.4253728e-01  -1.2435400e+00  -4.6410344e-01  -1.4108825e+00   1.0290671e+00  -9.5244100e-01   1.5881481e-01   1.3733021e-01
   2.0000000e+00   1.6599940e-01   4.0083319e-01   2.4970646e-01  -6.2983421e-01  -1.2288549e+00   3.2583086e-01   7.4204377e-01   2.3813998e-01   4.8725981e-01  -1.3390248e-01   1.6493468e-01  -6.1122925e-01  -2.9569357e-01  -1.0853935e+00  -8.6031001e-01  -2.3596011e+00   6.5687349e-01  -9.6431313e-03
   2.0000000e+00   2.2052434e-01   1.2107289e+00   7.1525616e-01  -1.3085624e-01   1.5336001e+00   2.8202318e-01  -8.6342677e-01  -3.1645097e-01  -4.6565338e-01  -2.8293281e-01  -4.3370303e-01   8.6852968e-01   1.2104539e+00   3.2686425e-01   1.9794067e+00  -1.5773592e+00  -2.1619136e+00  -6.9618181e-01
   2.0000000e+00  -3.3206681e-01   1.9075872e+00  -5.7050193e-01  -7.3479098e-02  -1.2226489e+00  -3.8433109e-01  -8.6799309e-02   7.1155235e-01  -4.6028485e-01  -1.6696836e+00  -2.0491557e+00   2.6375999e-03  -7.2906694e-01   4.9596544e-01  -1.0722778e+00  -1.1334391e+00   4.5108591e-01  -1.4104899e+00
   2.0000000e+00   9.8167399e-01   7.5404095e-01   2.1894019e-01   1.8745331e-02  -1.2717883e+00  -2.7572285e-01  -1.1635402e+00  -6.8802178e-01   7.2717828e-01   2.7696306e-01   1.3116306e+00   8.5220209e-01  -3.2326198e-01  -9.2703016e-01   1.3959155e+00  -3.9678027e-01  -1.4112234e-01  -9.2087669e-01
   2.0000000e+00   1.0087185e+00   1.0357704e+00   2.1242344e-01  -2.8484149e-01   1.4299193e+00   4.7443849e-01   1.4019040e+00  -3.3924284e-01  -3.0250845e-02   2.4954911e-01  -8.5027244e-01  -2.3204157e-02   9.9890387e-01  -8.8949063e-01   1.5925027e-01  -1.4481895e+00  -9.1534469e-01  -2.5769945e+00
   2.0000000e+00  -4.2707683e-01   4.2103309e-02  -6.3879499e-01   6.2337329e-03  -1.7385191e-01  -1.0877572e+00   8.1800436e-01   6.5148765e-01   9.1672877e-01  -2.7049717e-01   3.8916267e-01   1.4232535e+00  -1.4794132e-01   1.2186273e+00   4.2626227e-01   6.9088989e-02   1.4530304e-01  -1.2925683e+00
   2.0000000e+00  -1.4000522e+00  -1.9594485e-01  -1.7922257e-01  -1.0408106e+00  -1.3316537e+00  -1.3730870e+00  -1.4688962e-01   8.2933472e-01   5.5762867e-01   7.0549676e-01   1.1381739e+00  -2.6106215e-01   1.1928521e-01   6.1148040e-01   8.0177724e-01  -8.5069281e-01  -6.6067981e-01  -1.7059949e-01
   2.0000000e+00   3.4902796e-01  -1.1663601e-01  -5.1560267e-01   8.6402881e-01   4.0508896e+00   1.1487965e+00   4.3872314e-02  -4.2959654e-01   5.2020334e-01  -6.1270692e-01  -1.0207601e+00   4.6411979e-01  -4.4385676e-01   3.0138887e-01   1.0739717e+00  -7.5677805e-01  -1.8983501e+00  -5.8133443e-01
   2.0000000e+00  -4.5605971e-01   9.1386020e-01   1.3834433e+00  -2.3440023e+00  -1.6635480e-01  -2.9214081e-01   1.5751352e+00  -1.9223483e-01   1.2575189e+00   5.2175758e-01   1.2933777e+00  -4.8815256e-01   2.5120654e-01   8.1076938e-01   2.9996965e-01   8.9573167e-01   8.4471670e-01  -9.2578730e-01
   2.0000000e+00   2.7178254e-01   1.4344504e+00   6.6127743e-01  -8.2679534e-01   2.6832659e-01  -3.6324486e-01   6.2475241e-02   3.5762600e-01  -3.9218698e-01  -3.5624031e-01  -1.0964542e-01  -1.2754346e+00  -6.3803396e-01  -7.4431861e-02  -1.7606874e-01   1.0507547e+00   2.0315700e+00   8.8813385e-01
   2.0000000e+00  -1.6321734e-01   9.5838360e-02  -4.6363659e-01   1.6957330e-01   5.8043977e-01   1.2241661e+00  -6.2846222e-01  -2.4923501e-01   1.2872855e+00  -2.0919439e+00   4.9170900e-01  -6.3424386e-01  -1.2523634e+00   7.6225367e-02   1.9108733e+00  -1.9405083e+00   8.5526813e-01   3.2262740e-01
   2.0000000e+00  -6.9620111e-01   6.3703481e-01  -6.5013698e-01   5.9818989e-01  -6.0140995e-01   1.9480229e+00   2.0071030e+00  -4.4990931e-01  -3.5212763e-01  -1.2813092e+00  -4.7541270e-02  -1.4031801e-01  -4.3447753e-01  -3.5098653e-01   3.3178853e-02   1.1133607e+00  -4.6976299e-01   1.5558216e+00
   2.0000000e+00  -1.0818759e+00  -1.0018854e+00  -2.5503532e-01   4.3349652e-01  -9.4054400e-01   1.2664734e+00  -1.0819605e+00   1.2510961e+00  -8.8987737e-01  -6.3328265e-01   1.0595742e-01  -5.9088642e-02  -1.2925273e+00   4.5204309e-01  -1.1228409e+00   1.5116661e+00   7.3614171e-01  -2.1893920e+00
   2.0000000e+00   8.4409439e-01   2.8565915e-01  -4.8906470e-01   1.7937028e-01  -4.7883446e-01   2.1691627e+00  -1.1496800e+00  -1.7171346e+00   9.4674326e-01  -2.5653113e+00  -1.9478889e+00   2.4587622e-02   1.5556144e+00   1.3560769e+00   8.9992804e-01   1.4526690e-01   2.1963834e-01  -1.8954056e+00
   2.0000000e+00   6.2704832e-01  -9.2330611e-01  -1.1230360e+00  -1.4322791e-01  -5.8861806e-01  -1.1755541e+00   7.0045544e-01  -1.3746013e+00  -1.2073962e+00   2.6915995e-01  -1.4136038e+00   1.6198747e+00  -3.1726335e-01   1.4584693e+00   2.2740091e-01   1.4783585e+00  -1.0794740e+00   6.7265062e-01
   2.0000000e+00   6.4196168e-01   2.2551842e-01  -1.3921819e+00  -1.5222926e+00  -1.0860603e+00  -5.2190972e-02   1.5784649e+00   7.4610073e-01   5.9786698e-01  -8.6688456e-01  -2.1148855e-01  -8.9552744e-01  -8.6942880e-01  -6.2729498e-02   5.7010659e-01  -6.4390005e-01  -3.2597414e-01  -9.4311127e-01
   2.0000000e+00  -1.2021759e+00  -5.1513212e-01   4.9313706e-01  -1.1141920e-01   7.0176847e-01   2.6750199e-01   1.7190125e-01   1.1931788e+00   3.0934743e-01  -1.3858203e+00  -1.3220948e+00  -1.8813869e-02  -3.7398279e-03  -1.7253064e+00  -1.0574588e-01  -2.2432139e+00  -1.6088855e+00  -2.6843271e-01
   2.0000000e+00  -3.9767545e-01  -3.5634344e-01  -9.0867937e-01   5.0366367e-01   4.2199106e-01  -3.1847853e-01   8.6827625e-01   2.8409923e-01   3.3019590e-01   1.3402921e+00   1.0519528e+00  -6.2525959e-02  -5.1186650e-01  -7.2355520e-01  -2.1585910e+00  -4.2801857e-01   9.7965358e-01  -7.8175175e-01
   1.0000000e+00   7.1997868e-01  -7.5680774e-01  -3.0663695e-02   9.5134938e-01   3.3265236e-01  -8.2143531e-01  -8.4846057e-02   6.9185902e-01  -6.7880092e-01   3.5701890e-01  -1.2784589e+00   1.4629779e+00   7.5670654e-02   1.0137647e+00   2.5064723e-01  -2.8111582e-01   4.8120558e-01   1.2876506e-01
   2.0000000e+00  -1.3115516e+00  -1.4313638e+00  -6.0321883e-01   1.9009402e-01   1.6134579e+00  -7.5669596e-01   2.4148322e-01   2.1825193e-01   1.1623422e+00   8.2214994e-01   3.0419910e-01   1.8442030e+00  -2.5187653e+00   1.0614536e+00   1.9279669e-01   1.0439727e+00  -7.6215523e-01   1.5117915e+00
   2.0000000e+00  -1.3792293e+00  -9.4335172e-01   4.2469737e-02  -7.1157909e-01   2.0264758e+00   1.2366989e+00  -2.6596507e-01  -5.9582866e-01  -6.4347157e-01   1.0877949e+00   1.2786180e+00  -3.1151412e-01   4.9876020e-01  -1.0046563e+00  -8.9772621e-01  -1.0659589e-02  -3.8328690e-01  -5.2891016e-01
   1.0000000e+00  -1.4335685e+00  -2.9415370e-01  -7.7517232e-01   8.8400292e-01   2.4389862e-01   1.1815892e+00   5.8870252e-01   7.1521792e-03   6.2177574e-01   5.7138225e-02  -9.6347275e-01  -5.2214710e-01   1.6477132e+00  -4.0355628e-01  -7.8938746e-01   6.5520855e-01  -3.7830782e-01  -1.5976928e-01
   2.0000000e+00   1.0081633e+00   1.3684658e-01  -2.9500079e-01  -1.6486241e-02  -2.2206707e-01   8.8246813e-01   2.0997415e-01   6.6409820e-01  -2.9014544e-01  -1.4901535e-01  -1.3066095e-01  -2.2733416e-01  -1.9629283e-01  -1.5185488e+00   3.7569528e-01  -9.0791532e-01   1.3139238e+00  -4.0341119e-01
   2.0000000e+00   1.0260322e-01  -1.8726913e+00   4.0590205e-01   1.3008466e-01   1.5542508e+00  -5.4438883e-01  -1.5678534e+00   1.8247466e+00  -1.1832175e+00  -1.3877372e+00   5.7668861e-01  -4.4393041e-01  -1.2583986e+00  -1.3936358e+00   3.3509803e-01  -1.5260752e-01  -3.7131786e-02  -7.2004726e-01
   2.0000000e+00  -1.6654688e-01  -8.3956117e-01   8.6528781e-01   5.0196477e-01   5.6653199e-01  -1.4118169e+00   2.3675116e+00   1.3005491e-01   1.3230719e+00   4.7807597e-01  -5.3476419e-01   1.0005725e+00  -1.8124470e+00   1.2413103e+00   1.3379728e+00   1.0481950e+00   1.1571182e+00  -1.1625158e+00
   2.0000000e+00   2.3522782e+00   5.0372325e-01   3.6677574e-01   7.9293561e-01   1.4211074e+00  -1.4578578e+00  -3.9225077e-01   4.7665609e-01  -2.8906519e-01  -2.7346495e-01  -2.8484755e-01  -4.1304915e-01  -5.4860345e-01   6.6236462e-02  -2.4812699e+00  -6.0752590e-01   7.8037599e-01  -4.5437684e-01
   2.0000000e+00  -1.5100982e+00   1.5162514e+00   5.0155651e-01  -1.4504183e-01  -1.3325084e+00  -1.1865317e+00  -2.4379968e-01  -5.9113004e-01  -2.0234202e-01   7.5893972e-01   5.9069363e-01  -1.0301634e+00   6.7139951e-01   4.4892713e-01   1.5491343e+00   1.0558510e-01   6.9840787e-01  -1.9034645e+00
   2.0000000e+00   7.4828501e-01  -6.6116219e-01  -1.5012244e+00   8.1173799e-01  -5.3930124e-01   3.6613656e-01  -6.3742859e-01  -6.7481002e-01   2.3520393e-01  -2.2646401e-02   4.8806057e-01  -4.4085437e-03   3.2058405e-01   1.0046793e+00  -3.3757624e-01   1.3554496e+00  -1.0880152e-02   5.2818456e-01
   1.0000000e+00  -9.3996820e-01   8.9596615e-01   3.6394304e-01  -2.2640203e-01   3.4969392e-01   5.6388710e-02   1.0343512e+00   7.2198195e-01  -8.8684245e-01   1.9245168e+00   1.1707643e+00   1.8472247e+00  -3.3511361e-01  -4.5582344e-01   1.6940247e+00  -4.1020851e-01   7.5107682e-01   3.8191766e-01
   2.0000000e+00  -2.3487008e+00  -2.3357241e+00  -7.5327137e-01   1.9487081e+00  -3.5229912e-02  -2.5549649e-01  -5.4534693e-01   5.0025072e-01  -7.3132297e-01  -1.1218885e+00   2.9577256e-01   1.2263466e+00   2.0317409e+00   4.4449979e-01   1.0257312e+00  -5.4975413e-01   2.2456761e-01  -8.4220250e-01
   2.0000000e+00   4.9555977e-01  -1.1195395e-01   1.3652284e+00   4.0157524e-01  -1.5661334e-03   5.8796080e-01   1.4867556e-01   1.7330932e+00  -1.2095361e+00   6.5595010e-01   3.7369666e-01  -8.2207163e-01   7.3380319e-01  -5.4917800e-01   2.1084566e+00  -7.2150579e-02  -2.4328748e+00   6.4531111e-02
   2.0000000e+00  -6.7635312e-01   5.4872419e-01   7.6028936e-01   2.8250081e-01  -1.4676651e-02  -3.8831973e-01   1.5422637e+00  -2.9181338e-01  -1.2108701e-01   7.8841690e-01   1.0187759e+00   3.1553625e-01   2.0119391e-01  -1.1594153e+00  -1.1126183e-01   8.7306280e-01  -2.1217893e-01  -1.3537411e+00
   1.0000000e+00   1.4999495e+00   5.8757069e-01   4.6758281e-01  -4.3804383e-01   1.2441793e-01   2.1903759e-01  -1.4047776e+00   2.0626512e+00   1.6136947e+00   1.8602416e-01   2.1206655e+00   2.0336552e+00   1.8519861e-01  -1.5721831e+00  -1.5079897e+00  -1.1382520e+00  -1.6789679e-01   1.2752057e+00
   2.0000000e+00  -1.4312001e+00  -2.5792244e-01   1.3197271e+00  -2.2757253e-01   3.2630922e+00  -7.6204131e-01   1.5659617e-01  -2.4840498e-01   1.3664393e+00  -6.7661669e-01  -6.4290862e-01  -1.0293094e+00  -1.0670883e+00   9.5873304e-01   1.2097085e-01  -1.2119020e+00  -2.5235628e+00   1.3873071e+00
   2.0000000e+00  -9.0789358e-01  -1.4936558e+00   1.4470233e+00   1.2631195e-01  -4.9128614e-01  -3.8507606e-01   3.1015616e+00  -1.6096830e-01   5.8110678e-01  -1.3067941e+00  -2.3778865e-01  -6.5638004e-01  -1.6573624e-01   8.3498639e-01   3.4667451e-01  -1.6904067e+00   4.2584856e-01  -3.8187777e-01
   1.0000000e+00   6.0026558e-01   1.2002200e+00  -1.7361093e-01  -1.3725553e-02   6.5264073e-01   4.4812613e-01  -1.9197623e-01   3.0313164e-01   1.6509071e+00   6.3379775e-01   3.8040003e-02  -1.4963111e+00   4.5411218e-01   1.2590026e+00   7.9684078e-01   9.6670912e-01  -6.0314586e-01  -9.8807082e-01
   2.0000000e+00  -2.6548521e-01  -1.0908886e-01   1.5274767e-02  -2.9590437e-01  -1.0180988e+00   1.7287896e+00  -3.1890130e-01  -3.5237880e-01  -2.5002323e-01   5.4750632e-01  -7.2061802e-01   7.6213416e-01  -2.2184308e+00  -9.0679888e-01  -4.8184194e-01  -1.5193499e-01   1.4777032e+00  -9.0393379e-01
   2.0000000e+00  -8.9495978e-01  -7.8352280e-01  -2.0061230e-01   5.0555934e-01  -5.5139581e-01  -9.9403239e-01   1.0121798e+00   1.6463078e+00  -5.4137386e-01  -2.9098093e-01  -1.2118473e-01  -1.7166373e-01  -2.7005873e-01  -2.9412005e-01  -5.3603444e-02  -1.1095617e+00   5.4213384e-01   1.0929571e+00
   2.0000000e+00   1.1751375e-01   9.4842178e-01  -6.0926607e-01  -2.4356440e+00   1.1751658e+00   1.3037949e+00   6.8456931e-01  -9.3183502e-01   4.7684566e-02   7.8987764e-01  -1.4357216e+00   2.2122162e+00   2.1498827e-01  -3.3977427e-01  -1.0514762e+00  -3.6326077e-01   1.1368719e+00   1.0468606e+00
   2.0000000e+00   2.0921891e+00   1.0877948e-01  -1.2580661e+00  -1.7892697e-01  -1.2918519e+00   1.2625365e+00   3.7462855e-01  -1.3298162e+00   4.8150369e-01   6.7676487e-01   5.9174015e-01   4.0742189e-01   4.7642235e-01  -4.1112435e-01  -4.8689635e-01   1.5976598e+00   1.1152697e+00  -6.0333131e-01
   2.0000000e+00   2.7395939e+00  -1.1424259e+00  -5.5357858e-01  -5.7134398e-01   5.2603970e-01   1.9161221e-01  -1.1690272e+00  -1.6141921e-01  -4.9002060e-01   1.4857531e+00  -2.4073043e-02  -7.1740654e-02   1.3258796e+00  -1.3992486e+00   1.7469531e+00  -1.3693016e+00  -9.2510735e-01  -8.3295165e-01
   2.0000000e+00  -8.0360357e-01  -2.0138413e-01   1.5315073e+00  -2.8944969e-01   1.2177671e+00   3.5467842e-01  -4.5284782e-01  -2.2859023e+00   9.9129511e-01  -9.7200081e-01   9.4100711e-01  -1.1180644e-01   1.2287773e+00  -3.0421146e-01  -6.3073496e-01  -2.0783100e-01  -2.1909614e+00   2.0281926e-02
   2.0000000e+00   1.1398511e-01   6.0588810e-01   7.8442401e-01   1.0657513e+00  -2.7119431e+00  -2.9386270e-01  -1.3077140e+00  -3.4817700e-01  -5.5100061e-01  -2.0857269e+00  -2.7920211e+00  -1.0899293e+00  -2.1651069e-01   1.5579455e+00  -6.4195305e-01  -2.3054334e+00  -1.6386366e+00   1.1118055e+00
   1.0000000e+00   1.0156661e+00   2.1321833e+00   2.3318174e-01   8.8856279e-02   4.0064607e-02  -1.4572391e+00  -5.4136681e-01  -1.1840424e+00  -7.6299603e-01   3.6288174e-01   6.3800032e-01   7.9956487e-01   4.8056365e-01  -6.1953906e-01  -4.0253589e-03   3.8791002e-01   6.3369465e-01   1.6008467e-01
   2.0000000e+00  -1.7934720e-01   2.1424009e+00  -6.3607815e-02  -9.6859827e-01  -1.0420648e+00  -3.3039611e-01   6.0467263e-01  -8.7883212e-01   1.8516086e-01  -1.1115249e+00  -1.4381582e-01   9.3414807e-03   6.8858035e-01  -4.3939120e-01  -6.8218297e-01  -2.5883296e-01  -2.5335160e+00   1.3996886e+00
   2.0000000e+00   2.5161777e+00  -4.3914633e-02   1.3119976e-01  -1.2754523e+00  -6.3929273e-01  -1.4605890e-01  -7.5600750e-02  -8.7375515e-01   2.6607714e-01   1.0927742e+00   6.7735130e-01   9.9128991e-01  -4.7175078e-02   2.1284636e-01   8.2030822e-01  -4.5036490e-01   1.3496788e+00   3.6373512e-01
   2.0000000e+00  -3.2203835e-01  -1.3754145e+00   1.0405572e+00  -1.4623452e-01  -1.6289081e-01   1.9184117e+00  -4.0746365e-01   7.7684079e-01  -2.8803394e-01   3.8188806e-01  -2.1318875e-01   5.1867555e-01   7.0617975e-01  -2.5802020e-01   5.0443483e-01   4.4681893e-01   4.7146268e-01  -2.0721235e+00
   2.0000000e+00   6.5458986e-01  -2.8081022e-02  -8.2000823e-01  -1.7466077e-01  -1.0295775e+00  -1.1703080e+00   9.1228721e-01   6.5859723e-01   3.9158999e-01  -6.2668295e-01   5.9936200e-01   1.6823977e+00   5.1794845e-01  -1.2041472e+00   1.3168372e+00   6.2157711e-01  -2.8939981e-01  -1.4025808e+00
   2.0000000e+00   4.8011392e-01  -5.9762983e-01   3.3512474e-01   7.1552788e-01  -1.4590996e+00  -1.9186455e-02   5.7669645e-01   3.8051592e-01  -1.1733319e+00  -7.0774792e-01  -1.1287736e+00   8.2165143e-01   5.3378124e-01   1.6898975e-01  -9.2278492e-01   1.8512913e+00  -7.8861713e-01  -1.3644903e+00
   2.0000000e+00  -9.7754434e-01  -7.2979719e-01   1.6689689e+00  -1.4022526e+00   8.6702805e-01   3.6912040e-01  -5.5094707e-01   2.4753262e+00  -3.3416105e-01   2.3709646e+00  -7.4721321e-01  -4.0008061e-01  -9.2250151e-01  -6.6267745e-01   2.3417586e-01   1.4503743e+00  -8.3359764e-01   2.3159874e+00
   1.0000000e+00  -1.0925917e-01  -6.5880225e-02   2.7603870e-01  -5.8423058e-01   5.6741573e-01   1.6404160e+00  -1.0083001e+00   2.2162096e-01  -1.4012146e+00   4.2015080e-01  -6.3380410e-01   1.8212124e-02   1.5472705e-01  -1.4540153e+00   5.8594466e-01   1.4925222e+00  -6.3258553e-01  -1.0898457e+00
   2.0000000e+00  -1.4710504e+00  -1.1420544e+00   7.6100821e-01   2.7112977e-01  -1.4509655e+00   1.4092815e+00  -1.8098868e+00  -6.1706439e-01   2.3308392e-01   2.2009273e-01  -8.7976144e-01  -2.0137289e+00  -6.4522547e-01  -2.8907274e-01  -2.3795283e+00   5.4501390e-01   4.5565792e-01   1.8220899e+00
   2.0000000e+00  -1.2125678e+00  -1.3961615e+00   4.4285233e-01  -2.2961913e-02   1.9965035e+00  -6.5622660e-01  -7.8490461e-01  -4.3244811e-01  -2.3769581e-01  -1.7799862e+00   5.4134935e-01   2.5528840e+00   3.6698149e-01   3.7208313e-01  -7.4418533e-01   4.1016624e-01  -9.4052931e-01  -4.8484319e-01
   2.0000000e+00   6.9428194e-01   6.0175012e-01  -1.4706100e+00  -1.7436207e-01  -9.3428200e-01   8.9928941e-01   4.0381629e-01   1.3043112e+00   9.2199014e-01   1.7674937e-02  -1.0925196e+00  -2.2574663e-01  -2.3841108e-01   1.9595626e+00   9.1463541e-03  -9.7154350e-02   1.2929206e-01   1.8288691e+00
   2.0000000e+00   2.1609610e+00   2.4135352e-01  -1.0945586e+00   9.9488779e-01  -3.5633797e-01  -3.4245434e-02  -5.2255303e-01  -5.5338666e-01  -9.6498529e-01  -1.3160283e+00   7.5944827e-02  -1.9505393e+00  -5.5714384e-01  -1.7966811e+00  -1.3958628e+00   9.2817641e-02  -3.1169174e-01   3.6433964e-01
   2.0000000e+00   5.5757373e-01  -8.2337417e-01  -8.4560865e-01  -1.1207073e+00  -9.3176693e-01  -5.6064480e-01  -1.5000493e+00  -2.0426246e+00   4.0080086e-01  -2.8094188e-01  -2.9977158e-01   7.3412874e-01  -4.6510116e-01   1.8323268e-01  -2.7342592e-01   1.7870481e+00   3.2258985e-01   4.6494348e-01
   2.0000000e+00  -6.5997445e-01  -4.7802118e-01  -5.5320337e-01   6.4580746e-01  -1.3346060e-01  -2.7894322e-01  -2.0343447e-01  -1.0475523e+00  -4.4080878e-01  -3.5767425e-01   6.1299198e-01   2.4715587e+00   7.2525663e-01  -4.7775004e-01  -1.3766557e-01   7.1270875e-01   2.1265840e-01   2.8340429e-01
   2.0000000e+00   5.9798063e-01   1.1737494e+00   2.1309926e-01  -1.7874619e+00  -8.4831719e-01   1.1362387e-02  -7.8432598e-01  -2.8088045e-01   9.2364355e-01  -1.2950256e+00  -1.2885833e+00  -1.6134214e+00   3.7458369e+00   1.2806283e+00  -2.2606483e-01   8.0612871e-01   4.5122310e-01   3.6950720e-02
   2.0000000e+00  -4.5549899e-01  -1.1508835e+00  -1.4411372e-02  -6.8357448e-01  -5.8195034e-01   1.2130674e+00   4.7996504e-02   4.3676654e-01   1.1349213e+00   1.2440803e+00  -1.3405396e+00   5.6518520e-01   1.6321250e-01  -4.1592273e-02  -1.4806566e+00  -9.0167088e-01  -1.3126505e+00  -5.3583099e-01
   2.0000000e+00   1.0314514e+00   1.7037062e-01   2.8159147e-01  -5.0587088e-01  -6.8689753e-01   1.7245673e+00  -1.0226953e+00   2.0883753e+00  -7.0517731e-01  -3.2363888e-01  -7.2777478e-01   8.7002259e-01   2.6226842e-01   2.4749074e-01  -8.3869560e-01   9.7953160e-01   5.6133975e-01  -6.6770562e-01
   2.0000000e+00  -1.3535090e+00   2.2247968e+00  -2.1510446e-01   2.4642202e-01  -1.4943466e-02   1.3516129e+00   4.3573492e-01   1.0760339e+00  -3.1630708e-01   1.8796776e+00   2.6755908e-01  -1.3807049e+00   5.7858467e-01  -1.8618063e+00   6.1590124e-01   9.3495607e-01   1.2382333e+00  -3.8850000e-01
   1.0000000e+00  -4.6749089e-01   3.0482326e-01   7.7089434e-01   1.9240817e+00   9.5414085e-01   5.5434739e-02  -5.9800467e-01   9.8584041e-01   2.9293628e-01  -3.3044662e-01  -6.0848342e-01   6.4675314e-01   1.0348885e+00  -1.0600819e-01   6.3503784e-01  -1.5235659e-01  -1.2823572e-01  -1.0448253e+00
   2.0000000e+00  -2.2459276e+00   1.0065193e-01  -4.3298031e-01  -6.1875641e-02  -1.7356679e+00  -2.3549940e+00   3.1106280e-01  -1.2039338e+00   6.9072922e-01  -5.7122509e-02  -9.9773237e-01   1.6960636e-01  -6.2773836e-01   1.0890721e+00  -1.7130472e+00  -6.7636859e-01   4.7550935e-01  -5.7124289e-01
   2.0000000e+00  -7.4281443e-01   1.4908572e-01  -4.3388134e-01   2.4518842e+00  -3.1269060e-01   1.9442828e-01  -8.0490669e-02  -3.7247776e-01  -8.9346081e-01  -1.2100513e+00  -1.3911661e-01  -1.6850270e+00  -1.0523179e-02   1.1532320e+00  -2.9016779e+00   7.6058525e-01  -8.0082230e-01   1.4679564e+00
   2.0000000e+00  -1.1442582e+00   1.3310855e+00  -1.5644809e+00   2.5452277e+00  -2.0289535e+00  -5.9887008e-01   5.4324243e-01  -9.2228695e-01   1.9928633e-01  -1.9957359e+00  -1.1884344e-01  -3.0372741e-01   4.3051201e-01   1.1390030e-02  -1.9195300e-01   7.8356755e-01  -3.5318632e-01  -7.2226983e-01
   2.0000000e+00   2.3414076e+00   2.1030016e+00   1.5062581e+00  -1.4793454e+00  -3.3877461e-01  -4.7487600e-01  -4.5774226e-01  -3.9748635e-01   1.8006293e+00  -1.1604908e+00  -8.6436065e-01   2.4249332e+00  -5.7000683e-01  -3.9576045e-01   1.9916983e+00  -1.0459576e+00   4.6380684e-01  -1.3762217e+00
   1.0000000e+00  -2.0894060e+00   4.0129387e-01   8.2229808e-01  -3.1596699e-01   4.3761717e-01   1.2636015e+00  -3.6410410e-01   1.8097596e+00   5.7099261e-01   2.6860868e-02   3.7994959e-01   1.5829380e+00  -2.2023562e-02   4.2577501e-01  -8.1844676e-01   2.5268204e-01   3.2265739e-01  -6.5613968e-02
   2.0000000e+00   3.7609894e-01  -2.1448743e-01   9.8308645e-01   2.8271266e-01  -9.4564124e-01   8.6148288e-01  -3.7204947e-01  -5.5368651e-01   1.0997939e+00   4.1617829e-01   1.0747940e+00   5.1707261e-01  -1.0112163e+00   2.6831865e-03  -1.0149887e+00  -6.0932289e-01  -1.3028779e+00  -3.5180630e-01
   2.0000000e+00  -7.4123534e-01  -3.7979645e-01  -6.8674874e-01   2.8534364e+00  -6.1471231e-01   4.9896873e-02  -1.8776623e-01   6.1254405e-01   4.3321510e-01  -1.3470509e+00   1.5342584e+00  -2.1738485e+00   5.8306171e-01  -9.8955477e-01   3.1232141e-01   1.1558616e+00   3.8137751e-01   7.8057246e-01
   2.0000000e+00  -4.4340068e-01   4.1755911e-01  -2.1024901e+00  -1.5565073e-02  -1.0044169e-01   1.3003027e+00   6.0066769e-01   4.4157646e-01   1.8497703e+00   1.2949127e+00   4.0523492e-01  -2.8307099e+00  -3.6253165e-01   1.1321934e+00   2.8340749e-01  -3.8895266e-02  -1.0488408e+00  -1.3203289e-01
   2.0000000e+00   1.3000518e+00   1.0422903e-01   1.3142440e+00  -1.1181320e+00   1.0482082e+00   7.6427802e-01   5.7878934e-01  -2.5441042e-01   8.5206065e-01   1.0803381e+00  -2.3480023e+00   1.8909276e-01   1.8333370e+00  -1.5621713e+00   1.9834067e-02   6.3631525e-01  -5.5188764e-02  -4.9745599e-01
   1.0000000e+00   7.0040235e-02  -4.2163196e-01   3.9663605e-01  -2.0315151e+00   6.9288763e-01  -1.4964697e+00   2.7240780e-01   3.9344599e-01  -6.7396073e-01   2.7603999e-01   4.9276257e-01   1.5006777e-01   2.0982401e+00  -1.0524474e+00   4.7977715e-02  -9.7479650e-01  -1.1998232e-01   1.7837802e+00
   1.0000000e+00   1.7277910e-01   1.7996347e-01  -1.5241535e+00  -1.8431896e+00   3.4263415e-01  -1.0704386e+00  -6.1034925e-01  -8.7074821e-01  -1.1659260e-01   1.6800250e+00   4.8854838e-01   1.1883879e+00  -4.2619215e-01   2.3364259e+00  -1.9603514e-01  -1.3201277e+00  -1.5834793e-01  -7.7432102e-01
   2.0000000e+00  -7.2619956e-01  -1.2537336e+00   2.4776097e-01   9.1130896e-02  -4.0393250e-01   1.0414683e+00   3.5325898e-01  -3.0422412e-01   1.8648512e+00   1.4082426e-02  -9.1482843e-01   3.3906086e-01  -8.6096752e-01   1.3921779e+00   9.0208534e-01  -1.4924925e+00  -1.8170316e+00  -5.4333591e-01
   2.0000000e+00   2.6634904e+00  -3.9304591e-01   1.0692148e+00  -1.4143472e-01  -5.8150111e-01   2.1407455e-01   1.1085895e+00   1.0964130e+00   1.0739503e+00   3.0109797e-01  -1.1264113e+00  -4.1243977e-01  -7.4021846e-01   7.4379387e-03   1.1722427e+00   9.3849776e-01   9.9379568e-01  -1.4382360e+00
   1.0000000e+00  -4.0587468e-01   3.9941657e-02  -1.4338112e+00  -1.3517201e+00   1.9629383e-01   7.9025377e-01   1.8562974e-01   1.8824878e+00  -1.8427665e-01   4.5934555e-01   2.0504425e+00   4.8171238e-01  -2.5961265e-01  -3.4498874e-01   2.8221999e-01   5.5504388e-01   2.3394399e-01   9.2149999e-01
   2.0000000e+00   8.3867163e-01   2.1401452e-01  -7.0789115e-01  -1.3798697e+00  -5.5777616e-01   2.4501451e-01   1.6423444e-01   4.3922502e-01  -1.5164743e+00  -1.3814677e-01  -1.2303596e+00  -6.4802877e-01  -6.2767096e-01   8.4021976e-02  -9.0272315e-01  -7.0328935e-01  -6.8752554e-01  -8.3138885e-01
   2.0000000e+00  -6.3888572e-01  -5.9942264e-02  -1.5299000e-01   1.7413709e-01   4.3054151e-01   2.6467164e-01   3.3529937e+00   1.1133892e+00   1.5013196e+00   1.8643682e+00  -4.8673951e-01   8.6351892e-03  -1.3302812e+00   1.3028203e+00  -3.2856171e-01   4.8311850e-01   4.6452084e-01  -2.1543609e+00
   1.0000000e+00  -1.7015987e+00   9.1449312e-01  -2.0244698e-01   6.5201525e-01   2.8600566e-01   7.0593946e-01  -5.3240949e-01   1.0198328e+00   7.2192817e-02   7.3295570e-01   1.7956947e+00   3.3470346e-01  -1.5518712e-01  -3.5942846e-01  -1.8899444e+00  -1.0892716e+00  -5.7694208e-01  -1.0862932e+00
   2.0000000e+00   1.2986731e-01  -1.8212500e+00   7.3975552e-01   2.9552007e-01   4.8863885e-01  -2.9550025e-01   9.5317642e-01   1.0646977e-01  -8.6569326e-01  -2.0740286e+00  -2.8381126e-02   7.8270151e-01  -1.6821256e+00  -8.1862607e-01  -1.8204589e-01  -9.3793901e-02   2.6110288e+00   3.2662117e-01
   2.0000000e+00   1.2268289e+00  -1.2264099e+00   1.0115653e+00  -1.4584301e+00   8.3640216e-01   5.5837456e-01  -5.5619322e-01  -7.4255026e-01  -7.1211255e-03  -6.8276426e-01  -9.0212708e-01   7.3415158e-01   4.6658777e-01  -1.5051555e+00   1.7413438e-01   5.8534074e-01  -8.6357166e-01   1.1845842e-01
   2.0000000e+00  -1.8780051e+00   4.5572782e-01   1.8744549e+00  -5.4246177e-01  -2.5381243e-01  -1.5162014e+00  -1.2088853e+00   4.6519909e-02  -5.9353418e-01  -1.4893719e+00   1.5214215e+00  -8.6123169e-01  -4.3930197e-01  -4.4597052e-01   2.0914562e+00   2.4712209e-01  -9.3798566e-01   7.4451522e-01
   2.0000000e+00   9.6318037e-01   2.4190180e-03   2.3075591e+00   8.6421585e-01  -2.1057579e-02  -1.0453371e+00  -1.3350023e+00   1.4143263e+00   9.7247589e-01   1.9959959e+00  -1.8014333e+00  -7.7181471e-01   4.0600118e-01  -1.3701994e+00   9.9767736e-01  -3.0009322e-01   6.4885342e-01   1.3399609e+00
   2.0000000e+00   1.7234189e+00   4.8686261e-01   3.6919885e-01   6.5832911e-01  -1.2997111e+00  -5.8208025e-01  -1.0169461e-01  -1.3185469e+00  -1.3877183e-01   5.6632888e-01   5.6685919e-01   1.1090033e+00   1.1634124e+00   1.4358853e+00  -1.0796525e+00   9.1902976e-01  -1.0209728e+00  -2.2596200e+00
   2.0000000e+00   1.8867003e-01  -6.4729952e-02   1.6218462e+00   5.6717823e-01  -3.6477832e-01   8.1327393e-01  -7.1140715e-01   8.8178781e-01  -6.1877660e-01  -3.2002448e-01  -4.3444480e-01   1.5842344e+00   8.7037914e-02   7.9017740e-01   1.9102371e+00   8.4208157e-01   1.1572133e+00  -5.7990301e-02
   2.0000000e+00  -2.1007473e-01  -8.3969596e-01  -1.6971725e+00   3.6618571e-01  -1.3708023e+00   9.7519631e-02   2.5277568e-01  -6.3585710e-01   3.5706856e-01  -1.0483312e+00  -1.3409542e+00   9.9841199e-01  -2.2915548e+00  -1.6635430e+00   8.6953440e-01  -7.6379151e-01  -1.5084112e+00   5.1798320e-01
   2.0000000e+00  -9.5652219e-01  -1.9645371e+00  -6.2096036e-01  -1.3410812e-01   6.3544646e-01  -9.9600030e-01  -8.4608594e-02   2.2909206e-01  -1.2144801e-01  -3.6808274e-01  -1.8880187e-01   3.9797094e-01  -6.0207557e-01  -9.5628260e-01   7.9336880e-01  -6.6790551e-01   1.0043838e+00   4.2660208e-02
   2.0000000e+00   4.1394570e-01   4.0539558e-01   1.9368406e+00  -4.9280558e-01   1.6167213e+00   1.9312478e-01   2.3802094e-01  -6.3871345e-01  -8.0729353e-01  -5.2861842e-01  -3.8168922e-02   1.1057656e+00  -1.3642891e-01  -1.9516698e-02   7.4903929e-01   4.8216624e-01  -1.0730082e+00  -1.5484908e+00
   2.0000000e+00   1.1096034e+00  -1.9911580e-01   5.3077511e-01   2.4584717e+00   2.1692194e-01  -1.6683499e-01   1.2418503e+00   1.1485159e+00   4.7070103e-01   1.1772273e+00  -9.2979488e-01   5.6526613e-01   1.4675540e+00  -5.5289428e-01   2.3856554e-01  -1.2357465e+00  -1.1014541e+00   1.9490508e+00
   2.0000000e+00   4.5822139e-01   1.9729576e+00  -1.5292528e+00   1.4844416e+00  -9.8579962e-01   1.8846278e-01   5.3052810e-01   1.8872649e-01   3.9989397e-01   7.3215364e-01   3.2482864e-01  -9.2966100e-01  -1.7348658e+00  -8.8670989e-01   1.7095600e-01  -9.4252557e-01   6.4403807e-01  -5.0939780e-01
   1.0000000e+00  -2.6503271e-01  -8.3973121e-01  -1.1019611e+00  -1.2434530e+00   2.5690907e-01  -9.6979091e-02  -1.2925293e+00   1.5920575e+00  -6.0997198e-01  -1.0713962e+00  -9.9167679e-01  -4.1976520e-01  -1.5392627e-01   1.2508796e-01  -4.1871907e-01   6.3834361e-01  -9.4329923e-01   7.2623603e-01
   2.0000000e+00  -6.1724406e-01   5.7621320e-02   1.3772344e+00   1.9044756e+00  -1.3216662e+00   8.2300841e-01  -3.0246671e-01  -2.5153518e-01   8.3125947e-01  -1.0486844e+00   1.6058745e+00  -7.7484740e-01   4.5511165e-01  -1.5118361e+00   2.0008445e+00   1.1074171e+00   6.3458640e-01  -1.6755862e+00
   2.0000000e+00   1.9106066e-01   4.4568079e-01   3.1447054e-01   1.4576051e-01  -1.9910390e-01   1.1827899e+00   1.9658015e-01   8.0713348e-01   8.2204310e-01   1.1358890e+00  -1.0058060e+00  -1.2635672e+00   1.2275237e+00  -1.1562200e+00   1.2454507e+00   8.5094921e-01  -1.8997753e-01  -2.4798993e-01
   2.0000000e+00  -1.2103482e+00   6.6792574e-02  -2.7435116e-01   2.1394866e-02  -9.6532976e-01  -1.2258999e+00  -4.7672008e-01  -5.1794929e-01  -1.0104133e+00  -8.8807674e-01  -5.5667997e-01  -4.3225453e-01  -6.5560178e-02   1.3574986e-01   4.5360205e-01   1.0138516e+00  -8.3040953e-01   4.8713361e-01
   2.0000000e+00  -2.0904782e-02   6.3546302e-01  -1.1111009e+00   7.7645230e-01  -1.4764792e+00  -6.3995544e-01   1.7295625e-01   6.2573235e-01  -1.1416970e+00   4.3186935e-01   2.2194935e-01  -1.5754935e-01   1.4138930e+00   1.3808207e+00  -4.7978303e-01  -1.5041774e+00   9.4715822e-02  -1.7917095e+00
   2.0000000e+00  -2.0516555e-01  -1.4094029e+00   2.3828220e-01  -1.5799751e+00  -3.9960243e-01  -1.5736544e+00   7.3372119e-01  -2.6010221e+00  -2.7658551e-01   4.5863624e-01   7.0294454e-01  -4.8353732e-01   4.8427772e-01  -9.3156089e-01  -1.5920635e-01  -5.2343006e-01   1.9489350e+00   9.6518557e-01
   2.0000000e+00  -1.0121178e+00   2.2858107e+00  -1.2603459e-01   4.2498208e-01  -1.9654884e-01   3.8658062e-02  -1.4511517e+00  -1.6230334e+00   1.5416838e+00  -1.0335808e+00   1.2720607e+00   3.9043545e-01  -8.6247339e-01   6.2914481e-01  -1.0111799e+00  -1.8257163e-01  -4.0758473e-01   1.1260493e+00
   2.0000000e+00   9.8485624e-01   2.7514423e-01  -1.8301295e-01  -9.0029948e-01   1.4072594e+00   6.3324749e-01   3.9236881e-02   2.2121387e-01  -7.2164152e-01   2.1434136e+00  -8.3783508e-01  -2.6079360e-01   1.8067288e+00   6.2679720e-01  -3.5077522e-01   1.0197077e+00  -6.2952089e-01  -9.5649859e-01
   2.0000000e+00   1.5179449e+00   5.9804705e-01   7.8314454e-02   6.8775047e-01  -6.8261030e-01   2.9979320e+00   1.3482441e+00   4.1333966e-01  -7.4612906e-02   1.1339911e+00   4.2780288e-01   9.7410059e-02   1.2516311e-01  -7.4403557e-01   4.0338910e-02  -3.1818603e-01  -1.4417727e+00  -8.9987180e-01
   2.0000000e+00   1.8741351e-01  -2.4029257e-01   9.0537785e-01   4.7605128e-01   2.2894876e+00   3.2621065e-02  -1.8468065e-02   2.0655665e-01   4.6485769e-02  -2.1716865e-01   4.7284769e-02  -2.0379371e+00   1.3722553e-01   3.8621486e-01  -9.7969380e-01  -3.8599764e-01   3.4116691e-01  -6.9896121e-01
   1.0000000e+00   7.5662134e-02   9.9588501e-01  -1.2816290e+00  -1.5167909e+00   3.7636159e-01   1.9113613e+00   9.4856416e-01  -1.4066554e-01   2.7102986e+00   4.4232127e-01   3.2693016e-01   2.1446785e-01  -7.5452821e-01   1.6895415e+00  -6.6698839e-01  -1.0333685e-01  -1.7867933e-01   3.6537709e-01
   2.0000000e+00   7.9549036e-01   4.1877715e-01  -4.3503374e-01   2.5593286e-02  -1.3309819e+00   8.9145170e-01  -1.3854030e+00  -3.6274286e-01  -1.1427999e+00   2.1624426e+00   5.4377945e-01   1.1155435e+00   6.2981257e-01   1.4849893e+00   5.2789575e-01  -3.1174687e-01   1.7725470e-02   5.2401671e-01
   2.0000000e+00  -2.5784051e+00   8.5136413e-01  -9.7888859e-01  -6.8428898e-01  -4.0248466e-01   1.0719511e+00   6.4663202e-01   1.5079933e+00  -2.4794449e+00   2.2070543e-01  -4.0982032e-01   7.1120985e-01  -6.4249618e-02   1.1984782e+00   7.5379428e-01  -1.3089481e+00  -6.3105116e-01  -1.4318298e+00
   2.0000000e+00   1.9771930e-01   1.1217025e+00   1.9152754e+00  -1.1301446e+00   1.1211672e+00  -1.1531502e-01   5.2668703e-01   1.6824816e-01  -5.1200609e-01   2.1997545e-02   2.0321362e+00   1.1655543e+00  -6.0371250e-01   6.6550265e-01   4.7331940e-01   9.0362034e-01   6.8280991e-01   4.8440003e-01
   2.0000000e+00   7.2774846e-01   6.6971165e-02   1.8193393e+00   7.2473234e-02  -8.7658026e-02  -8.5178119e-01   3.4351161e-01   3.9567959e-01   4.5998466e-01   3.7291929e-01   1.0087928e+00   2.1019194e+00   1.7646641e+00   9.2071311e-01  -1.5898384e+00   7.7106034e-01  -5.2252703e-01   1.0526459e+00
   1.0000000e+00  -7.0801902e-01   7.9626414e-01   3.1477001e-01   3.2431614e-01   1.8542375e-01  -7.1090814e-01   7.7885832e-01  -1.4237453e+00  -1.3916751e+00  -1.0206829e+00   3.5720670e-01  -1.7984266e-01   1.1621333e+00  -1.2224789e+00   9.8316812e-01   1.4220114e+00  -6.0150209e-01   1.7688783e+00
   2.0000000e+00  -4.1045832e-01   3.2966551e-01   3.4327302e-01   4.1903492e-01   9.5462886e-01   2.8461916e-01  -9.7830042e-01  -2.0486680e+00  -6.2806504e-02  -1.0364611e+00  -3.5839854e-01  -8.1042534e-01  -1.2082861e+00  -3.2526889e-01   1.0163133e+00   3.9490376e-01   7.0182389e-01  -2.3370018e-03
   2.0000000e+00   1.8038993e+00  -1.0588094e+00   7.9565569e-02   2.8986105e-01   1.5171480e+00  -1.9620291e+00   1.9345524e+00   1.3837074e+00   5.2613842e-01  -4.2459309e-01   3.7029253e-01  -5.6702489e-01   2.0518483e+00   4.0019921e-01   2.1437665e-01   5.7276812e-01   2.4770513e-01   4.9480563e-01
   2.0000000e+00   2.1845696e-01   1.4312531e-01  -1.4189711e+00   6.1230980e-01  -2.9964779e-01  -8.9016699e-01   1.7808192e+00   5.9341466e-01  -7.6841785e-01  -1.0920172e+00   1.4929150e-01   1.6703866e-02   3.8840884e-01  -5.1273145e-01  -7.6216221e-01   6.9876557e-01   3.9078295e-01  -7.7371889e-01
   2.0000000e+00   1.2723871e-01  -3.9802980e-01   9.4426422e-01  -1.1271269e+00   1.2025557e+00   9.7570012e-01   3.9720812e-01   3.1634153e-01  -2.1992881e-01   9.7258349e-01   6.0924085e-01  -1.1581362e+00  -6.3757445e-01  -3.7625440e-01   8.6560932e-01  -5.5772444e-02  -1.1908143e+00   1.1301579e+00
   1.0000000e+00  -2.8266389e-01   9.9618156e-01  -3.4053657e-01  -1.4177097e-02   6.1127208e-01  -2.0417962e+00  -3.2088734e-01  -3.2404699e-01   1.1640761e+00  -5.1785403e-02  -1.2809815e+00   2.1148231e-01   1.7008802e-01  -1.0706901e+00   2.0160806e-01   1.6884098e+00  -5.0064626e-01  -1.7196840e-02
   1.0000000e+00   1.0875436e+00  -7.7465123e-01   1.6571159e-01  -3.0313173e-01   5.6595958e-01   1.1108413e+00  -1.1175943e+00   5.6085192e-02   6.8532432e-01  -1.5201234e-01  -5.4502999e-01   5.4552142e-01  -5.1000209e-01  -1.5861390e+00  -8.3508328e-02   9.7089697e-01   5.0259603e-01   4.2836724e-01
   2.0000000e+00   1.4667229e+00  -1.5435946e+00  -2.1693433e+00  -3.4809410e-01   1.5720175e+00  -9.0141111e-01  -1.3262344e-01   1.8468987e+00   2.3364540e+00  -1.2524208e+00  -2.7498415e-01  -1.6450370e+00   1.7541288e+00   1.0748243e+00  -4.4978764e-01   8.9299230e-01   1.6912865e+00  -1.5006884e-01
   1.0000000e+00   4.5114702e-01   1.2460653e+00   2.2573502e-01   1.1458317e+00   1.2373862e-01  -1.4934001e+00   1.2183924e+00   1.8671939e+00   1.0874126e+00   1.1661514e+00  -1.8642577e-03   1.3558456e+00  -1.4538842e+00  -7.0455669e-01   3.7261687e-01  -6.6135730e-01  -7.7771869e-01   1.3869181e-01
   2.0000000e+00  -1.5574917e+00   2.4000032e-01  -8.2369626e-01   9.2430151e-01   3.8449685e-01  -1.0942026e+00   1.1349575e+00   3.2425953e-02  -1.6946808e+00   1.6771950e+00  -4.9390672e-02  -8.3740154e-02  -7.2659319e-02  -2.4877868e-01   4.3136693e-01   4.1023293e-01  -9.3850578e-01   1.2443420e-01
   2.0000000e+00  -4.0232152e-01   1.6034377e+00   3.4642639e-01  -6.8402977e-01  -1.0858007e-01  -4.2210526e-01   1.2639046e+00   2.5930050e-01   2.9717644e-01   1.7569029e+00  -1.2210981e+00  -1.0981727e+00   2.0630220e+00  -1.3109993e-01  -1.4420758e+00   8.3756143e-02   2.2549789e+00  -2.4653067e-01
   2.0000000e+00  -2.8725315e-01  -7.9023706e-01   1.1377398e-01  -5.0075131e-01  -1.2400392e+00  -3.8086004e-01  -1.3223003e+00  -1.1352782e-01  -7.8815336e-01  -2.5802463e-01  -1.0411608e+00  -1.9910439e+00   4.7624702e-01  -2.2563534e+00  -5.0551973e-01   5.4371999e-01  -2.7070270e+00   1.3822523e+00
   2.0000000e+00   1.0525033e+00  -5.0651441e-02   9.3938948e-01   2.6884014e-01  -1.4397472e+00   1.1352071e+00  -3.2706308e-01   4.4079079e-01   4.7126058e-01   1.2003943e+00  -1.3860663e-01  -1.7240907e-01  -3.5506179e-01   6.2322312e-01   8.4853625e-02   2.1290921e-01  -7.5424540e-01  -2.5682230e+00
   1.0000000e+00  -1.6132833e+00   8.2139212e-02   1.2830019e+00   1.5425213e+00   5.2536043e-01  -1.0403221e-01  -2.9510503e-02  -1.5725249e+00   2.0801965e-02   7.8483614e-01   1.4267007e-01  -9.3452413e-01  -7.9439612e-01  -4.5867866e-01   8.4079795e-01  -8.6984781e-01   2.7414921e-01  -1.6068049e+00
   2.0000000e+00  -2.2753108e+00   2.7099390e+00  -9.2336889e-01  -6.7984353e-01  -3.2945765e-01  -1.9238291e+00   8.0275945e-01  -7.5071693e-01   5.0924118e-01  -1.2383029e+00   5.8744655e-02   2.9210731e-02   8.5785408e-01  -9.2707826e-01   2.9331791e-01   1.0455817e+00   1.3389603e+00   3.1379245e-02
   2.0000000e+00  -8.6315200e-01   7.1295254e-01  -7.3464606e-01   9.1886638e-01  -1.0001333e+00   1.0933446e-01   1.2234201e+00   8.2605738e-01   1.1498042e+00  -6.3700877e-01   1.7745209e-01  -4.4036268e-01   4.9069724e-01   1.4528382e-01   5.7385854e-01  -2.7087169e-01  -1.3189529e+00  -4.6671133e-01
   2.0000000e+00   4.3885980e-01  -2.8346228e+00   3.5988676e-01   3.2688510e-01  -1.3345163e+00  -8.6115444e-01  -1.2837055e+00  -6.1499452e-02  -7.0714666e-02  -1.1259045e+00  -1.4555784e-01  -5.2967457e-01  -1.3446553e-01   6.9632442e-01   9.6628980e-01  -9.2888366e-01  -1.6780907e+00  -4.6249583e-01
   2.0000000e+00   3.7131477e-01   1.7645183e-01  -1.0896904e+00  -1.3096009e+00  -1.1921332e-02  -1.6074557e+00  -2.9435097e-01   8.3370199e-01  -8.3659178e-01  -1.2305140e+00   1.0742426e+00  -9.5977752e-01   4.6864155e-01   3.4532394e-01   1.3712982e-01  -1.9454522e+00   9.1998957e-01   8.8712547e-01
   2.0000000e+00  -1.0111078e+00  -1.3567450e+00   2.3585906e+00   2.2334641e-01   1.3142846e+00   8.8006283e-02   1.0742141e+00   1.3001309e+00  -1.2554244e-01  -1.1433288e+00   3.8690542e-01  -2.2622633e-01   6.6613054e-01   8.7568689e-02  -2.2442922e-01  -6.4347463e-01   1.0716948e+00  -9.1089888e-02
   2.0000000e+00   7.9318381e-01  -4.0948772e-01   1.2583300e-01  -1.0495378e+00   1.6770765e+00   1.7000282e+00   2.0316578e-01   2.6733778e+00  -8.1891552e-01   9.7671925e-01   2.1109251e-01   4.2649340e-01  -1.8181428e-01   7.8927247e-01  -4.7934747e-01  -7.2134771e-01  -1.4942378e+00   1.2371770e-01
   2.0000000e+00  -6.5959773e-02   1.2894008e+00  -5.8081492e-01   5.6975976e-01  -1.4090137e+00  -3.8769632e-02  -1.0757393e-01  -4.7051461e-01   3.1700551e-01  -6.3446465e-01  -7.8583675e-01  -8.8705548e-02  -9.9370542e-01   9.5905787e-01  -1.5225816e+00  -1.0319453e+00   1.3533575e-01   3.4187479e-02
   2.0000000e+00  -1.8723898e+00  -1.3999683e+00   2.0277405e+00  -9.4527360e-01  -4.0219009e-01   1.9618496e+00  -3.7390337e-01   4.6052462e-01  -2.4704976e-01  -1.5313573e+00   6.1247671e-01  -2.1299432e-01  -1.2299946e+00  -1.3573366e-01  -3.5184098e-01  -3.9018699e-01   2.2359121e+00  -5.6442298e-01
   2.0000000e+00  -7.7213677e-01   1.1829100e+00  -8.7980340e-01  -6.8107473e-02  -1.0508833e+00   1.0977889e+00  -4.5130821e-01  -6.0470602e-01  -1.6966691e-01  -6.1659673e-01   5.1981858e-01   1.8773170e-02   9.4252906e-01  -9.1741981e-01   7.0446044e-01  -8.9285748e-03   2.3321099e+00   1.5008294e+00
   1.0000000e+00  -2.5438971e-01  -1.0390249e-01   5.4694245e-01  -4.8245060e-01   3.1601180e-01   1.7319128e+00  -1.0857061e+00   5.3643730e-01   2.9039171e-01  -1.4229986e+00  -5.0941803e-01  -1.3347345e-01  -1.3746928e+00  -1.1217112e+00  -6.8926530e-01  -6.8405707e-01  -1.3252845e-01   9.9304724e-01
   1.0000000e+00   3.4100413e-01  -9.0628832e-02   1.3759620e+00  -1.1203053e+00   7.0207157e-01   3.9573241e-01   2.8804604e+00  -9.4358621e-02  -1.2477808e+00   1.8184421e+00   4.6601854e-02  -1.1110820e+00  -2.2023818e+00   1.2786657e+00  -1.4044160e-01   2.8858219e+00  -6.7807648e-01  -8.6615380e-01
   2.0000000e+00   4.2607714e-01  -1.8718030e-01  -1.1495529e+00   3.3620915e-01  -5.4025430e-01   1.9293055e-01   1.0049766e+00  -1.3152997e+00   7.4150998e-01   1.5354545e+00  -1.1187354e+00  -1.3215929e+00   2.0409782e+00   4.1220980e-01   8.1308594e-01   6.9249520e-01   2.0262079e-01   6.6983342e-01
   2.0000000e+00  -7.6382568e-01  -2.4046636e-01   5.4426056e-03  -9.4065448e-01   6.9572534e-01   3.8317726e-01  -1.0552552e+00  -6.7114709e-01  -1.3456052e+00   1.0460154e-01   4.8067113e-01   7.9244272e-01  -1.9099697e+00  -2.2941549e-01   9.5619034e-01  -8.1255987e-01  -7.7001067e-01   1.2336793e+00
   2.0000000e+00  -8.4736701e-01   6.4515239e-02  -3.5457451e-02  -5.3825259e-01   2.2627904e+00   7.6004826e-01  -1.5241786e-01  -5.8931751e-01  -7.7272822e-01  -7.9228774e-01   3.2642382e-01   2.5903492e-01   1.3047885e+00   2.3878590e-01  -6.0968400e-01  -5.5368771e-01   6.1379493e-01   2.6382917e-01
   2.0000000e+00  -6.7253635e-01   4.1558459e-01   9.2676889e-01   7.6841251e-01  -1.4532189e-02   1.6144704e+00  -4.9954206e-02   1.7161411e+00   2.5555120e-01  -1.0314237e+00   2.1720406e+00  -1.6321441e+00   1.1308868e+00   7.2431285e-01   9.9433466e-01   3.9985184e-01   1.0885138e-01   1.2452145e+00
   2.0000000e+00   2.5195718e+00   4.3206943e-01  -1.5349897e+00   1.6006859e-01  -2.7677331e+00  -7.4792202e-01  -3.5395399e-01   3.5053723e-01   2.3094158e+00  -1.1420642e+00   9.3456245e-02   4.9716166e-01  -1.2397000e+00   1.2871127e+00   1.7935717e-01   4.4555107e-01  -4.2466455e-01   3.8226485e-01
   2.0000000e+00   3.4121838e-02  -1.6298447e+00   4.9573607e-02   1.6978738e+00   2.1708653e+00   8.7808171e-03  -8.2112196e-01  -8.1936151e-01   1.5609050e+00  -2.4537478e-01  -3.9593506e-02   1.7480770e-01   2.8216606e-01   6.7878811e-01   4.9316809e-01  -5.6538063e-01   7.9293944e-01   1.2315770e-01
   2.0000000e+00   1.5090157e+00  -5.9495379e-01  -2.5075393e-01  -3.6239814e-01   2.2692357e+00  -2.1426296e+00  -7.7953251e-01  -1.4456968e-02  -1.5969895e+00   5.4367116e-01   7.6256068e-01   7.6004932e-01   6.9341632e-01  -2.2731161e-01  -4.9766594e-01  -3.5797424e-01   8.8997625e-01   1.5974752e+00
   2.0000000e+00   1.1427565e+00   1.0731321e-02  -5.3256273e-01   7.9748759e-01   3.7741326e-01  -2.0807202e+00  -8.7822577e-01  -3.4320174e-01  -5.9808414e-01  -2.5042857e+00   5.7282463e-02   2.1897569e-01  -1.0949665e+00   6.0882254e-01  -7.5471435e-01  -1.4885606e-01   2.7437489e+00  -1.5784838e+00
   2.0000000e+00   1.3094758e+00  -8.8796194e-01   1.6351580e+00  -3.2087312e-01  -5.4157152e-01  -1.3617370e+00  -8.9116176e-01  -1.7713519e+00   1.9124894e-01  -1.7685403e+00   2.4328094e+00   1.3850047e+00   2.0983306e-01  -6.7159051e-01   2.7753833e-01   2.6020004e-01   1.0486898e+00  -4.1252204e-01
   2.0000000e+00   2.2310907e+00   1.8448609e+00   7.0291672e-01   1.2798540e-01  -8.4917360e-01  -2.3362856e-01   1.0767947e-01   1.1433621e+00  -1.2454048e+00   2.1260735e+00   8.3471265e-01  -6.5277580e-02  -9.9988455e-01  -7.4923386e-01  -1.6659492e-01  -8.8896221e-01  -2.1315672e+00  -1.5576080e-01
   1.0000000e+00   9.6822130e-01  -1.0490804e+00   7.2454525e-01  -2.3314510e+00   2.7489560e-01  -7.0773409e-01  -3.8682971e-02   2.7685009e-02   7.6676243e-01   1.5034697e+00  -1.1330881e+00  -1.2847575e-01  -1.5053928e+00   1.8836363e+00   1.7264390e+00   8.6562810e-01   7.1654203e-01  -1.9151288e+00
   1.0000000e+00  -1.2522252e+00  -8.3600145e-01  -1.0084407e-01  -5.5030474e-01   1.2024205e-02  -1.0524431e+00  -2.9054061e+00   1.6948569e-01   1.3103655e+00  -9.3382882e-01   7.2034445e-01   8.3725621e-01  -1.1719484e+00   6.9525065e-01  -8.8010093e-01  -2.3590899e-01  -2.0560620e-01  -5.3405007e-01
   1.0000000e+00  -1.9235205e+00  -6.8387370e-01   8.9817170e-01   3.3362781e-01   1.4488445e-01  -5.1176515e-01   2.2140004e-01   2.6167988e+00   4.7781225e-01  -1.8054170e+00  -6.9807271e-01  -3.4300867e-01  -9.4035956e-01   1.0662961e+00   9.3021479e-02   1.1312808e+00   2.9421152e-01  -7.9097804e-01
   2.0000000e+00   3.4475455e-01   3.2564950e-01   1.5438478e+00  -3.2428130e-01   4.4843835e-01  -1.4430074e+00   1.9472756e-01  -1.7689884e-01  -1.2398536e+00  -3.2925296e-01   4.2135625e-01  -1.3394160e+00  -1.0275562e+00   4.5181508e-01   2.8689191e-01  -6.3304805e-01  -1.2133242e+00  -1.8540892e-01
   2.0000000e+00  -2.5861609e-01  -5.3856401e-01   2.2138332e+00   9.5091236e-01   1.4662011e+00  -3.1541167e-01   1.1806980e+00  -4.7767486e-01   8.2880552e-01  -1.2275787e+00  -8.6666228e-01   1.3035962e+00   7.7153285e-01  -4.4119263e-01  -1.3108639e+00   1.2739345e-01  -5.1846375e-01   1.6855052e-01
   2.0000000e+00   1.3944742e+00  -1.7571262e-01  -1.3505272e-01   1.7659136e+00  -2.4345798e-01  -2.0083903e+00   1.9956168e-01  -7.9020710e-01  -8.1312700e-01   1.1445049e+00  -3.9056654e-01   1.3970398e+00  -2.1952654e+00  -8.1874164e-01  -1.2911712e+00  -6.2967335e-01  -1.2278851e-02  -1.4123316e-01
   2.0000000e+00   2.6125875e-01   8.0023185e-01  -1.5057839e-01   3.5766603e-01   1.1702821e+00  -7.8088026e-01   6.4555937e-01   1.7916687e+00   6.3376415e-01  -2.9722172e-01   3.1460071e-01   1.8680306e-01  -1.2355879e-02  -2.1281396e+00   8.6054918e-02   9.9416862e-01  -2.3861285e+00   7.2068902e-01
   2.0000000e+00   5.0598055e-01   1.2808929e+00   4.5815294e-01   1.0509708e-01  -2.6482939e-01  -1.1708815e-01   1.5162406e+00  -2.4541794e-02  -1.1607823e-01   1.5077106e+00  -1.6528920e+00   1.6012526e-01   9.0173786e-01  -5.9890113e-01  -1.6644230e-01  -1.2984660e+00  -8.7061786e-01  -7.3126623e-01
   2.0000000e+00  -1.2001542e+00  -1.0767542e+00   1.4893972e-01  -5.5409761e-01  -7.4327970e-01  -3.1599790e-02  -1.6247662e+00  -3.8768843e-01  -1.3819175e+00  -1.5153704e+00  -4.3543312e-01  -8.2625137e-01   1.5953826e+00  -1.5048122e-01  -1.5954111e-01   4.2556811e-03   1.0124402e+00   1.0256480e+00
   2.0000000e+00  -7.3832378e-01   2.8389557e-01   3.2212327e-01  -7.0814535e-01   6.0510673e-01   1.3306278e-01  -3.7750468e-01   2.3231444e-01   8.0458788e-02   5.8872999e-01   5.5617098e-01   4.3101480e-01  -1.3094494e+00  -5.3057977e-01   9.5160320e-01  -1.6883010e+00   9.3029824e-01   9.2538291e-01
   2.0000000e+00  -4.7285391e-01  -3.6530967e-01   6.3841221e-01   6.4326755e-01   7.6883631e-01   2.4846169e+00   6.4555267e-01   2.2731886e-01   2.1073275e+00  -2.2051517e+00   7.9963855e-01  -4.7765726e-03  -1.4876220e+00  -1.8331537e+00  -8.2781663e-01  -1.0390138e+00  -9.5549523e-01  -1.2757045e+00
   1.0000000e+00   1.7496562e-01  -5.6580468e-01   1.4501360e+00  -9.4607705e-01   7.0515025e-01   1.3573333e-02  -1.8646360e+00   5.1909600e-02  -3.3537685e-01   7.4670210e-01   4.3074965e-02   9.8026621e-03   9.8083351e-01  -4.9292955e-01   1.4709000e-01  -7.9461759e-01   7.0767261e-01  -7.9488570e-01
   2.0000000e+00   8.5717761e-01   6.6386308e-01   1.8411645e-01  -1.8236623e-01   2.5207098e-01  -2.7625063e-01   7.4266775e-01   3.1270592e-01  -1.5405430e+00  -2.7467333e-01   1.0500266e+00  -7.5020654e-01  -7.6041738e-01   8.1481339e-01   2.1211606e+00   4.8095681e-01   1.3274531e+00  -1.6207037e+00
   2.0000000e+00   2.6762888e-01   2.2097542e+00  -7.3883317e-01  -2.2222926e-01  -1.5734140e-01   6.9474871e-01  -5.7549160e-01   1.9815592e-01   4.9499270e-01  -9.4116832e-01  -1.2367091e+00  -4.2030677e-01   6.0098881e-01   6.2328774e-01   8.6452965e-01  -1.0095549e-01  -2.2749323e+00   2.9369783e+00
   2.0000000e+00  -1.2258696e-01   2.5150621e-01   1.8139508e+00  -2.4543590e+00  -2.2567330e-01  -2.1576809e+00  -1.4086542e-01   1.4718056e+00   1.9697616e+00  -2.3149231e-01   1.6663977e+00  -3.3059192e-02  -2.0709158e-01   3.1554712e-01   6.1188194e-01  -1.0500968e+00   7.6241137e-01  -7.6934560e-01
   2.0000000e+00  -1.5963694e-01  -8.7850118e-01   9.9171519e-02   1.6572992e+00   3.3581213e+00   6.3858045e-01  -8.0117526e-01  -5.2594618e-01  -2.7814887e-01  -4.1597375e-02   2.8307868e-01   1.2795844e+00   1.4692582e+00   6.2617813e-01  -4.4897044e-01   1.1718630e+00  -2.0383584e-01  -1.3497468e+00
   1.0000000e+00   1.3703382e+00  -4.6818009e-01  -4.9177259e-01   1.2176429e+00   3.3487561e-01   3.7282145e-01  -1.1575394e+00  -3.9112496e-01  -1.8032307e+00  -8.4773269e-01  -4.5667687e-01  -1.7461811e+00  -8.2436788e-01  -7.6088500e-02  -5.8367523e-01  -9.3442112e-01  -6.5422728e-02   9.3758680e-01
   1.0000000e+00  -1.2063221e+00   4.1212064e-01  -3.7724798e-01   7.8662360e-01   5.3113364e-01  -8.2953288e-03  -7.0774147e-01   9.1003942e-01  -1.5277109e+00   2.5670574e-01  -2.4401048e-01  -4.1889766e-02   1.4110133e+00  -1.1140262e-01   8.4425791e-01  -3.7751274e-01  -2.8412405e-01  -8.5503917e-01
   1.0000000e+00  -4.5795373e-01  -1.4865478e-01  -4.7792882e-01  -1.6670219e+00   2.1311479e-01   7.6176118e-01   9.0598068e-01  -3.1965579e-01   4.1740345e-01  -2.3527904e-01  -8.3310539e-01  -1.2834457e+00   3.5907352e-02   1.3833889e-01  -3.6211056e-02   7.1137100e-01  -4.3408567e-01   4.5448206e-01
   2.0000000e+00  -7.4389853e-01   4.7006523e-01  -2.1593191e+00  -1.2665572e+00   1.1110103e+00  -7.8964905e-01   2.4612816e-01   5.7110171e-01  -9.2307422e-01  -3.4866178e-01  -8.4251115e-01  -6.0221347e-01   4.9252085e-01  -1.1224887e+00   2.7177409e-02  -9.2764569e-01  -1.5805242e+00  -9.8859368e-01
   2.0000000e+00  -5.5082246e-01   4.7721427e-02   1.6942656e+00   2.0357014e+00  -5.7544305e-01   9.1804709e-01  -1.4714254e+00  -1.0929127e+00  -9.2374597e-01  -1.6176092e+00  -4.6573402e-01   8.9294779e-01   1.2377364e+00   1.8985005e+00   2.4186440e-01  -1.1380182e-02   1.2902494e+00   1.2964060e+00
   2.0000000e+00   1.2866598e+00  -9.7947277e-01  -1.3792453e+00   1.4384531e+00  -2.7025964e+00  -2.2470388e-01  -1.1592502e+00   1.9036386e+00   1.4440359e+00  -2.2192089e+00   1.5591734e+00  -1.9836236e+00   7.8221056e-01   1.7695437e+00   4.5213451e-01  -1.1434050e+00   9.5195190e-01  -1.2299240e+00
   2.0000000e+00   1.1280000e-01  -1.4371089e+00   3.7001568e-01  -3.9592162e-01  -1.1636008e+00  -5.0434230e-01  -9.8671973e-01  -7.7202182e-02  -9.9998577e-01  -7.1199043e-01  -4.4480933e-01   1.7090988e+00   1.7162975e+00   2.8727797e-01   1.2504281e+00  -8.5195529e-01  -2.0251575e-01  -3.2989120e-01
   2.0000000e+00   5.3275636e-02  -1.2144203e+00   1.1734845e+00   1.5261819e-01  -9.4665338e-01   5.1067739e-01  -1.0434180e+00  -1.1907280e+00  -3.2051538e-01   1.8753551e+00   3.9808958e-01   5.1426338e-02   3.5637475e-01   7.7616717e-02   8.0845347e-01  -9.2327242e-02   2.1168529e-01   2.9933654e-01
   2.0000000e+00   9.9347837e-01   1.0420571e-01  -1.0368045e-01   2.5795099e-01   1.8899477e+00  -8.1089867e-02  -4.6798918e-01   8.7611222e-01  -1.8706815e-01  -9.3553052e-01  -9.9394151e-01  -1.9395697e-01  -1.4867376e+00   1.6053518e-01  -1.0140757e-01  -5.6940599e-01   1.9104096e-01  -4.7020477e-01
   2.0000000e+00   1.4327529e+00  -7.1104392e-02   9.9975494e-01  -1.3353660e+00  -9.3570842e-01   1.8318904e-01   1.9348902e+00   1.3332801e+00  -5.1652970e-01  -9.6193858e-01   2.1736990e+00   1.1209422e+00   8.6999234e-01  -5.8413074e-01   7.6836000e-01   1.4099609e+00  -1.1143946e+00   1.8627484e-02
   2.0000000e+00  -6.9856481e-01  -7.5862059e-01   1.9214051e-01   8.4995642e-01   8.9690321e-01   1.0773882e+00   1.0742140e+00   4.8043150e-01   8.9536859e-01  -7.3120370e-01   1.6285492e+00  -1.7360856e+00   1.0584707e+00   1.9194153e+00  -3.2885098e-01  -1.0968920e+00   7.6593406e-01  -8.6282765e-01
   2.0000000e+00   1.5924603e+00   7.9168428e-01   1.6868744e+00   1.3977964e+00  -8.7717134e-01   6.0015375e-01  -9.5420128e-01  -8.9896601e-01   1.1899683e+00  -5.3731156e-01   3.4578558e-01  -1.1560785e+00   2.1718503e+00   5.0746070e-01   1.5139134e-01   1.2892537e+00   3.6557743e-01   1.0243724e-01
   2.0000000e+00   6.9744908e-01  -6.7751280e-01   2.9201090e-01   7.9221381e-02  -1.3644001e-01   5.6880417e-01   2.0732472e+00  -8.7430591e-01   7.7503951e-01   3.0819191e-01   1.3785809e+00  -9.6055836e-01   3.7747025e-01  -4.7277402e-01  -1.5123039e-01  -4.7226313e-01  -2.5368886e-01   1.0151130e+00
   2.0000000e+00   4.1051844e-01   9.0215878e-02  -1.6236748e+00   9.4068926e-01   2.9730801e-02  -6.6602444e-01  -7.1175047e-01   1.7201230e+00   3.2371463e-01   1.5305347e-01   6.3445002e-01  -7.3413465e-01  -4.2159432e-01  -1.1433943e-01   3.2436364e-01   4.6288838e-01  -1.2632014e+00  -1.8199005e+00
   1.0000000e+00  -8.7129121e-01   4.2193345e-01   3.9447805e-01  -4.3914129e-01   2.4641174e-01   5.0154857e-01   6.7623384e-02   1.0109925e+00  -5.7126314e-01   9.9926462e-01   1.5352814e+00  -1.2235939e+00  -5.1151669e-02   1.7089310e+00  -1.6612074e+00   2.9801316e-01   9.1373419e-01  -4.1820950e-01
   2.0000000e+00   6.5074884e-02   1.8023480e+00  -9.1802977e-01  -5.5375786e-01   1.6712692e+00   6.6646066e-01  -2.6416231e-02   5.2234510e-01  -4.3719340e-01   8.9189420e-01  -2.0551546e+00  -1.0743589e+00   1.4234344e+00   4.3319599e-01   4.4971473e-01   5.0295445e-01   6.7599815e-01  -2.6077105e-01
   2.0000000e+00  -1.5498624e-01   1.9475552e-01   1.6141084e-01  -4.8540937e-01   7.2287524e-01  -1.0757228e-01   1.0834203e+00   1.1087876e+00   1.2550819e+00  -5.4480746e-01  -8.2469416e-01  -4.8595676e-01   7.9941237e-01  -1.5835540e+00   2.2010145e-01   1.2365548e-02   7.5687900e-01  -2.0067409e+00
   2.0000000e+00  -8.3309750e-01   5.0958541e-01   1.4572120e+00  -3.1533196e-02  -2.1245159e-01  -4.9226427e-01   1.0051362e+00   5.9222471e-01  -7.0811847e-01   1.5498672e+00   6.3858803e-01  -4.9617902e-01  -7.7960531e-01  -2.6570076e-01  -9.8702720e-01  -1.4202324e+00   9.7653796e-01  -1.9971088e-01
   2.0000000e+00   6.1644902e-01  -1.4668219e+00   5.8484734e-01  -9.2527946e-01   1.0117657e+00  -1.7364782e+00   2.0657617e-01   7.9077305e-02   6.4748261e-01  -2.9219377e-01  -4.9210655e-01   2.9818821e-01  -6.0129515e-01  -7.9995286e-01   5.6699418e-01  -1.3764252e+00   9.5588796e-01   2.6249559e-01
   2.0000000e+00  -1.2894890e+00   8.9465963e-01  -5.2498971e-01   3.4961964e-01   1.1500874e+00   5.9663716e-01  -9.4207615e-01  -1.1493798e+00  -6.2292967e-02   4.7300062e-02   2.7665828e-01   9.6299748e-03  -5.7346226e-01  -2.6437886e-01  -1.9412007e+00   4.7560342e-01   1.8519354e-01   1.1898012e+00
   2.0000000e+00   9.2040642e-01  -1.6798637e-01   1.1842206e+00  -6.5548324e-01  -5.3775288e-01  -1.5271303e+00   5.9575085e-01  -7.9886426e-01  -1.0143596e+00   1.2110144e-03  -1.9044928e+00  -2.0303552e+00  -6.2104859e-01   1.4944655e+00  -1.3578890e-01  -2.3502839e+00   2.4788939e+00  -1.5793108e+00
   1.0000000e+00   2.3902982e+00   9.3242848e-01   5.6141133e-01  -6.9784512e-01   3.1259953e-01   6.6389975e-01   7.0278276e-01   9.3846320e-01   4.7083372e-01   1.4903944e+00   3.7579803e-01  -3.3698511e-01   2.1740373e-02   3.0555235e-01  -8.3358067e-01   2.1476860e+00   2.4800067e-01   5.2525205e-01
   2.0000000e+00   3.7038636e-01  -3.0288998e-01  -5.1002708e-02  -1.4938318e+00  -1.8338787e+00  -1.1034582e-01   1.1402721e+00  -8.2118618e-01  -2.9668944e-01   7.0896862e-01  -3.3745864e-01   1.9317152e-02   6.0978216e-01  -1.7162520e-01  -1.2223880e+00  -2.2401150e-01   6.4833486e-01  -5.3277587e-01
   2.0000000e+00  -1.0110152e-01   2.1518510e-01   1.1158427e-01  -5.2675183e-02   5.0076237e-01  -2.6714346e-01  -1.4792793e-01  -1.0211028e+00   2.4441179e-01  -7.3642355e-02  -6.9241586e-02   2.5152223e-01  -1.3787083e-01  -3.1391915e-01  -5.0900200e-01  -7.7322424e-01  -2.2068173e+00   1.3559515e+00
   2.0000000e+00  -7.5160497e-01  -1.0037646e+00  -1.6700015e-01  -1.4114656e+00  -8.3066848e-01   6.2563503e-01  -5.0873343e-01  -1.6592791e-01   6.1706743e-01   1.2332857e+00  -5.9895744e-01  -3.6926705e-01   1.3608910e-01  -6.8894737e-01   3.6313617e-02   4.6579177e-02   1.0261410e+00   6.8217085e-03
   2.0000000e+00   3.2687070e-03   1.3628044e+00  -1.0967820e+00  -1.3568850e+00  -1.6066991e+00   1.3905051e+00  -1.2621102e+00  -2.7164015e-01   8.2878883e-02   8.9601900e-01   1.0177253e+00   8.6991382e-01   1.4159252e+00   6.6959374e-01   4.5498766e-01  -1.4328381e+00  -5.3007772e-01   7.8849011e-01
   2.0000000e+00  -1.7276800e+00   6.9439489e-01  -7.7922393e-01  -1.9493496e-01  -3.8036821e-01  -2.6004745e-01  -1.8007022e-01   1.0537245e+00   1.8650833e-01   7.0789918e-03   1.3101258e+00  -1.9629750e+00  -8.2846159e-01   9.8991237e-01  -1.5351172e-01  -1.2461024e-01   4.6229174e-01  -1.3457378e+00
   2.0000000e+00   1.6823556e+00   1.8635577e+00   1.5715418e-01  -4.4166913e-01   1.0744562e+00  -9.9925146e-01  -1.0938593e+00  -1.1961530e+00  -3.3242026e-01   1.9798623e+00   3.8470884e-01  -7.1059228e-01  -1.5788250e+00   1.0776914e+00   7.3885886e-02   1.1315214e+00  -8.7273797e-01   1.3211160e+00
   2.0000000e+00   6.4056908e-01  -1.0914122e-01  -8.8037789e-01  -2.1106113e-01  -6.8293373e-02  -6.7438604e-01  -1.8406583e+00   5.1427490e-01   3.5134494e-01  -1.3005213e-01  -4.1443804e-01  -8.2045152e-01   8.4451774e-01  -1.5667784e-01  -9.4834650e-02  -2.6374228e-01   3.3520056e-01  -3.6091161e-01
   2.0000000e+00   1.6556638e+00  -1.4382072e+00   5.8657800e-01  -5.1566823e-02  -3.2381576e-02   1.8356154e+00  -8.3484493e-01  -5.0018272e-01  -2.7127752e+00   1.4299893e+00   1.4832201e-01  -1.7035700e+00   1.2828749e+00   4.2955455e-03  -3.4405227e-01   2.9234423e-01   1.4286257e+00  -3.1757213e-01
   2.0000000e+00  -4.1065163e-01  -1.1946974e+00  -1.1455533e+00   2.0058643e+00  -4.0894036e-01   1.5302832e-01  -1.0097971e+00   1.0795417e+00   9.2356712e-02  -6.9213024e-03  -2.8975709e-01  -1.0151754e+00  -1.1849501e+00   1.3172203e+00  -1.2444398e+00   1.0200433e+00   2.5728467e+00  -2.2348348e+00
   2.0000000e+00  -4.7054815e-01  -1.1358018e+00   1.8665214e+00   8.7245415e-01   1.4732390e+00   9.4336964e-02   1.3871882e+00   1.2635033e+00  -1.4851138e+00   9.1221480e-01  -5.7612024e-02  -4.6693091e-01   3.2082844e-01  -1.4792060e+00  -2.9161019e+00  -8.7682021e-01  -2.7599461e-02  -5.2050861e-01
   2.0000000e+00  -1.1661969e-01  -2.7462469e-01   5.0928630e-01  -4.4172832e-01   2.6305289e+00  -1.1379980e+00   8.5234277e-02  -5.3296525e-01   6.4070709e-03   5.3534915e-01   4.4786301e-01   1.1680866e-01  -1.2178402e+00  -7.6873843e-01   1.0329670e+00   1.8718650e+00  -1.6089018e-01   1.9683587e+00
   2.0000000e+00   1.2647741e+00  -4.3455007e-01  -5.6266223e-01   2.6512409e-03  -8.9411443e-01  -2.4533576e-02   2.5075274e-01   3.1200982e-01  -1.6959503e+00  -4.6756339e-01   2.0343484e-01  -1.6116239e+00  -1.0357845e+00   1.7239307e+00   9.6274202e-01   2.3410941e-01   1.0316360e+00  -1.7201716e+00
   2.0000000e+00  -1.4588974e+00  -3.5626065e-01   4.2150667e-01   1.4051400e+00  -4.1469867e-01   1.1046734e+00  -9.0129742e-01  -1.3431429e+00   2.3835933e-01   8.2658706e-01  -4.4576256e-01  -7.2129031e-01  -1.5662531e+00   1.7892139e-02   6.8511197e-01   7.4141238e-01   3.4255521e-01   1.6956624e+00
   2.0000000e+00   3.1947107e-01   2.8227060e+00   4.8480189e-01  -1.2862835e+00  -1.5770040e+00   1.8180816e-01  -5.3239917e-01   2.2071420e-02  -7.2588300e-01  -1.1275500e+00  -7.0000277e-01  -6.7553951e-03  -7.0892383e-03  -1.4180137e+00   9.6460583e-01  -9.1174193e-01   7.7348619e-01   1.3547784e+00
   2.0000000e+00   1.1173842e+00   3.6023264e-01  -2.0310597e+00   2.7893588e-01  -1.8370163e-01  -1.4793471e-01   2.9139291e-01   3.8326888e-01  -1.0097230e+00  -8.8790429e-01   1.1386678e+00   9.6224891e-01  -4.8597995e-01   1.6384313e+00   2.8209204e-01   1.1285206e-01  -3.9005495e-01  -4.4130410e-01
   2.0000000e+00   1.2352320e+00   4.2702239e-01   1.9368595e-01   9.6983934e-01  -1.1551240e-01  -1.4820387e+00  -3.6392366e-01  -5.1757438e-02   1.3993065e+00   8.4513067e-01   4.9793827e-02   8.4306696e-01  -2.4229752e-01  -9.1204412e-01   9.4167375e-01   1.9345515e-01  -1.1434751e-01   7.4056999e-01
   2.0000000e+00  -1.5541499e+00  -4.1614741e-01  -2.5082114e+00  -2.0625992e+00  -1.7253370e+00  -1.1474969e+00   4.5534073e-01   8.7302350e-01   1.8864037e+00  -9.7000165e-01   4.4706887e-01  -2.9244244e-01  -2.4200560e+00   5.1313653e-01  -8.7278157e-02   1.4937202e+00   1.5225404e+00   4.7087963e-01
   2.0000000e+00   1.3253457e+00   5.1441375e-01   3.1650533e-01  -8.8524009e-01   1.0641165e+00  -1.2313942e+00  -1.3716184e+00  -5.1266350e-01   4.1331343e-01   8.8175099e-01   2.7998597e+00   8.5282534e-01  -3.7267543e-01   6.0899318e-01  -7.3443165e-01  -9.9785730e-01   2.7025621e-01  -1.0040194e+00
   2.0000000e+00   1.6987299e-02   1.3746220e-01   1.1673422e-01  -5.3480223e-01   1.6304025e+00   4.4386962e-01  -9.6454038e-01  -8.0881922e-01  -6.7856672e-01   6.8833100e-01   2.6450320e-01   3.8927593e-01   7.8174501e-03  -8.7758432e-01  -1.1273891e+00  -1.1179433e+00   3.7346842e-01   2.4737632e-01
   2.0000000e+00   3.7629269e-01  -1.1195303e+00   9.4374139e-02  -8.9452565e-01  -2.1333420e+00  -2.2387972e-01  -5.1023921e-01  -2.7627620e-01   1.3162890e+00  -6.2737844e-01  -1.0051219e+00   3.8108701e-01   3.3446577e-01  -6.9134660e-01   2.4197429e-01   7.5214491e-01  -2.7699163e+00   3.2590079e-01
   2.0000000e+00   1.2904239e+00   8.5659427e-01   1.7021301e-01   7.3918598e-01  -6.9318423e-01  -1.0159722e+00  -5.4534147e-01   7.0100939e-01   1.1964271e+00   4.9991512e-01   4.7608863e-01  -1.4545847e-01  -1.9955373e+00   4.7909715e-01  -4.7031680e-02   3.0832078e-01   8.6259319e-01  -8.2976028e-01
   2.0000000e+00  -1.1308504e+00   4.9412122e-01   3.2099239e-01  -1.6823026e+00  -1.0527887e+00   1.7690935e+00  -2.3746362e-01  -5.1263569e-01   4.5481990e-01   3.9105808e-01   2.8793842e-01  -3.3108170e-01  -2.4763642e-01  -3.5799883e-02  -1.0295431e+00  -7.2569808e-01   3.6144095e-01   1.8961818e+00
   2.0000000e+00   1.3718492e+00  -1.4100755e+00   2.8275444e-01  -1.2945494e+00   1.6595368e+00  -7.9267019e-02   7.5611803e-01   2.8550694e-03  -1.9965356e-01  -3.2079967e-01   1.3796901e+00  -7.4168640e-01   7.0963072e-01  -5.4423868e-01   8.5072268e-01   1.8327038e-01  -3.1730468e-01   3.4740250e-01
   2.0000000e+00   1.6493534e+00   1.9784073e+00  -1.0922218e-01  -1.3066170e+00   1.5664091e+00   6.8006046e-01   5.3434262e-01  -1.3967535e+00  -3.6584395e-01  -2.0686947e+00  -6.9667607e-01  -3.0551830e-01   6.3984336e-02   1.2449808e+00   2.8869219e-01   2.7855312e-01  -6.2957029e-03  -4.1350766e-01
   2.0000000e+00  -1.7316316e-01  -1.3998831e+00  -2.9537183e-01   1.4728832e+00  -5.9824382e-01   1.2618704e+00   1.3118350e+00  -5.9905329e-01  -6.3281060e-01   1.5201976e+00  -1.1401166e+00   1.4419687e-01  -8.8414750e-02  -3.2919042e-01  -9.7530075e-01  -6.9419002e-01  -1.4909667e+00  -8.4568950e-02
   2.0000000e+00   3.8863929e-01   6.9336646e-01   7.7370730e-01   1.4196973e+00  -9.6003748e-01   3.5515322e-01   8.4148444e-01  -6.9394878e-01   1.1028111e+00  -1.1180043e+00   4.2714158e-01   1.0953129e+00   1.9664875e+00  -7.7520778e-01  -2.8437982e-01  -2.5652431e-01  -6.9481795e-01   3.8263345e-01
   2.0000000e+00  -3.7819924e-01  -7.9819859e-01   6.5614245e-01   5.8077366e-01   7.7897139e-01   1.7249509e+00  -3.9880034e-01   1.1909128e+00   5.5255762e-01  -3.5480253e-01   2.4158250e+00   8.0977882e-01   1.1140312e+00  -1.0425337e+00  -9.6238812e-01  -1.1810080e+00   8.4563764e-01   1.5878123e+00
   2.0000000e+00   4.7586252e-01  -3.7743535e-01  -3.3404561e-01   4.2640064e-01   1.3835976e+00   1.3016429e+00  -1.4165741e+00  -4.2823468e-01  -5.0375413e-01   1.4335288e-01   3.5224304e-01   5.1256579e-01   1.4552590e+00  -1.1229832e+00  -5.7022891e-01   1.9164477e+00  -3.7758668e-02  -4.9274550e-01
   2.0000000e+00  -3.5701931e-01   4.6746148e-02  -2.4507480e-01  -6.4411222e-01  -1.3965039e+00   4.8265768e-02  -6.6510042e-01   5.7171517e-01  -1.0967741e+00   6.4505739e-01   3.9648499e-01  -1.2547373e+00  -1.4097961e+00  -5.7389740e-01  -5.9880907e-01  -8.4966317e-01  -6.2793395e-01   2.7208139e-01
   2.0000000e+00  -2.7049491e+00  -9.2659577e-02  -6.4391133e-01  -1.3894635e+00  -8.1941483e-01   2.0351933e-01   9.5622432e-01  -1.6026127e+00  -1.5378573e+00  -9.2594867e-01   3.3282013e-01  -1.2158205e+00  -8.0729518e-01  -1.3067626e+00  -9.2974841e-01  -2.2861000e-01  -1.7364008e+00  -4.2666869e-02
   1.0000000e+00   1.5261585e+00   7.2097193e-02   1.9825308e+00   1.2326238e-01   4.0686975e-01  -3.7438870e-01  -6.0141422e-01   1.4231062e+00   6.3916116e-01  -7.2265250e-01  -2.6508709e-01   1.3731107e+00  -3.2882730e-01   6.0239951e-01  -1.7785000e+00  -1.0411490e+00  -2.1293518e-01  -6.7203707e-02
   2.0000000e+00  -2.3429570e+00  -7.4665386e-01  -1.2586919e+00  -1.0465820e-01  -1.4312407e-01  -1.1737696e+00  -1.3485001e+00   1.7240907e+00  -9.1892752e-01  -2.5361387e-02  -2.0023980e+00   9.9708966e-01   3.7524101e-01  -9.2682423e-02   4.4975638e-01   6.9224724e-01   9.4039393e-01  -1.4475292e+00
   2.0000000e+00   6.2173043e-01  -2.8000064e-01   1.6428283e+00   1.8468979e+00   1.3107826e+00  -2.5759032e-01  -8.8714745e-01  -1.5269242e+00   4.3581390e-01   8.4966919e-01   7.4706619e-01  -1.0522696e+00   3.2154036e-01   1.5199443e+00  -8.3178433e-01  -1.0061965e+00   7.6253701e-01   7.3594753e-01
   2.0000000e+00  -8.3936508e-01  -2.5322286e-01   4.7978381e-02  -1.1155483e-01  -1.6836316e+00   1.3647957e+00   4.4555162e-01  -6.9118586e-01   1.9945921e-02  -2.5065661e-01   6.6532305e-01   8.8777610e-01   1.8086068e+00   7.2956927e-01   5.8859330e-01   6.6080522e-01  -1.0669442e+00   4.2399381e-01
   2.0000000e+00   9.9315377e-01  -1.6428438e+00   1.4724385e+00   1.3398159e+00   7.1123146e-01  -1.2661550e+00   1.4343866e+00   3.2090844e-01   3.2412798e-01  -5.1106200e-01   2.7667382e+00  -1.8222958e+00   1.1674835e+00   6.4030245e-01  -1.8644998e-01   2.3052093e+00  -7.6098012e-01  -7.4919871e-01
   2.0000000e+00  -1.9487894e-01   3.0818690e-01  -7.2263912e-01   1.7909526e-01   8.9153074e-02   8.6664802e-03   4.7317113e-01   2.1058040e-01   1.7929710e-01   6.5260372e-01   1.7075751e-01  -6.5221561e-01  -3.8218527e-01  -7.1508577e-02  -1.3739108e+00   3.5476049e-01   1.2888415e+00  -3.0596599e-01
   2.0000000e+00   3.7764296e-01  -7.0023077e-03  -5.5721269e-01  -7.2286526e-01  -4.4506709e-01   6.3158174e-02   7.5633028e-02   9.3323468e-01   1.3284298e+00  -1.0805104e+00  -1.2673324e+00   1.5927266e-01   1.2825415e+00  -4.0673381e-01   1.0099231e-01   5.1984911e-01  -2.3497047e+00   5.2136031e-01
   2.0000000e+00   1.3445331e+00   8.3505434e-01  -3.6216393e-01  -5.4751926e-01  -2.8660052e-01  -8.2235155e-02   5.7293170e-01   5.7862229e-01  -5.1721503e-01   7.9119466e-01  -1.3745744e+00  -2.1403141e-01   3.6316450e-01   9.4279612e-01   6.8568128e-01  -2.4638290e-02  -1.4154608e+00   2.7713697e-01
   2.0000000e+00   1.1895493e+00   7.2850899e-01   1.6615395e-01   2.2099549e+00   8.1656286e-01   2.6017606e+00  -1.2455745e+00   6.5339509e-02   3.2886285e-01  -1.5033204e-01  -1.9498236e-01   1.4485208e+00  -1.8927741e+00  -1.0540587e+00  -1.3948604e+00   1.2302278e+00  -9.2641937e-01  -1.3369973e+00
   2.0000000e+00   6.0065600e-01   1.2437199e-01   1.8624902e-01   1.8359629e+00  -1.9366638e-01   4.1319856e-01   1.0521708e+00   5.2434598e-01   5.7478436e-01  -7.3070191e-01   1.7989662e+00   6.6880119e-01  -6.9010677e-01   1.1884491e+00  -2.4822451e-01   2.3611914e+00   1.8819875e+00  -5.3229308e-01
   2.0000000e+00  -3.9919064e-01  -1.1094048e+00  -9.0821706e-01  -1.7679938e+00  -7.7400239e-01  -2.1471668e-01   2.7960542e-01   2.5685727e-01  -1.1628362e+00   1.1764894e+00   7.5581042e-01   4.5967582e-01  -1.5678400e+00  -5.1133000e-01  -5.2019996e-02   1.1248935e+00   4.2016972e-01   1.2944820e+00
   2.0000000e+00  -7.5492611e-01  -1.1339206e+00  -5.0604025e-01  -2.2120842e+00  -5.5882823e-01  -1.7521153e-01  -1.1860778e-01  -1.0687057e+00   3.4104293e-01  -1.2619040e+00  -1.5567153e-01   1.0731424e-01   8.0558589e-01  -4.3702858e-01   7.0089474e-01   2.0014740e-02  -5.2012914e-02   3.5742813e-01
   1.0000000e+00  -1.4574910e+00   1.1969649e+00  -1.5225732e+00   4.5337301e-01   4.0104858e-01  -1.5021722e-02   7.9354140e-02   1.0661586e+00   1.8797587e+00   1.8440944e+00   1.6382541e+00   1.6378577e+00   5.5139069e-02  -8.0689040e-01   8.4881557e-01  -1.1378608e+00   2.6773158e-01  -1.4978610e+00
   2.0000000e+00  -1.0699173e+00   1.1288362e+00  -5.8910115e-02   5.5778170e-01   8.1921511e-01   9.0220215e-01  -3.6973443e-01  -1.6818783e-01   1.2586391e+00  -8.9685773e-01   5.9203558e-01   9.3571497e-01  -1.5768859e-01  -3.4116791e-02  -1.1815352e+00   5.0189121e-01   9.1567122e-01   1.6646238e+00
   2.0000000e+00   1.2594276e-01   9.6638650e-01  -2.2799347e-01   1.5727567e+00   1.0125448e+00  -5.8980905e-01   1.2905023e+00  -5.1409330e-01  -1.3952322e+00  -1.2450631e+00   3.4253758e-01   7.2837336e-01   7.8546008e-01   6.9175790e-01   3.8339036e-01   6.7261699e-01   7.6976453e-01  -2.4963692e-01
   2.0000000e+00   2.6763113e+00   4.6898179e-01  -5.5429479e-02  -1.1899568e+00  -8.9947314e-01   9.9348517e-01  -6.6303251e-01   6.8990624e-03  -1.0922281e+00  -4.0795335e-01  -7.2225742e-01   1.4528680e-02   5.8999221e-01   8.0945938e-01   4.1062403e-01  -2.5365883e+00   1.0190756e+00  -1.8553493e-01
   2.0000000e+00   2.7973710e-01   3.5891075e-01  -1.2603817e+00   1.1634576e+00   8.1087112e-01   2.8510224e-01  -8.0338518e-01   9.1292491e-01   4.8060116e-01  -7.2631923e-01   2.5699823e-01   9.6442070e-01  -1.7420731e+00  -2.4859237e+00  -4.5125704e-01  -7.4600153e-01   9.8978362e-01  -2.0568429e+00
   2.0000000e+00  -5.6031740e-01   1.3047307e+00  -3.6895869e-01   1.4511933e+00   8.0092671e-01  -7.7313508e-01  -1.1741985e+00   3.9747135e-01  -1.5288610e-01  -8.0867003e-02  -4.1591836e-02   1.5912362e+00  -1.3006975e-01   1.0303366e+00   5.7302212e-01  -2.5548265e-01   9.4774409e-01   2.7742472e-01
   2.0000000e+00  -9.3222479e-01   7.6522968e-02  -7.9361341e-01   1.0426203e+00  -1.5663792e+00   6.7069754e-01  -1.2737326e+00   1.8089128e+00   1.2683880e-01   5.3110317e-01  -8.5414680e-01  -8.1221620e-01   9.3799261e-01  -4.9053703e-01   1.1279613e+00  -1.7206372e+00   8.7244087e-01   2.4253874e-02
   2.0000000e+00  -2.1617112e+00  -9.7100385e-02  -3.7765187e-01   5.2976949e-01  -1.3065004e+00  -6.5049207e-01  -9.9091160e-01   1.1473838e+00  -6.6566666e-02  -1.3772182e+00  -3.8087708e-01   3.7588956e-01  -1.5156226e+00  -3.7040008e-02  -7.3945006e-01   1.2862666e-01  -3.7993093e-01  -2.6851035e-02
   1.0000000e+00   2.8605089e-01  -7.2359914e-01  -2.4081109e-01  -1.3037973e-01   6.7566050e-01  -1.9226342e+00  -2.2084829e+00   2.1439562e+00   4.2130567e-01   1.2283001e+00  -3.7921341e-02  -4.6361406e-01  -1.2815512e+00   8.4879733e-01   7.7427632e-01  -7.1579181e-01   2.8549695e-01   4.6985803e-01
   1.0000000e+00  -6.2384151e-01  -3.6065468e-01   6.8730610e-01  -5.1869007e-01   1.1289569e-01   1.2007695e+00  -3.9206463e-01  -9.3371632e-01  -1.3671131e-01   9.7576154e-01  -1.3018667e+00   3.4934066e-01  -2.3540940e-01  -2.1613169e-01   1.3853985e-01  -1.5876183e+00  -1.6167330e-03   1.8275871e+00
   2.0000000e+00   7.0146291e-02  -1.1331077e+00   5.3255942e-01  -1.0489638e+00   6.6070276e-01   2.2665215e-01   5.0186167e-01   3.4073924e-01  -7.9209424e-01  -1.0733770e+00  -5.3642690e-01  -2.3982906e-01  -1.2704846e+00  -1.9027201e+00  -1.8931602e-01   7.8530596e-01  -3.3756284e-01  -2.9036689e+00
   2.0000000e+00   5.8487953e-01  -1.2710843e+00  -6.5298038e-01   2.8511554e-01  -2.1859715e-01   1.4380786e+00   1.5086235e+00   1.2039477e+00   3.8386950e-01   1.4655657e+00   9.5416701e-03   9.0432523e-01   7.2309146e-01   3.1716592e-01  -5.0571087e-01  -7.2503239e-02   2.0661289e+00  -9.2305258e-01
   1.0000000e+00   3.9939631e-01  -3.6106036e-01   9.2419716e-01   1.1957282e+00   2.9554883e-01   2.7580866e-01  -8.6118542e-01   1.4531961e-01  -8.8262052e-01  -3.9814397e-01  -6.4319334e-01   8.0519529e-02  -2.0470996e-02   5.6438645e-02   1.9332993e+00   1.3147281e+00  -5.9194736e-01   5.3886012e-02
   2.0000000e+00   9.3549964e-01  -1.7701946e+00  -2.5441336e+00  -7.5767528e-01  -9.9935008e-01  -4.6452903e-01  -1.0632394e-01  -2.0522551e-02   3.1645282e-01   6.6532885e-01  -9.1236372e-02   3.8887350e-01  -8.9040971e-01   2.4676482e+00   1.5242380e-01  -7.3404013e-01  -1.9539658e-01  -2.4240824e-01
   2.0000000e+00   8.0273515e-01   1.1782044e+00   9.2445323e-01  -3.9832755e-01   9.3624027e-01   1.8060012e+00  -7.5684513e-01  -5.0045342e-01  -7.7962860e-01   1.2174159e+00  -3.0824608e+00   8.9563298e-01  -8.5591861e-01   9.9234868e-01   1.2300578e+00   1.8433129e+00   1.8091544e+00  -1.9683505e-01
   2.0000000e+00  -1.4662530e+00   2.0742813e+00  -7.6279490e-01   1.1667517e-01   7.5284007e-01   5.6308035e-02  -1.0965701e+00   5.7169138e-01  -1.4753016e+00   2.2507991e-01  -4.8261157e-01  -1.4980627e+00   2.0017221e+00   2.4175085e-01  -1.5791644e+00   1.0753816e-01   1.3671535e+00   5.5195857e-02
   2.0000000e+00  -1.0334924e+00   3.5687512e-01  -3.3346344e-02   8.1154438e-01  -6.4241209e-01  -3.5485570e-02  -1.3342979e+00   3.8930650e-01   1.3868628e+00   1.2160488e+00  -8.9985321e-01   2.6259595e+00   6.2477791e-01  -3.9849366e-01  -1.4101466e+00  -1.3721225e+00   4.0283619e-02   2.8925686e-01
   2.0000000e+00  -6.2218845e-01  -5.1652523e-01   1.5829630e+00   9.5440525e-01   6.1733665e-01  -7.1104181e-02   9.9980510e-01  -4.7812376e-01  -1.0890196e+00  -1.8923781e+00   2.8130962e-01  -1.2433692e+00   8.4861521e-01   7.5245422e-01  -1.5681385e+00   8.0461616e-01  -1.3269363e+00   2.0617277e+00
   2.0000000e+00  -5.2311395e-01   7.9822388e-01   5.1410853e-01  -9.7882334e-02   9.4006797e-01   1.2938959e+00   1.1998468e+00  -6.1788243e-01  -2.2917430e-01   1.0998137e+00   8.6789977e-01  -7.3756956e-01   1.1616239e+00   1.2458190e+00  -1.0169486e-01  -8.8950990e-01   1.2777905e+00  -9.7158335e-01
   2.0000000e+00  -2.2168569e-01  -1.5571528e-01   1.0331371e+00   1.0189246e+00  -9.5176722e-01   1.1430444e-01   9.9396205e-01  -1.9286820e+00  -3.7310548e-03   1.3547654e-01  -1.1028395e+00   7.9574541e-01   3.6142270e-01   1.0360886e+00  -2.9292573e-01   2.7875715e-01   1.4947297e-02  -5.7428107e-01
   2.0000000e+00  -1.0107316e+00  -1.7574665e+00   1.3544305e-02   1.0808105e-01  -5.6890830e-01   1.7030990e+00  -4.9029165e-01   9.1727765e-01   7.1713600e-01  -2.3566283e+00   8.3473600e-01   4.6196144e-01  -4.6907415e-01  -4.3642574e-01  -2.1598962e-01   4.2330671e-01   1.2583974e-01  -6.3670750e-01
   2.0000000e+00   5.0172296e-01   1.0624781e+00   4.0869931e-01   1.3806427e-01  -5.4170766e-01   1.5174544e+00   4.8382235e-01   3.6921431e-01  -8.4160609e-01   1.5803103e-01  -2.1096092e-01  -2.3836861e+00   6.1141315e-01  -3.5618041e-01  -1.5672416e-01  -1.8748256e+00  -1.5893051e+00  -9.7109038e-01
   2.0000000e+00   4.2973607e-01   1.3412468e+00  -6.5711543e-01   1.4973465e-01  -1.5809195e-01   2.7423911e-01  -6.7414082e-02  -1.4160034e+00  -7.5596287e-01   2.5170502e+00   4.7033647e-01  -1.3528068e+00  -6.2173082e-01  -9.4448043e-01   5.7306367e-01   7.6829562e-01  -2.9299344e-01  -1.4430184e-01
   2.0000000e+00  -6.2132498e-02   8.5083994e-01   1.3702364e+00   1.0644393e+00   1.1330574e+00   1.3729000e+00   7.6414333e-01  -7.7403947e-01   5.8609332e-01  -1.0054473e+00  -1.2811186e+00  -7.8296168e-01  -5.0424759e-02  -4.1927922e-01  -3.2362123e-01   1.5575912e-01   3.3043121e-01  -1.4751444e-01
   2.0000000e+00  -2.5763410e+00   1.2654372e+00  -2.6107752e-01   4.2693913e-01   7.3218567e-01  -1.9809692e-01  -2.2388014e-01  -2.0062020e+00  -8.2013762e-01   6.3868085e-01   7.3445466e-01   8.3866030e-01   1.2964507e-01  -7.6225695e-01  -2.2035928e+00  -1.0662654e+00   1.1516724e+00   2.7245041e-01
   2.0000000e+00   2.5530617e-01   2.0367070e+00   2.1213622e-01  -1.6588493e+00  -9.6537258e-01  -1.1064519e+00   9.6916171e-02  -2.2792319e+00  -8.2864942e-01  -1.0946835e-01   3.4529974e-02   5.1408604e-01  -3.2611991e-01   5.0301495e-01  -6.2745139e-01  -1.6919524e+00   4.1505016e-01   8.9418937e-01
   2.0000000e+00   2.3822009e+00   1.0737861e+00  -1.8814448e-01  -1.0768716e+00  -1.5691204e+00   5.6561767e-02  -1.1223578e+00  -8.3286154e-01  -8.2554148e-01   1.6242655e-01   4.0042187e-01  -7.5523084e-01   1.5738661e+00   6.4142182e-01   1.1615078e-02  -8.9792145e-01   6.3969143e-01  -9.4669834e-01
   1.0000000e+00  -8.1716136e-02  -5.0605148e-01   1.5061806e-01  -2.0542670e-01   2.8603112e-01  -1.1852270e+00  -1.3292885e+00   3.7384900e-01  -6.7685347e-02   6.5725266e-01   5.9888828e-01   3.0672443e-01  -4.9350024e-01   1.4933227e+00  -3.3645272e-02  -3.7994675e-01   5.2230140e-01   1.0662970e+00
   2.0000000e+00   2.4848244e-01  -1.5587273e+00   1.9678675e-01   6.2856349e-01   4.7565606e-01   7.4668242e-01   8.5080066e-01  -2.2421826e-01  -1.4905272e+00  -4.5275490e-01   2.3953786e-01   5.2909707e-01   9.4520805e-02  -6.9965793e-01   1.6956009e-01   5.2468331e-02  -3.3553521e-01   2.1752494e+00
   2.0000000e+00  -1.5808523e+00   4.9156664e-01   4.3617802e-02   5.1984007e-01   8.2309364e-01   1.1162609e-01   1.3178793e-01   9.1532602e-01   3.4908861e-01   2.8920989e-01   7.1635729e-02   8.1732118e-01   6.3829998e-02  -1.1924250e+00  -6.2645027e-01   4.7532151e-01   6.1757420e-01  -1.4432728e+00
   2.0000000e+00   1.4592599e+00   8.1644821e-01   1.6889389e-01  -1.5240949e+00  -3.5769378e-01   4.1039311e-03  -5.4366151e-01   1.1280290e+00   1.1188300e+00   2.0126514e+00   1.9993280e+00  -3.0657681e-01  -5.2265498e-01   2.2702894e+00   1.9987751e-01   1.0816888e+00  -3.9548296e-02  -6.9017679e-01
   2.0000000e+00  -1.5011802e+00   7.0197233e-01  -7.8865130e-01   1.0649668e+00   1.5285203e+00  -5.2179105e-01  -1.0054349e-01  -2.3757260e+00   7.8013691e-01   2.3290783e-01  -2.3846169e+00  -1.4635329e-01  -2.0818196e+00   5.3499164e-01  -1.1261631e-01   1.4517072e+00  -1.8898811e+00   1.9296875e-02
   1.0000000e+00  -9.8529813e-02  -9.9875755e-01  -6.8794156e-01  -8.3115766e-01   4.0202252e-01  -3.0185209e-01   2.4947905e-01  -8.5921875e-01   8.3704511e-01   1.1950650e+00  -8.3082517e-02  -1.7673720e+00   1.6793261e+00   2.0620555e+00  -1.4145645e+00  -5.6453752e-01   3.1025200e-01   1.1612026e-01
   2.0000000e+00   1.1448389e+00   2.1131735e+00   1.5635998e+00   1.1926971e+00  -9.7564162e-01  -9.2590990e-01  -3.1003507e-01   5.5985118e-01   5.9047511e-01   5.5221311e-01   5.1929742e-01   4.5831225e-01   1.8035059e-01   1.9747861e+00  -6.8938409e-01  -8.7965495e-01  -1.0423508e+00   6.9726269e-01
   1.0000000e+00  -2.9872411e-01  -1.1632712e+00   4.0561741e-01   7.9717473e-01   5.0672082e-01   9.8536092e-01  -2.0060188e-01  -1.0710161e+00   1.2109271e+00  -8.8111789e-01   8.5351349e-01  -1.0436285e-01   1.1985880e+00   4.7131868e-01  -1.0929174e+00  -6.7462783e-01  -7.5563129e-01  -8.9274914e-01
   2.0000000e+00  -8.2521656e-02   5.1428621e-01   1.2714241e+00   1.8351684e+00  -1.0572474e+00   1.7858707e+00   2.4372136e-01   4.8035879e-02  -6.0143472e-01  -3.5698943e-01   2.0231822e+00   1.0971131e+00   1.2675304e+00  -1.1106586e-01  -1.1018288e+00   1.3286543e+00  -1.9601791e-01   7.1348683e-03
   2.0000000e+00   1.8234842e+00  -1.5117549e-01   1.0266971e+00   4.8929443e-02  -1.6963708e-01   5.0961778e-01   5.7336406e-01  -1.0750464e+00   1.3243139e-01   2.0880518e-01  -5.6536944e-01   8.9705117e-01   4.0134886e-01   1.0425636e+00   5.2076248e-01  -1.2992601e-01  -1.0030070e+00  -5.0181168e-01
   2.0000000e+00  -4.8542041e-01   7.7992713e-01  -5.2031959e-01   1.3516423e+00  -6.7886894e-01   1.0898849e+00  -1.7993004e+00   5.4274853e-01   8.2516270e-01   7.9144882e-01   1.0055533e+00   1.0290356e+00   1.5009112e-01  -3.3712866e-01   1.1696431e+00  -2.1326869e+00  -5.1307522e-01   1.5933017e+00
   2.0000000e+00   6.1160810e-01  -1.4803444e+00   1.7947997e+00  -6.8465328e-01  -2.0903841e+00   5.8910469e-01  -1.6370707e-01   1.6682747e-01   3.5435273e-01   7.0412015e-01   7.0188050e-01   1.9429322e+00   1.1014896e-01   2.9034271e-01   8.3004499e-01   1.5490462e+00  -9.2021762e-01   4.9877149e-01
   2.0000000e+00  -1.0297009e+00  -3.4666401e-01   1.4290031e+00   1.4418586e+00   1.6366544e+00  -1.3237661e+00  -1.5157210e-01  -3.2426661e-01  -2.1652661e+00   4.6905268e-02   7.0489807e-01  -2.3380454e-02  -2.9347518e+00  -4.5312606e-01   2.6477468e-03   4.5033482e-01  -5.2928199e-01   2.6119496e-01
   2.0000000e+00  -3.3376466e-01  -2.4761013e+00  -1.8334510e-01  -2.7241209e-01   1.9596609e+00   1.8259853e-01  -1.0547132e+00  -2.1071238e+00   1.6778703e+00  -3.1470935e-01   1.3124419e-01  -3.9217165e-02   2.1451970e+00   5.7311419e-01  -8.7522789e-01   1.1531318e+00   3.4478881e-01   5.9450571e-01
   1.0000000e+00   1.0805012e+00  -8.8985691e-01  -5.5548768e-01   4.6865291e-01   9.8896533e-02  -6.1470585e-01   7.9533625e-01   1.0801652e+00  -1.0189528e+00   1.1055592e-01  -2.3070321e-01  -5.1336939e-02   1.0459746e+00  -2.6062304e+00  -3.5144300e-01  -1.0374069e+00   9.2914090e-01   1.8274057e+00
   2.0000000e+00   1.1426116e+00   1.0229373e+00  -7.2310179e-01   3.8468159e-01  -1.7043692e+00   2.2457129e-01  -1.5064368e+00  -6.6485379e-01  -1.8008617e+00  -2.2514932e+00  -1.1259380e+00  -4.2976461e-01  -6.4553814e-02   1.0194548e+00  -1.7114526e+00   1.7321770e+00   3.4711694e-01   3.8901374e-01
   2.0000000e+00   1.0189440e+00   9.2161335e-01  -4.9859188e-01  -1.3201630e+00   1.1201243e+00   1.9871608e-01   1.4396211e+00  -2.6059349e-01  -1.9647749e-01  -3.4621316e-01   1.7422247e+00   7.5516453e-01   5.7882406e-01   5.0948997e-01  -1.5756153e+00   1.2229041e+00   2.4347686e-01   6.5183379e-01
   2.0000000e+00  -1.4097723e+00  -6.8151023e-01  -1.9824193e+00   3.9073049e-01  -7.2522000e-01  -7.0432981e-01   2.1780774e-01  -5.0825689e-01   1.2767468e+00   1.8391878e+00   8.3213856e-01  -1.5087301e+00   4.2425973e-01  -1.6121510e+00  -1.8506772e+00  -1.5492628e+00  -1.6132074e-01  -6.8773657e-01
   2.0000000e+00   4.1760384e-01  -1.3930572e+00  -1.1423724e+00  -3.8128879e-01   1.5636611e+00   7.2083499e-01  -5.8042786e-01  -1.2666259e+00   1.2644755e+00  -1.6689413e-01  -5.5780939e-01   1.1062468e+00  -1.1071872e+00  -1.2868315e+00   8.5525517e-02   1.3005132e+00  -5.6280261e-02   2.4639980e-01
   1.0000000e+00  -9.2675395e-01  -8.9180231e-01  -2.3822434e+00   5.8527133e-01   3.5770163e-01   6.5631747e-01  -8.4559924e-01   2.6523679e-01  -5.6024602e-01  -5.3323268e-01  -2.6543372e-01  -1.6849883e-01   2.1648678e-01  -6.6253911e-01  -2.0118565e+00   1.8252872e+00   1.3278357e-01   7.7982315e-01
   1.0000000e+00   8.4206594e-01  -1.7326229e+00  -9.1952497e-01  -2.0637750e+00   5.8460451e-01  -9.6479863e-01  -4.3271717e-01  -1.6530239e+00   6.2927677e-01  -8.4519998e-02  -1.6154521e+00   1.3012756e+00   3.8232902e-01  -7.8452945e-01  -1.0182323e+00   4.3696234e-01   5.5815460e-01   5.5369718e-01
   2.0000000e+00   1.0863458e+00  -7.6720262e-01  -9.4427491e-02   3.2225022e-01  -6.3687307e-02   2.3688446e+00   1.2510958e-01  -4.9473406e-01   1.0426306e+00  -2.2267416e-01   4.1731665e-01   1.1372731e+00   1.2322129e+00   1.7142887e+00  -7.5080001e-01   1.1266006e+00  -4.1403434e-01  -1.9254108e+00
   2.0000000e+00  -2.3283205e-01   2.2257298e+00  -1.2629947e+00  -4.8095412e-01   1.1133071e-01   2.6579223e-01  -7.8040543e-01  -6.3860419e-01  -8.0209337e-03   1.2619562e+00  -1.7569065e-01   1.7405010e+00  -8.4947146e-01  -8.9401948e-01  -1.8731680e+00   5.3938244e-01   1.2554766e+00   6.0808990e-01
   2.0000000e+00  -1.7342562e-01   2.3122548e+00  -1.4104070e-01   8.4150502e-01  -6.4325484e-01   3.7485752e-01   7.6702747e-01  -1.0954959e+00  -1.1790507e+00   1.4261688e+00   1.5448695e+00  -4.3431472e-01   8.4484508e-01  -1.3319626e-01   3.9673455e-01   2.0911833e-01   5.7351589e-01   3.2595954e-01
   2.0000000e+00   1.1705781e+00  -1.2864715e+00  -1.6562886e+00   5.3994589e-01  -5.6067887e-01   4.9831429e-01  -2.6367699e-01   1.1757801e+00  -4.5858973e-01  -7.4289989e-01  -4.9466247e-01  -1.0122499e-02  -7.7858791e-01  -1.9561301e+00   5.2775583e-02   1.2796107e+00   1.6471892e+00  -1.1988149e-02
   1.0000000e+00  -1.1164690e+00  -1.1561671e+00   1.4988156e+00  -6.9094948e-02   8.6830893e-01  -2.6194655e-01   1.0399916e+00   1.6512983e-01  -1.0427880e+00   3.8595075e-01  -1.6643829e+00  -1.0843515e+00   5.3991984e-01   4.4335896e-01   1.0112764e+00  -2.7283220e-01  -2.5964211e-01   2.6858224e-01
   1.0000000e+00  -1.3959396e+00  -1.1500730e+00   1.1523278e+00   9.3899251e-01   1.2788442e-01  -8.7593974e-01  -9.1141557e-01  -7.3071251e-01   6.5928125e-01  -3.6014804e-01  -5.5918154e-01  -5.9127866e-01   2.2544852e+00  -9.2403006e-01   9.5018728e-01  -1.1342854e-01  -8.4417597e-01  -5.9947609e-01
   1.0000000e+00  -7.8882000e-01  -1.1122044e+00  -8.7232356e-02   1.0474715e+00   3.8567780e-02  -7.9743123e-02   5.2929336e-01  -4.6361528e-01  -5.2068649e-01  -6.7854575e-01   1.6194649e-01   5.3654810e-01  -1.4733320e-01  -1.7346957e+00   1.0959461e-03   1.4279472e-01  -7.5313746e-01  -5.0157636e-01
   2.0000000e+00  -4.5233953e-01  -4.5020644e-01   7.8453250e-01   1.3470019e+00  -9.0584964e-01  -4.9623655e-01  -5.4365014e-01   9.8814936e-02   8.1244607e-02  -2.7678847e+00   1.4825216e+00   2.0828605e-01  -4.0937261e-01  -6.7416089e-01   1.8060345e+00   9.9612913e-01   2.5010477e+00  -1.2175515e-01
   2.0000000e+00   3.6567504e-01  -4.9690367e-01   1.5150337e-02   1.3811581e+00  -1.3060948e+00  -9.4507509e-01  -6.6693771e-01   3.5622720e-02  -8.3021581e-01  -2.0297938e+00   4.4097309e-01   1.2629734e+00   7.2619133e-01  -4.6502574e-01  -1.8471686e+00   1.9739296e-01   1.6261043e-01  -5.9007262e-01
   2.0000000e+00   2.6327532e-01  -7.4845863e-01  -6.7425503e-01  -9.1699048e-02   3.2353200e-03  -1.1215964e+00  -1.5884818e+00   3.5239924e-01  -6.5064432e-01  -7.5060195e-01  -7.1730990e-01   7.6761525e-01   1.0816124e+00  -1.1593352e+00  -9.0041254e-01   6.5317004e-01  -2.0044115e+00  -5.4354669e-01
   2.0000000e+00   5.2869157e-01  -1.8958489e-01  -9.4314845e-01   1.8667628e+00  -1.6894549e-01  -9.4155763e-01   2.2466151e-01  -1.1711138e-02   1.3148411e+00  -7.9118379e-02   5.4015640e-01  -8.4131652e-01   9.5211437e-01  -9.8134039e-01  -2.9965701e-01   2.2077038e+00   2.1302660e+00  -1.1386371e+00
   2.0000000e+00   1.3227516e+00  -8.1292537e-01   5.8397585e-02  -1.0833201e-01  -5.3229319e-02  -3.9025630e-01  -3.2028876e-01   1.3849105e+00  -1.6022543e-01   9.2709275e-01   1.1647600e-01  -5.9744015e-01   4.1537351e-01  -7.3172927e-01   2.1849166e+00   3.4780168e-01   5.0072912e-02   1.4535219e+00
   1.0000000e+00  -8.2337428e-01  -3.8030170e-01  -5.8552196e-01  -7.4736226e-01   3.9817159e-01   3.6526616e-01   1.3158954e+00  -2.1895027e-01   1.3052560e+00   9.6347801e-01   2.5740041e-02   1.3456091e-01   1.3008737e+00   9.6971376e-01  -6.5797895e-02  -2.3449938e+00  -3.2283936e-01  -8.5665799e-01
   1.0000000e+00   7.6626080e-01  -8.1585940e-01   1.5001662e+00  -1.3235075e+00   9.4857572e-01  -3.7095988e-01  -1.8222687e+00  -1.5411681e+00  -8.2576732e-01  -4.3809372e-01   1.1576810e+00  -2.7766060e-01  -1.6282221e+00  -1.6479845e+00  -9.3602660e-01  -1.2656830e+00   1.1036610e-01  -1.3427112e+00
   2.0000000e+00  -1.5298872e+00   3.0436821e-01  -6.3182220e-01  -5.4500964e-01   1.1328850e+00   5.5549407e-02   1.0554521e+00  -2.9364195e-01  -1.5637924e+00   6.6025090e-01   1.6893450e+00   4.3464990e-01   7.7788634e-01  -4.6508225e-01  -4.6885238e-02  -9.3177105e-01  -1.3011547e+00  -3.3724586e-01
   2.0000000e+00   2.6197425e-01  -7.3053581e-01  -1.9430123e+00   1.0559788e+00   2.5304481e+00   3.1397386e-01  -3.2390728e-01  -1.1725411e+00   1.1743404e+00  -4.7531513e-02   5.9669252e-01   8.2913078e-01   3.5726801e-01  -4.2725766e-01  -1.1283896e+00   2.2810065e-01  -8.5322575e-01   1.1411808e+00
   2.0000000e+00   1.2399962e-01  -8.0072907e-02  -6.3137587e-01   2.4294810e-01  -1.8549103e-01  -2.0447573e+00   1.5181908e+00  -8.2473711e-01   1.4292277e-01  -2.1858749e+00  -3.1662704e-01  -5.8452261e-02  -5.8635032e-01  -5.0619893e-01  -2.1264292e+00  -2.8384839e-01  -7.9863882e-01  -7.5854037e-01
   2.0000000e+00  -1.3562795e+00   1.1483552e+00   1.8886229e+00   1.2514655e+00  -1.7814966e-01  -1.3003429e+00   4.1696154e-01  -8.0982092e-01   1.1276156e+00  -1.8807531e+00  -6.6022670e-01   1.5239755e-01  -5.2051058e-01  -2.8928616e+00  -3.6568851e+00  -5.4263496e-01   5.2763077e-01  -1.5730769e+00
   1.0000000e+00  -3.4628494e-01   1.0830239e-01  -6.5563550e-01  -1.1392770e+00   4.9662911e-01  -3.4360711e-01   1.1105178e-01   4.2098080e-01  -8.7529862e-01   3.0051477e+00   6.0429030e-01   1.2336475e+00   7.0015985e-01  -1.4665314e+00  -8.9571080e-02  -1.4000048e+00  -5.2256322e-01  -2.9437594e-01
   2.0000000e+00   1.3635233e-01  -2.6428693e-01   6.2458580e-01   1.1965369e-01   1.1714071e+00  -3.5110411e-01   2.0783137e-02   3.0238820e-01   8.1046013e-01   2.2234206e+00   9.9782385e-01   7.2642442e-02  -1.1214984e+00  -7.0886616e-01  -1.4816075e+00   5.4856970e-01   6.4831890e-01   4.8127940e-01
   2.0000000e+00   7.6303265e-01   7.8832633e-01  -6.2912471e-01   1.2412620e+00   1.1346676e+00   1.2339185e+00   2.8687011e-01   1.4861950e+00  -4.3827457e-01  -1.2343631e+00   6.4378515e-01  -2.1617427e+00  -3.9501429e-01   2.2795188e+00  -1.6646619e-01  -4.5715653e-01   7.7668494e-01  -1.2364943e+00
   2.0000000e+00   7.0359699e-02   3.9479823e-01  -7.8232959e-01   6.2690583e-01   9.3565663e-01  -1.1310977e+00   6.7640263e-01  -3.1563540e-01  -1.3746256e-01   5.2236325e-01   8.5009709e-02   1.2561085e+00   1.1155574e+00   5.8836273e-01   4.0543236e-01  -1.0580850e+00  -8.4804923e-01   4.5065870e-01
   1.0000000e+00  -1.6977134e-01  -1.1224032e+00   1.9490074e+00  -8.0423041e-02   3.9621191e-01   1.5415346e+00   6.4694480e-01  -7.9992659e-01  -6.1135829e-01   1.1764929e+00  -5.6480570e-01  -5.7281750e-01  -1.1441022e+00  -1.3325870e+00  -1.0020650e+00  -1.0532572e-01  -8.8544386e-01  -1.1620112e-01
   2.0000000e+00  -1.2139833e+00  -1.1793891e+00   2.9009277e-01  -5.4652449e-01  -8.6198649e-01   5.1654789e-01   1.2264117e+00  -1.1654787e+00  -4.2939529e-01   7.1310875e-01   5.5342321e-01   1.1929340e-01   3.2588810e-01   1.0599979e+00  -2.1418202e+00   1.9826278e+00  -5.9649563e-01  -6.1518165e-02
   2.0000000e+00  -1.6702890e-02   1.0909590e-01   1.4427112e-01   1.3611338e+00  -3.6358031e-01  -1.0705197e-01  -1.4266658e-02  -3.0261578e-02  -1.0802415e-01  -4.9931612e-01   3.2702926e-01   8.0558369e-01   1.3768439e+00  -1.0256822e+00  -1.5857727e-02  -8.8980362e-01   1.2158720e-01  -1.7841453e+00
   2.0000000e+00   9.9338119e-01   5.6058739e-01  -5.6762384e-01   5.9298946e-01   1.6644400e+00  -3.0947039e-01  -1.0615565e+00  -1.2630164e-01  -2.0671980e+00   5.7045927e-01  -2.8966469e-03  -7.9426744e-01   7.5701850e-01  -5.4604247e-01   2.5618688e-01  -2.4146386e-01  -5.6780317e-02  -1.6029961e+00
   2.0000000e+00  -4.9245540e-01   1.4326310e+00  -1.5308529e-02   1.0294728e+00   1.6855622e+00   6.6314074e-01  -1.2835932e-02   1.0465097e+00   6.6733070e-01   2.4337879e-01   7.0786973e-01   5.8343732e-01   8.2391568e-01   1.1837841e-01   2.5170203e+00   1.3874451e+00  -1.4907035e+00  -1.0659972e-01
   2.0000000e+00  -9.5358372e-02   1.3447940e+00  -4.0194488e-01   3.1925853e-01  -6.6724318e-01  -1.2180074e+00   2.6391379e-01   6.4728371e-01  -8.2825634e-01  -9.2097932e-01   1.0068115e+00   7.9635983e-01  -4.6284214e-01  -1.1111786e+00   2.7375765e-01  -2.4776566e-01   7.5905151e-01  -8.5162795e-01
   1.0000000e+00   6.5662364e-02   1.0929009e+00  -2.3380859e-01  -6.4168404e-01   2.9390041e-01   9.8108867e-01  -1.5535001e+00  -1.9379769e+00  -1.0444919e+00  -7.2503702e-01  -5.1717176e-01  -1.2595137e+00   6.1962806e-01   9.9828309e-01  -6.7643085e-01  -1.1075954e+00   2.7496899e-02   1.4454225e-01
   2.0000000e+00  -6.1587900e-02   4.1102514e-01   1.1351287e+00  -1.3557526e-01  -1.7108939e+00   3.3009342e-01  -5.9902698e-01   6.8847892e-01  -3.6109184e-01  -1.2411773e+00   5.0518066e-01  -9.4618187e-01   3.9504084e-01  -1.2904345e+00  -1.7867361e+00   3.4221418e-01   7.6877171e-02   9.1233720e-02
   1.0000000e+00   4.2184310e-01  -1.1546628e+00  -2.7684012e-01  -2.3633456e-01   5.3469764e-01   1.4674550e+00   4.2109202e-01   4.1163965e-01   5.0060641e-01  -4.1031206e-01  -6.0384359e-01   7.5801426e-02  -7.9103207e-01   1.4858423e+00   1.1052660e-01   9.4196805e-01  -2.6129529e-02  -2.6576876e-01
   2.0000000e+00  -1.2113164e+00  -1.0038052e+00   1.0201915e-01   4.8015570e-01   6.0195533e-01  -6.4005838e-01   8.5036034e-01   9.9159538e-01  -5.8885967e-01   7.0058822e-02  -2.9473006e-01   2.1951024e+00   7.4197363e-01   2.0101101e+00  -1.9285528e+00  -8.6394189e-01  -1.3225354e+00   4.3778679e-01
   1.0000000e+00   1.6630763e-01  -9.3404519e-01  -1.0637591e-01  -1.6321832e+00   9.6289822e-01   1.0046031e+00   4.1069088e-01   6.4725454e-01  -1.6655693e+00  -1.2862959e-01   4.3727810e-02  -1.7481342e-01   4.7911209e-01   3.4536631e-01   8.0720808e-01   1.1398205e-01  -2.0117181e-01   3.3347915e-01
   1.0000000e+00   9.1027667e-01  -1.3497392e+00   1.9898740e-01   8.8791379e-01   5.7305396e-01  -1.5684774e-01  -2.6242282e-01  -6.3500240e-01   1.3994609e+00   1.6053433e+00  -1.2777880e+00   1.4082521e+00  -1.5248927e+00  -7.2180745e-01  -1.8799564e-01  -4.0438120e-01   6.6567852e-01  -2.0839558e-01
   2.0000000e+00   5.2875524e-01  -6.2283339e-01   9.5556557e-02   1.6472367e+00  -1.0251655e+00   5.2492638e-01  -8.3494191e-01  -7.7862025e-01  -2.0507478e-01   1.3508888e-01   7.8667729e-01   4.5697694e-02   1.4590300e+00  -6.2712193e-01   8.6147206e-02   6.1045998e-01  -1.5545994e+00  -9.4592038e-01
   2.0000000e+00   9.7305641e-02   9.0051356e-01   1.2490768e-01  -1.1663985e+00   1.2075379e+00  -2.0862465e-02  -9.5072416e-02   5.3221337e-03   8.1042790e-01  -4.0364065e-01  -1.4919745e+00   5.1290614e-01  -8.1198856e-01   4.9758643e-01   1.3781013e+00   5.9461600e-01  -1.7176693e-01   7.4158472e-01
   2.0000000e+00  -1.5275991e-01  -1.2743279e+00   2.4458169e+00   1.2856531e+00   6.0929450e-01  -5.3149611e-01  -4.7374011e-01   3.0136818e+00   2.8500234e-01   7.9131041e-01  -8.0421236e-01   5.0149582e-01  -3.2192531e-01  -1.4411257e-01   7.2663364e-01  -3.4517535e-01   8.8926355e-01  -3.9081374e-02
   2.0000000e+00  -4.3451179e-01  -4.9850877e-01  -5.8280265e-01   9.5467371e-01  -7.3711071e-03   7.2679637e-01   1.2769627e-01   1.6026201e-01   1.5739545e+00   7.7756226e-01   7.0272961e-01   6.5049322e-01  -2.8987514e+00  -3.5565864e-01  -2.5951571e-01  -1.0279197e+00   1.1936219e-01  -1.0539599e+00
   2.0000000e+00  -1.0389215e+00   3.6563796e-01   2.5856405e-01   1.2315773e+00   1.7365710e+00   1.1805895e+00  -4.4112159e-01  -1.1757700e+00  -1.0842806e+00  -5.6078778e-01  -5.3195683e-01   1.0615662e+00  -5.8498491e-03   5.2453093e-02  -5.5372151e-01   5.1767004e-01  -9.5886607e-01  -6.0216037e-01
   1.0000000e+00  -7.6431777e-01   1.2996870e+00   8.8373779e-02  -1.7748876e-01   6.2170638e-01  -5.6291056e-02   1.4708312e+00   3.1682554e-01   4.3245482e-01  -8.8541373e-01   9.1999003e-01   6.7920246e-02   2.0964005e+00   9.3602119e-01  -1.5457828e+00   2.2038620e-01  -6.1145251e-01  -2.4562877e-01
   2.0000000e+00  -6.5452888e-01   4.1218019e-01   3.9944745e-01   3.5100981e-01  -1.5127231e+00   1.6923029e-01  -2.7256043e-01   2.6344842e-01  -1.2958227e+00   5.5235448e-01   1.3843498e+00  -9.2713382e-01  -1.7008509e+00  -2.2204127e-01   1.6418638e+00  -1.0094968e+00   7.6155398e-01   1.3036275e+00
   2.0000000e+00  -7.4520942e-01   1.8124758e+00  -4.7229764e-01   1.1597104e+00  -4.4969285e-01   9.0642886e-01   6.6510578e-01  -4.3522975e-01   6.8059908e-01   7.6443414e-01  -7.7899469e-01  -2.9271901e-01   3.5662234e-01  -3.6809965e+00   1.2632041e+00  -9.6878418e-02   3.0466290e-01  -3.1354081e-01
   2.0000000e+00  -9.9053750e-01   3.8200558e-01   1.6284231e+00   3.7716921e-01   1.1956910e+00  -3.1811094e+00   3.6707665e-01   9.9528437e-01   1.0312860e+00   1.0831127e+00   5.2174524e-01  -1.1224589e+00  -7.4449390e-02   6.5305032e-01   8.1184333e-01   3.8906115e-01  -1.4541683e+00  -6.2765376e-01
   2.0000000e+00  -5.3313929e-01   2.6587097e-01  -7.2972539e-01  -1.2762458e+00   8.0732445e-01  -1.9512105e+00  -3.4556698e-02  -6.5187140e-01  -1.9522658e+00   8.9838360e-01  -1.1636164e+00   2.7347678e-02   2.6246675e+00  -8.8686562e-01  -1.2684535e+00   7.5160023e-01   1.0652918e+00   8.4334317e-01
   1.0000000e+00  -2.1118921e+00  -6.2446069e-01   2.3907024e+00   1.1356123e+00   5.5025731e-01   9.6669745e-02  -3.4832693e-01   9.3562091e-01  -1.3267752e-01  -2.5487303e-01   9.4583941e-01   8.3738520e-01   6.2197498e-01   2.8564535e+00  -1.9525291e+00  -4.7653491e-01  -4.9595503e-02  -4.2286295e-01
   2.0000000e+00  -9.9468669e-01   6.8735418e-01  -5.3759424e-01   8.4659770e-02  -1.2001958e+00   1.1107854e-01  -8.1549698e-01   7.5556766e-01  -2.2348190e+00  -2.2353767e-01   1.5249794e+00   8.4206245e-02  -1.0976558e+00  -9.7198809e-01   7.6646068e-01  -1.5428010e+00   5.6668532e-01  -2.7053575e+00
   2.0000000e+00   7.8208100e-02  -2.9272863e-01   2.7511706e-01   3.5890108e-01  -3.9085013e-01  -1.6077585e-01  -6.5250707e-01  -8.3396655e-01   1.5691250e+00   2.1151853e-01   9.2964027e-01   7.5695885e-01  -1.4477488e+00   1.6018741e+00  -3.6879456e-02  -1.0692118e+00  -9.8561258e-02   2.9661875e-01
   2.0000000e+00   2.3498305e-01  -8.3697598e-01   9.1072421e-01   1.5720365e+00   5.0772297e-01   1.8578277e+00   3.4160667e-01   1.9598222e+00   1.1431953e+00  -1.1363749e+00   5.3926349e-01  -5.3329037e-02  -1.5563438e-01   9.0867024e-02   9.2326404e-01   6.0312144e-01  -9.4187315e-01   1.7379092e+00
   2.0000000e+00  -4.1690390e-02  -6.2091430e-01   1.2098657e-01  -1.1506661e+00  -9.2031627e-01   2.6683144e-01   1.5480543e-01   2.4726077e-01   5.2619722e-01   3.5330597e-01   1.8911083e+00   6.9245892e-01  -5.9401545e-01   1.1720205e+00  -1.1733938e+00  -3.0596907e-01  -1.6592275e-01  -3.2695509e-01
   2.0000000e+00  -1.3523838e+00  -1.1904134e+00  -9.1995477e-01   7.7122168e-01   1.3594061e+00  -8.5305649e-01   6.4360768e-01   5.2447776e-01  -3.2764727e-01  -5.2241434e-01   5.7528313e-01  -9.1519665e-01   8.8676522e-01  -2.9508075e-01   6.0730711e-01   2.7812118e-01   1.3309863e+00  -1.4958256e-01
   2.0000000e+00   1.0609414e+00   6.6920106e-02   1.1962235e+00   2.3456339e+00  -8.0128499e-01  -9.3459813e-01  -1.4014719e+00   2.0355874e-01  -3.3382384e-01   2.3321554e-01   3.5865447e-01  -1.2795084e+00  -1.9527944e+00   1.4026099e+00   1.3659685e-02  -1.9709792e+00   8.5641340e-01  -6.9902232e-03
   1.0000000e+00  -1.4893201e+00  -1.2875827e+00  -1.3839398e-01   1.2576116e+00   6.7728227e-01   9.6948139e-01   6.3614326e-01   6.5408788e-01  -1.3754618e+00   1.3791362e+00   5.7042848e-01   8.8854456e-01  -1.0882315e+00  -1.9631575e+00  -7.1020241e-01  -7.7590369e-01   3.4166955e-01   3.1378123e-01
   2.0000000e+00  -8.9975272e-01   1.4119063e-02   1.1213787e+00   7.2381055e-01   7.2053721e-01   5.6927182e-02   2.8659690e-01  -5.7380412e-01   5.0991666e-01  -3.6443704e-01  -5.9127537e-01  -1.0726182e+00   1.0017936e+00  -1.0430001e+00   9.2983208e-01   5.5678337e-01  -8.1877645e-01  -6.0391986e-01
   1.0000000e+00   1.4821155e+00  -8.8897763e-01   5.8656065e-01  -4.5120401e-01   1.0478122e-01  -3.3952031e-01  -1.1027114e+00   1.2862829e+00   1.0631584e+00  -1.6279419e-01  -2.8444027e-01   1.2820004e+00   1.2414749e+00   2.0528112e+00  -7.4758911e-01  -1.0889713e+00  -1.2661975e-01   2.5825552e-01
   2.0000000e+00  -3.3555630e-01  -6.9490439e-01  -3.4819311e-02  -4.0974650e-01   1.3438730e+00   2.0779477e-01  -3.9981020e-01  -1.0037899e+00  -2.3138930e-01   2.3698073e-01   2.7875212e-01  -3.8024459e-02   6.7068194e-01  -1.3804789e+00   5.6295383e-01   8.1713693e-01  -1.3295232e-01  -7.5583019e-01
   2.0000000e+00  -2.3525698e+00  -2.1470611e+00   1.5711942e+00   1.6050018e+00   7.8028087e-01  -3.8390175e-01   2.1607479e+00   2.9090683e-01  -5.5667651e-01  -8.0958534e-01  -2.0843273e-01  -3.7495014e-02   1.4678130e-01   1.3468679e-01  -1.1840094e+00  -7.3840402e-01   1.0011400e+00   7.2310665e-01
   2.0000000e+00  -1.2416948e+00   1.2034923e-01   3.5449114e-01  -1.2021460e+00  -8.3143513e-01  -4.4344893e-02   3.4231023e-02  -1.2296459e-01   1.0508106e+00  -7.1482508e-01   2.0432173e+00   5.4226896e-01  -2.6535655e-01  -8.3907864e-01   1.8967204e-01  -2.3764125e-01   1.1111619e+00  -4.3194949e-01
   1.0000000e+00  -4.8304731e-01  -1.8275089e+00  -9.8301308e-01   9.2723372e-01   7.5740680e-01  -2.1963911e-01  -6.4835318e-01   8.7598688e-02   2.7099696e-01  -1.0217737e+00  -4.8752095e-01   6.9356966e-01  -4.9470713e-01  -4.4839244e-01  -1.1041344e+00   4.0143982e-01   5.1978402e-01   2.4604295e-01
   2.0000000e+00  -3.5463873e-01   1.6670636e-01   5.0891136e-01  -1.1353754e+00  -7.7175239e-02  -4.8406981e-01  -6.7988742e-01  -1.9391674e-02  -1.0456557e+00  -7.1992176e-01  -1.2718505e+00  -9.0855686e-01  -7.6360582e-01   4.3510525e-01   1.0373429e+00   7.5271394e-01   1.0674082e+00  -1.2724869e+00
   1.0000000e+00  -1.4454856e-01  -2.1298741e+00  -1.3694250e+00  -7.2051880e-01   6.4321639e-01   1.0986227e+00  -6.5575178e-01  -1.2590963e+00  -1.0712549e+00  -2.5087885e-01   3.1948634e-01   5.7940249e-01  -1.6189455e-01   2.3793142e+00   1.0199469e+00  -1.7648195e+00   2.2054730e-01   1.2473307e+00
   2.0000000e+00  -3.9362184e-01  -7.9832765e-01   9.4563660e-01   2.3162806e-01   1.1851004e+00  -7.0950773e-01  -1.0721766e+00  -6.6792135e-01  -6.2509048e-01  -6.5057101e-01  -1.2026665e+00  -6.2391925e-01   2.5694901e+00   8.8652521e-01   7.4149462e-01   1.1923030e+00  -8.4840733e-01   7.2852476e-02
   2.0000000e+00   4.8042908e-01  -2.3458610e-01   7.3005356e-01  -9.2274063e-01  -1.6721354e+00   1.0180807e+00  -5.8559423e-01  -2.4680593e-01  -2.0180282e+00  -1.2344462e+00  -4.7530516e-01   2.9972755e-01  -2.8651338e-01   6.1318742e-01   5.8417830e-01  -6.5853037e-01   7.9233351e-01  -1.1019617e+00
   2.0000000e+00   7.6983985e-01  -1.2025136e+00   3.0502375e-01  -2.0638534e-01   8.6605034e-01  -8.8349758e-01  -7.5751231e-01   7.8152885e-01  -1.6430534e+00  -1.3903707e+00  -1.5048432e+00  -6.9521746e-01   2.9718777e-01   2.2657325e-01   1.3297689e+00   8.0913554e-01   5.7893042e-01  -1.5268924e+00
   2.0000000e+00  -7.6241193e-01   3.3183780e-01  -1.3116047e+00  -5.4739584e-01  -8.9335014e-01   5.2774306e-01  -3.1519743e-01  -6.7729541e-02  -5.0965449e-01  -2.5720064e-01   5.2459853e-01   4.4374740e-01  -2.2491898e-01  -1.0324788e-01  -8.8215595e-02  -1.5486772e+00   3.5595975e-01  -6.9241065e-01
   2.0000000e+00  -1.3073179e+00   4.3920938e-01   3.1822793e-01  -4.2879112e-01  -1.3720062e+00  -5.1270807e-01  -3.9422573e-01  -1.0574655e+00  -2.9168434e-01   4.5953923e-01  -5.9870635e-01  -4.7994157e-01  -1.7296180e-01  -7.8005175e-01  -1.3147984e+00  -1.4097048e+00  -1.0166790e+00   1.3997586e+00
   2.0000000e+00   2.4352867e-01   1.2115494e-01   3.4281286e-01   4.5792241e-01  -8.6118790e-01   1.0479996e+00  -1.1029146e+00   1.4778990e-01  -9.6993654e-01  -4.2944453e-01   8.0171832e-01   2.5961087e-01  -3.0791579e-02   2.1522532e+00   1.1012497e+00   1.2859571e+00  -2.0316062e-01  -1.3518060e-01
   2.0000000e+00   9.6809917e-01   9.8468164e-01  -3.2545744e-01  -5.5296486e-01   1.1148381e+00   6.4403006e-02  -4.0529144e-02  -4.3599501e-01  -2.1446291e+00   1.4767985e+00   9.5509385e-02  -1.3878221e+00  -4.1391553e-01  -3.2213265e-01  -4.1994690e-01  -4.4301416e-01   2.5634384e-01  -1.2497182e-01
   2.0000000e+00   8.0145579e-01  -1.9948855e+00  -5.6010213e-01   8.8315818e-01  -1.6743013e-01  -7.5349738e-01   1.3160754e+00  -4.4478111e-01  -7.4275615e-01  -1.0686198e+00   3.2432027e+00  -1.5282171e+00   1.2156771e+00   4.7401054e-01  -4.9739464e-01   6.0119109e-01  -5.3526415e-02   7.1904213e-01
   2.0000000e+00  -1.0183862e+00   6.5436966e-01  -5.6070077e-01  -3.4108438e-01  -3.0544411e-01   4.5150986e-01   4.8054462e-01   4.2931821e-01  -7.9186479e-02  -6.2314109e-01  -9.2286426e-01  -1.6245758e+00  -1.8665935e+00   1.2929786e+00   2.4474189e+00  -1.0645500e+00   3.7552752e-01   1.5269628e-01
   2.0000000e+00   1.2125562e+00   5.2049868e-01  -1.8167523e-01  -9.8105179e-02  -1.0053831e+00   5.0137619e-01  -7.6478074e-01   1.2032337e+00   1.2153310e+00  -1.0803387e+00  -1.5110114e-01   4.4640085e-01  -2.5529888e-01  -2.1150030e-01   2.4508642e-01  -2.4872407e-02  -1.0200635e-01   4.0291069e-01
   2.0000000e+00   1.4695961e+00  -9.2599654e-02  -1.6846130e+00  -1.3511771e+00  -7.6263428e-01   1.7726753e+00  -6.7806639e-01   6.2816853e-01   8.0763432e-01   7.6716482e-01  -5.0336083e-01  -2.1719118e+00  -1.5450707e-02   1.3768377e+00   2.8725592e+00   2.4360391e-01  -2.7336440e-01   1.0902007e-01
   2.0000000e+00   5.8470956e-01   9.3042810e-01  -8.8291656e-01   2.4456103e-01  -9.3079854e-01   9.0234263e-01  -7.3767041e-01  -4.1070152e-01   2.6914876e-01  -1.7196358e-01  -7.3014573e-02   2.6543242e-01  -4.8140441e-02   8.3827298e-01  -1.0138448e+00   5.6290197e-01  -1.0331790e-01   3.4343082e-01
   1.0000000e+00  -1.5803660e+00  -2.4726335e-01  -3.6916633e-01   1.0397526e+00   4.8090756e-01   8.3456954e-01  -1.2479487e+00   1.0511645e+00   1.3463295e+00   8.8249783e-01   1.7847066e-02   2.0936109e-01  -5.7948492e-01  -1.8180937e+00  -1.1935082e+00   9.4381387e-01  -3.0117438e-01   1.7667657e+00
   2.0000000e+00  -8.5071527e-01   1.6805322e+00  -8.5176581e-01   1.4754039e+00   1.0220720e+00  -1.5806427e+00  -1.3552024e-01  -5.6858618e-01   2.2718055e-01  -8.5855684e-01  -9.6770823e-02  -2.4322135e-01  -1.0455161e+00   1.8254531e-01   9.9493752e-01  -1.4736858e+00   1.0454319e+00   1.5439171e+00
   2.0000000e+00   5.0236906e-01  -1.3962482e+00  -5.9378412e-02  -1.4563574e-01  -2.1963205e-01   3.9600607e-01   9.1734851e-01   5.8830692e-01   5.0773415e-01  -1.5805692e+00   1.0567357e+00   2.0416189e-01  -1.5873357e+00   3.8705442e-01  -5.9292505e-01   1.2185050e+00   2.3847651e+00  -6.3276321e-01
   2.0000000e+00   2.5076578e-01  -7.4634904e-01   6.9257298e-03   1.6505315e+00   7.3794408e-01   1.4516286e+00  -5.1556341e-01  -7.3548404e-02  -3.0516202e-01   9.6874140e-01   3.3449619e-01   5.8635367e-01   1.4406615e+00  -2.2205225e-01   3.9331714e-01  -3.8048586e-01   1.1216864e+00   2.3837038e-01
   2.0000000e+00   3.3790542e-01  -1.8634278e+00  -1.7087619e+00   1.2702505e+00   4.1339511e-02   2.1757999e+00   8.0773827e-02   9.7633276e-01  -9.2541918e-01  -5.1171545e-01   6.7111812e-01  -3.4307916e-01  -1.4690694e+00   3.7773131e-01   4.5103332e-01   3.5538963e-01  -2.3269166e+00  -3.9514743e-01
   2.0000000e+00  -2.9911296e-01   2.2314000e-01  -8.9953433e-01  -2.7186973e-01  -7.7844279e-01   1.8190977e+00  -5.7467451e-01  -3.9558321e-01   5.9518091e-01  -3.4470328e-01   9.3968523e-01   6.2002014e-02  -2.7203963e-01   3.2309662e-01   8.3203179e-01  -7.2588441e-01   1.1127684e+00   6.0471915e-01
   2.0000000e+00   1.2347210e+00   7.3013548e-02  -7.1602745e-01  -5.7835021e-01   4.6722515e-01   1.8768825e-02   1.0121898e+00  -1.3420955e+00  -6.2042727e-01  -5.6386504e-01  -1.1680029e+00   6.0661977e-01   8.4647626e-02   2.3846936e-01   4.2372619e-01  -2.1996117e-01  -1.7582281e+00  -4.3459678e-01
   2.0000000e+00   1.2083413e-01  -1.5686615e+00  -1.1130708e+00   3.5608835e-01   1.2289947e+00   9.0004081e-01  -2.3145793e-01  -1.2969352e+00   1.6013947e+00   6.7736439e-01  -5.8919671e-01  -1.2107897e+00  -1.8594166e-01  -2.3152997e+00   2.0780925e+00   6.3786548e-02  -3.0488680e-01   1.5950082e+00
   2.0000000e+00   1.3987921e+00  -1.4468708e+00  -8.4949328e-01   2.3948508e-01   3.3557165e+00  -1.2245899e+00  -2.5412304e+00  -2.6808165e-01  -9.4490534e-01  -6.4113911e-01   2.3630543e-01   1.0167233e+00   3.9620243e-01  -4.8402644e-01   1.2888389e-01  -8.5494838e-01  -6.0261688e-01  -1.4158142e+00
   2.0000000e+00   4.8252468e-01   7.8395476e-02  -7.2703396e-01  -3.4141366e-01  -1.1512447e+00  -9.9848028e-01  -5.3576000e-01  -3.5987720e-01   1.6901945e+00   9.9230453e-01  -1.1347549e+00  -2.5307450e-01   2.6595891e-01  -6.1601409e-01   5.5439663e-01   4.8707136e-01  -7.3763275e-01  -1.8601426e+00
   1.0000000e+00  -1.0541179e+00  -1.4926902e-02   2.5464548e-01  -4.8137900e-01   5.1217401e-01  -4.0002312e-01  -2.0692117e+00   1.1697037e-01   3.5301469e-01  -7.8932042e-01   3.5205439e-02   1.9841409e-02   2.0078400e-01  -2.1072717e-01   3.1201578e-01  -3.3950792e+00  -7.6255439e-01   1.0742709e+00
   2.0000000e+00   1.8196335e+00  -5.8796285e-01   4.4047156e-01  -1.0984672e+00  -1.9224844e+00   7.8596141e-02   2.5491412e-01   2.0576761e+00  -1.0577808e+00  -2.6038662e+00   9.6486447e-01   5.4004266e-01  -8.0734123e-01   2.0593210e+00  -3.9431435e-01  -8.8112818e-01   5.5293286e-01   2.2826888e-01
   2.0000000e+00   7.5373086e-01   4.4351632e-01  -1.6933805e+00  -9.5643007e-01  -1.3296766e+00   4.3821991e-01   1.5232755e+00   5.7181457e-02  -5.0857806e-02  -7.2509229e-02  -6.0337838e-01  -3.0752323e-01  -8.6574956e-01   1.2807384e+00   3.6742339e-01  -9.6629597e-01  -1.7401010e-01   9.3187205e-02
   2.0000000e+00  -1.9032130e+00   3.5112092e-01   1.1178790e+00   1.1176645e+00   3.3199629e-01   1.8838899e+00   6.8750039e-01  -9.4579187e-01  -1.1261690e+00  -1.4860625e+00  -1.5830383e-01  -3.7884255e-01  -1.1968774e+00   2.5516909e+00  -2.6960870e-01   1.3308526e+00   1.2331778e+00  -2.1643837e-01
   1.0000000e+00  -2.9010235e+00  -2.1531037e+00  -6.3591551e-01   3.6797804e-01   6.7033242e-01   8.8349732e-01   1.1651976e+00   1.6792249e-01  -1.3196180e+00  -6.2318628e-02   8.3905142e-01   2.5765533e-01   8.7365832e-01   1.6277329e+00   9.4745585e-01   1.6917678e-01  -4.2032569e-01  -1.0451833e+00
   2.0000000e+00   1.5946969e+00   3.9806664e-01   3.6626995e-01  -1.0919305e+00   1.6576272e+00   2.4037468e-01  -6.6320180e-01  -6.1120991e-01   8.0896460e-01   3.6562955e-01  -7.1151795e-01  -1.0567932e+00  -9.3267947e-01   1.5091830e+00   2.7823890e-01  -1.1372165e+00  -4.4261012e-01   1.5055719e+00
   2.0000000e+00  -2.9543142e-01   9.0908135e-01  -1.3570050e+00   1.0293177e+00  -2.7421703e-01   2.4846249e+00   9.6704325e-01  -1.7857890e-01  -6.4244105e-01   8.4569375e-01  -6.7777434e-02   9.3648456e-01  -6.6928914e-02  -4.1317413e-01   1.7013173e+00  -8.2390968e-01   1.7957886e+00  -1.4138959e-01
   1.0000000e+00  -4.1053347e-02  -5.5437967e-02   6.5698436e-01   1.1855663e+00   3.0651531e-01  -5.4088054e-01  -3.5642390e-01  -3.5152631e-01  -2.0312276e-01   2.4071682e+00  -5.2105052e-01  -4.8880331e-01   1.5200541e+00   1.6508219e-01   7.9833320e-01  -6.2534370e-02  -7.3227506e-01  -2.5056121e-01
   1.0000000e+00   6.1978948e-01   1.1512548e+00  -1.6492961e-02  -6.5207982e-02   1.6075685e-01  -1.9858497e+00   9.6902955e-01  -6.2326675e-02  -4.8455754e-01   1.4414704e+00   3.0191412e-01  -2.5409559e+00   9.1342028e-01   6.5093606e-01   4.5523653e-01  -2.2073632e+00  -5.3547089e-01  -2.3128183e-01
   1.0000000e+00  -8.2968765e-02  -2.2657622e+00   2.5737416e+00  -2.9681750e-01   3.9275693e-01   5.9186658e-01  -1.6338821e+00  -5.9197467e-01   2.7139332e-01   2.7723026e-01  -9.4431471e-01   2.7460773e-01  -7.2688228e-01  -1.7654150e+00   3.3975319e-01   2.2902851e-01   2.4562181e-01   3.7272591e-01
   2.0000000e+00   1.5413191e+00  -1.2057554e+00   1.7644340e+00  -1.5629575e+00   1.7418308e+00  -1.2860697e+00   1.4953191e-01   3.3518495e-01   1.4615045e+00  -6.0328623e-01  -5.5538559e-02  -6.5382350e-01   5.8154167e-01   9.5107183e-02   8.3517477e-01  -1.1141682e+00  -8.4591138e-02   5.8238659e-01
   2.0000000e+00  -1.8794472e+00   3.0704394e+00  -1.4081053e+00   8.4076768e-01   1.0824143e+00  -4.1724448e-01  -6.7314131e-01  -6.9034330e-01   1.4259352e-01   1.1810400e+00   2.9864902e-01  -2.3750666e+00   1.3184526e+00   9.6641283e-01   9.5879505e-01   1.0357872e+00  -6.3927335e-01   1.3396334e+00
   2.0000000e+00  -1.9259038e+00  -2.9071674e+00  -3.7465418e-02   1.0416271e+00   5.6676827e-01  -8.5284776e-01  -3.8670020e-01   4.0863330e-01  -2.4869413e+00   6.6756348e-01  -1.0661195e+00  -4.4202358e-01  -7.7544751e-01  -8.7519129e-01  -2.7095944e+00  -2.7459899e-02   1.3759853e+00   1.0156157e+00
   2.0000000e+00   7.0607756e-01   3.2604732e-01  -8.1671413e-01  -8.3907185e-01  -4.0613609e-01   1.3801841e+00  -2.0330688e+00  -4.5696973e-01  -6.5759509e-01  -9.3092435e-02   8.2655676e-03  -1.1610417e+00   5.5250733e-01   8.8417805e-02   6.8399980e-01   3.3312395e-02   6.1758273e-01  -2.5263691e-02
   2.0000000e+00   6.4840803e-01  -1.4365012e+00   1.5031288e+00  -1.5969986e-01   8.7495390e-01  -1.4789837e+00   2.4143794e+00  -2.8964039e-01   1.9296058e+00   4.7105701e-01  -6.0004616e-01  -4.7099926e-01   1.2242190e+00  -1.3949394e+00   6.1926168e-01   1.3184326e+00   5.5401470e-01   2.7538961e-01
   2.0000000e+00  -1.0658362e+00   2.1303444e-01  -3.9253631e-01   1.3314756e-01   9.8899358e-01  -5.0644553e-02   3.4950273e-01   4.0378862e-01   1.7413538e+00  -1.8607780e-02   6.9680995e-01   1.7862471e+00   5.7672648e-01   5.7311787e-02   4.8605804e-01  -1.4729477e+00   7.5629194e-01   9.0482512e-01
   2.0000000e+00  -2.8340718e-01   3.2641811e-01  -1.2108932e+00   1.1619767e+00  -9.1123815e-01   3.9753830e-01   4.9019185e-02  -1.7544522e-01  -1.4302395e+00   4.9818217e-01   7.2283382e-01   6.3012235e-01  -1.2541566e+00  -1.5181591e+00  -2.0546461e+00   1.1854851e+00  -6.9372856e-02  -5.5456419e-01
   2.0000000e+00  -7.7854488e-01   1.3144451e+00   1.1941076e+00   3.0189967e-03  -8.8873584e-01  -6.7782510e-01  -1.8496824e+00  -4.5930289e-01   1.8332623e+00   2.4972718e-01   1.3415924e+00   2.1097134e+00   1.5491588e+00   2.9076328e-01   8.1022557e-01  -1.6149200e+00   1.2016604e+00  -1.6926390e+00
   2.0000000e+00  -1.0076131e+00  -6.4862041e-02  -7.0413905e-02   4.8911054e-01   1.7615250e+00   9.0995620e-01  -5.9591718e-01   1.0382464e+00   1.2431642e+00   1.6548249e+00  -7.5949438e-01   7.7862604e-01   2.7379299e+00  -7.0714948e-01  -6.2058103e-02  -6.7493380e-01  -3.2623922e-01  -5.2958602e-02
   2.0000000e+00  -6.6775471e-01   1.7639137e+00   8.2457826e-01  -3.8975370e-01  -6.0669892e-01   1.4404196e+00  -1.3046162e+00  -2.2406720e-01  -6.9796666e-01  -3.5742286e-01   3.4303667e-01  -1.2066842e+00   3.1444141e-01   1.3658724e+00  -3.8892535e-01   6.6502506e-01   5.4771182e-01  -1.0540206e+00
   2.0000000e+00   4.4389744e-01   4.4741298e-01   1.8832387e-01   1.3517146e+00  -7.3068183e-01  -2.1150328e-01  -1.1050155e+00  -2.3258549e+00  -2.0222395e+00  -7.1185960e-01  -1.1290478e-01  -3.0772380e-01   1.3442832e+00  -6.5499481e-01  -4.6057532e-01   1.7359534e+00   7.1012509e-01  -1.5797688e+00
   2.0000000e+00   7.8366612e-01   1.6342831e-01  -1.3866429e+00   3.1629910e-02  -8.9624265e-02   2.2020449e-01   1.0678091e+00   1.1291374e+00   1.1172252e+00   1.4988347e+00   2.2952271e-01  -1.9711205e+00  -4.6350365e-01  -1.0350516e+00  -7.4058830e-01   8.5567896e-01   1.8280965e-01  -1.2257855e+00
   2.0000000e+00  -7.5864426e-01   1.9401792e-01   2.5304035e-01   3.7093149e-01  -7.0680983e-01  -1.7304626e-01   8.4832030e-02  -1.1058021e+00  -1.8541942e+00  -1.5804548e+00  -1.0511579e+00  -2.4144376e-01  -6.7758024e-01   2.6823374e+00   6.1893576e-01  -6.4934588e-01  -1.2667198e-01   5.9771744e-01
   2.0000000e+00   2.2660090e-01  -6.5258546e-01  -1.2694784e+00   7.4848844e-01  -1.8443097e+00  -2.1946980e-01   4.8965353e-01  -4.2275315e-02  -3.4958203e-01  -1.8534241e+00   2.9836425e-01   3.3215214e-01   1.2687992e+00  -1.0160519e+00  -8.5042264e-01   1.0737643e+00   1.4628460e-01  -9.8307339e-01
   2.0000000e+00  -4.4106955e-01  -9.0653610e-01  -1.8340512e-01  -2.5052656e-01   1.4802245e+00  -2.8288376e+00  -4.1090193e-01   7.2947883e-02  -3.2561406e-01  -9.9385025e-01  -1.1137709e+00   8.3021782e-01  -8.7482519e-01   1.3971657e+00   1.6295934e-01  -1.9125881e+00   9.9588619e-01  -1.5020603e+00
   2.0000000e+00   2.6572743e-01  -2.3242874e+00   9.8512937e-01   8.1794571e-01   9.0585003e-01   6.5536468e-01   9.5454694e-01  -8.5031297e-01  -1.9640151e+00  -1.1164743e-01   1.2450099e+00  -1.3657711e-01  -1.1680693e+00   5.5027815e-01  -1.4129986e+00   1.1637378e+00   7.2464454e-01  -1.0381044e+00
   1.0000000e+00   3.3014914e-01   1.0351905e+00  -1.6202824e+00   9.2282847e-01   2.0494645e-01   1.1507026e+00  -3.4532677e-01   6.7683032e-01  -1.2909541e+00   1.7203839e-02   3.9003886e-01  -6.1836065e-01   3.2402662e-01  -2.2127602e-01   1.5284224e-01   7.7361359e-01  -3.8900147e-01   6.1804135e-01
   2.0000000e+00  -1.3529759e+00  -1.4337360e-02   1.2671107e+00   2.3071830e+00   1.3247926e+00  -3.3554160e-01   4.3659107e-02   1.3347303e+00  -2.2763298e+00  -5.9731942e-01  -6.5300349e-01   4.9719664e-01  -1.0957866e+00   4.7360642e-02   2.0309394e+00  -4.2424507e-01   2.0590301e-01  -1.2074881e+00
   2.0000000e+00   1.2773087e+00  -1.3936974e-01   6.2023570e-01  -1.2184441e+00  -1.5918956e-01  -2.2218279e+00   1.1136070e+00  -8.2552735e-01   1.0110277e+00  -3.3542626e-01   9.9016790e-01  -3.6572097e-01  -1.1057732e+00  -1.8894208e-01   1.1567814e+00   6.9372129e-01   1.8310528e-01   1.3929614e+00
   1.0000000e+00   3.9474398e-01   1.1579280e-01  -4.4148293e-01  -4.7079027e-01   4.9761857e-01  -1.5711686e+00  -1.1773676e+00   1.1975498e+00  -2.2145186e+00   4.5828451e-01  -2.0847049e+00  -2.0115301e+00   5.1189525e-01   1.9183548e+00   4.5217990e-01  -2.3888984e-02   3.6696924e-02   1.4827261e+00
   2.0000000e+00   5.7432247e-01  -1.1635807e+00   1.6838407e+00  -4.7881287e-01  -1.8830281e+00   1.4972865e+00   3.8644281e-01  -7.2800263e-01  -6.1018659e-01  -1.3833208e+00   5.5498392e-01   1.8191893e+00  -1.3879688e+00  -9.6195735e-01   9.3034307e-01   7.3586231e-01  -1.3914156e+00   7.6427715e-01
   2.0000000e+00  -9.3929740e-01  -5.4058309e-01   9.3723112e-01  -1.2186900e-01  -1.8871275e+00  -1.7760671e+00  -8.4109948e-01   2.1570578e-01  -4.7874250e-01   7.2877094e-01  -1.6220842e+00  -1.8753563e+00   9.0669507e-01  -3.1142502e-02   1.1245375e-01   3.9688485e-01   4.3917504e-01  -1.5691810e+00
   2.0000000e+00  -1.4726107e+00   1.0172650e+00   1.7034584e-01   5.1442497e-02  -8.7136885e-01   2.0454970e+00  -1.5904513e+00   6.5859258e-01   1.8299101e+00  -5.6125174e-01   3.6944351e-01   2.6049243e-01  -2.4092979e-01   8.9480742e-01  -2.4444010e-01  -4.0333713e-01  -1.3263651e+00   2.0561963e+00
   2.0000000e+00  -1.6963200e+00   2.3292654e-01  -1.2251130e+00  -2.6793872e+00  -1.9233203e-01  -1.5546404e+00   1.3732775e+00   2.3754014e-01  -1.0985537e+00  -1.5156093e-01  -5.8663174e-01  -2.8988098e-01  -3.0536688e-01  -1.9059314e+00   1.3521963e+00   4.3655403e-01  -1.3007784e+00  -5.9883681e-01
   2.0000000e+00  -1.5351816e+00  -1.6903665e+00  -1.9459996e+00   5.6483006e-01   9.0691292e-01   4.6944365e-02   8.9021323e-02  -6.2136331e-02   1.1241371e+00   3.4646608e-02   9.2419496e-03   1.0112649e+00  -1.6280371e+00  -9.5139737e-01  -2.9395357e-01  -7.7847756e-01  -1.3198977e+00  -6.1757898e-01
   2.0000000e+00   1.2670441e-01  -2.8759102e+00   6.4734078e-01   1.2771879e+00   3.2570537e-02  -7.4049649e-01  -1.8599548e+00  -1.0365872e+00   9.1606189e-01  -1.7125952e+00   6.6579425e-01   2.5169582e-01  -2.8733418e-01  -4.2584435e-01  -1.4829976e-01   5.8768419e-01  -3.3313060e-01  -2.6739962e+00
   2.0000000e+00  -8.8713952e-01  -7.3425657e-02   1.2495403e+00  -1.7155344e+00  -8.0382307e-02  -3.5432085e-02   7.2229386e-01  -4.9427744e-02   7.0945857e-01  -9.1570291e-01   2.6309114e-01   1.6054624e+00  -5.8574526e-01   4.9283261e-01  -1.2438396e+00   2.7232757e-01  -4.4287520e-01  -6.6718596e-01
   2.0000000e+00  -3.1736166e-01   4.5670345e-01   2.2084527e+00  -4.2640817e-01  -2.6706720e+00   1.6829006e-01  -1.9090627e+00   3.1499948e-01  -5.8551106e-01   3.9827247e-01  -2.6001652e-01   1.3935137e+00  -3.3346106e-01  -4.9958601e-01   2.6132451e-01  -1.0917232e+00   9.1364024e-01  -8.3362187e-01
   2.0000000e+00  -2.3323431e+00   1.1829655e-01  -6.9379882e-01   9.1005053e-01  -1.6753661e-01  -1.2072914e+00  -7.2362858e-01   9.1806873e-01  -3.9543453e-01   1.2643256e+00   3.7185870e-01  -4.7676033e-01  -5.5770387e-01   1.8660583e+00  -9.7256080e-01   5.6701798e-01  -9.0000423e-01   1.0679688e-01
   2.0000000e+00  -7.6195929e-01   5.1061393e-01  -2.9252912e-01   1.7888998e-02  -1.3050451e+00  -1.7048104e-01  -4.2370449e-01   3.7813638e-01   1.1847886e+00  -1.1296297e+00  -1.1500140e+00  -9.0024771e-02   5.5939642e-01  -4.5679732e-01   2.3429444e+00  -8.2787295e-01  -7.8740395e-01   8.4114912e-01
   2.0000000e+00  -3.1226557e+00  -1.3630795e-01   2.3178602e+00   3.6284405e-01  -1.4085516e-01   8.2900354e-01   1.7090864e+00  -1.4084879e+00   9.5141996e-01   6.4556137e-01  -8.9448402e-01  -1.5115021e+00  -2.0220678e+00   4.4387400e-01  -4.8863132e-01  -5.6086214e-01   7.3409963e-01  -2.7223075e+00
   2.0000000e+00  -1.1080209e+00  -7.6579685e-01   6.8916958e-01  -6.0400337e-01  -6.6829727e-01   9.9363379e-01   1.3304682e+00   1.2417573e+00  -1.0993401e+00   4.6126447e-02  -2.6063208e+00  -1.0376864e+00   4.7882618e-01  -1.5112058e+00  -7.5860347e-01  -3.1864469e-01  -2.6438891e+00   6.9977203e-01
   2.0000000e+00   2.0799078e-01  -1.4049481e+00  -1.4499992e-02  -6.1739916e-01   2.3778553e+00  -1.9907695e+00   1.0492052e+00   9.0013141e-02   2.1628675e+00   1.1326524e+00  -9.0799029e-01  -8.4847220e-01   1.1732442e-01   9.4234496e-01   2.0853020e-01  -1.9141094e+00  -8.5684341e-01   1.5644297e+00
   2.0000000e+00   6.9305309e-01  -2.8217984e-01  -8.1163277e-01  -7.1167400e-01   2.4132456e-01   1.1312868e+00  -3.3527785e-01  -1.3765913e+00   1.3847670e-01  -1.6286852e-01   1.1645072e+00  -8.2906144e-01   3.3312763e-02  -6.4472190e-01  -2.9644164e+00  -2.8377623e-01   6.9603627e-01   2.6182862e+00
   2.0000000e+00   7.5000105e-01  -1.5485045e-01  -7.7757557e-01   3.0120854e-01   1.5225474e+00  -5.7759709e-01   1.2681693e-01  -5.2199678e-01  -7.1080634e-01   3.5798897e-01  -9.5703469e-02  -1.4406233e-01   9.4268456e-01   1.0453663e+00  -2.7598021e-01  -5.8754059e-01   1.2578098e+00  -4.3753416e-02
   1.0000000e+00   1.7589296e+00  -9.6220914e-01   1.2644191e+00   1.0384163e+00   6.1367736e-01   1.4693216e-01  -1.3410653e+00  -2.2163992e-01  -1.4506050e+00  -4.3361988e-01   6.0397252e-02   1.1184677e+00  -1.0811849e+00  -8.9909126e-01   4.8987517e-01   8.9274732e-01   4.8995417e-01  -1.3771017e-01
   2.0000000e+00  -1.4856484e-01   9.8908983e-01  -2.6696535e+00   5.4611367e-01  -4.2990335e-01   1.4732142e-01   6.2505130e-02  -1.5842557e+00  -6.6595381e-01   1.4639538e-01  -4.0375502e-01   1.8660751e-01   2.9674292e-01  -6.4692555e-01  -5.0691320e-01   5.1836782e-01   7.4587279e-01  -9.4991401e-02
   2.0000000e+00   1.2331011e+00   8.8382429e-01  -5.2810894e-01  -1.1869189e+00  -3.3276566e-02  -3.4865031e-01  -7.5654352e-01   1.5086225e-01   7.7894746e-01   7.6454017e-01  -9.5405653e-01   1.8741293e+00   8.6143910e-01   9.1116007e-01   8.2098299e-01   2.7041907e-01   2.7107343e+00  -1.5730017e+00
   2.0000000e+00  -1.1167082e+00  -3.2016307e-01  -6.1660402e-01  -4.6106760e-02  -1.4996347e-01   7.8543931e-01   1.5640780e-01   1.5025471e+00  -1.0563923e+00   1.5452569e+00   8.2735285e-01  -8.1254137e-01  -4.1412373e-01   2.3636249e-01  -6.0853923e-01  -1.2913145e-01   6.7415135e-02   1.8309086e+00
   2.0000000e+00   1.5010718e+00   2.0172794e-01  -2.5288023e-01   6.2555691e-01   1.8401492e+00   3.2251517e-01  -7.6106796e-01   1.3648785e+00   6.3346550e-01  -5.2199850e-01  -3.3992390e-01   1.4219434e+00   1.0815513e+00  -4.7965262e-01  -6.1124721e-01  -1.0766075e+00   1.4221756e-01   1.9006716e-02
   2.0000000e+00  -1.4785099e+00  -7.7161854e-02   7.9074320e-01  -8.0588045e-01   1.9125745e+00   1.5962081e+00  -2.2569034e-01  -8.3904898e-02   1.0033947e+00   1.5770035e+00  -1.9286131e+00   5.7421091e-01  -5.9069304e-02  -4.5708866e-01   4.9650195e-01  -1.1022375e+00  -6.3176680e-01   8.3095355e-01
   2.0000000e+00   7.9859827e-02   1.2547654e+00  -2.9219292e-01  -7.5099360e-01  -5.9393453e-01  -2.7151670e-01   5.1205522e-01   1.5584799e+00  -1.0206177e+00  -1.2428493e+00  -1.7487205e-01   1.0726477e+00  -7.3814097e-01   9.7648325e-01  -1.2762264e+00  -1.6702968e+00  -1.2824325e+00   1.1261352e+00
   2.0000000e+00   1.1462238e+00   5.8172197e-01  -3.6466392e-01  -1.2986217e+00   1.1981098e+00  -4.2927507e-02   7.9109977e-01   1.4199064e+00   1.7340942e-01   7.9410712e-01   1.6661095e+00   1.4660805e+00  -9.2001679e-01  -3.8437836e-01   2.1296912e-01  -2.7820214e-01  -1.9073124e+00  -4.9154033e-01
   1.0000000e+00   1.1539473e+00  -5.7457439e-01  -1.7340195e+00   4.8869847e-01   6.1081452e-01   3.7528119e-01   1.1218683e+00  -4.5925873e-01   1.7200965e+00  -2.5008923e+00  -2.5176462e+00   7.2944792e-01   1.1752510e+00  -5.5894915e-01   1.4158974e+00   3.4089229e-01   9.5141312e-02  -8.1155664e-01
   2.0000000e+00  -5.3594232e-01  -1.6387007e-01  -2.6703239e-01   1.7798484e-01   6.9705713e-01   3.8172078e-01   2.4159384e+00  -7.3644858e-01   1.1105889e+00  -1.8039603e+00  -1.5657429e+00  -2.0299846e+00  -2.9364328e-01  -1.2977531e+00   9.8065799e-01  -7.3699503e-01  -1.0765991e+00   1.1732995e+00
   2.0000000e+00  -1.6281173e-01  -1.1827102e+00   2.4869031e+00   8.1861332e-01  -1.0242726e+00   1.8159281e-01  -1.1861654e+00   5.3097822e-01   3.3029228e-01  -1.1162281e+00  -1.0154349e+00   2.1540944e+00   1.3409087e+00   2.1419231e+00  -2.3989511e-01  -5.8638503e-01  -4.4043945e-01   1.0300975e+00
   2.0000000e+00  -1.5144424e-01   1.1153292e+00  -3.3194546e-01   1.3911420e+00  -5.8577024e-01   9.9860444e-01   6.2644427e-01  -2.5399945e-01   5.3754229e-01  -8.5572872e-01  -1.9772948e+00   2.2586384e+00   1.1705523e+00   2.0979724e-01  -2.1528976e-01  -1.8887677e+00  -9.2626149e-01  -2.9683800e-01
   2.0000000e+00  -8.5112075e-02  -7.1583701e-01   1.3323453e+00   7.5679047e-01  -1.1235267e+00  -3.5438540e-01   9.8728451e-01   5.7380078e-01  -5.8019826e-01  -1.2880599e+00   1.0449056e-01   6.5274971e-02   1.8882959e+00   5.2117875e-01   5.7030545e-01  -2.6998787e-01   8.2890223e-01   1.2009038e+00
   2.0000000e+00  -4.0375614e-01  -4.3701268e-01  -5.2648323e-01   3.4160990e-01  -1.9580266e-01   1.4639511e+00  -1.1253882e+00   8.0057654e-02  -1.2564661e-01   6.5328694e-02  -7.8729567e-01   1.1340954e+00   9.7998767e-01   5.8508161e-02  -5.6462275e-01   4.3157586e-01  -1.7013832e+00  -1.0497210e-02
   2.0000000e+00   1.7662962e+00  -1.6516317e+00   1.3830831e+00  -1.2715398e+00   1.5026621e+00   2.5116129e-01   1.1690608e+00  -5.7240951e-01   1.5960206e+00  -1.5597502e+00   3.9324455e-01  -1.0196624e+00  -1.2869474e+00  -1.2489436e+00   8.2313253e-01   2.2015532e-01   8.7510763e-01  -2.2449971e-02
   2.0000000e+00  -1.9671991e+00  -6.9674939e-01  -2.1802920e-01   1.0673730e+00  -3.0271056e-02  -1.6596765e+00  -2.7675605e-01  -2.0359024e+00  -3.5423522e-01   6.1008199e-01   8.0134692e-01  -2.8172934e+00  -3.6827168e-01  -1.2192203e+00   2.4256457e-01   1.0170374e-01   2.2897886e+00  -5.1249415e-01
   2.0000000e+00   2.8984443e-01   4.6652846e-01   7.0734407e-01  -4.1431487e-02  -3.0114185e-01   8.1737192e-01   3.8808999e-01  -9.4691192e-01  -5.8015905e-01   8.7130693e-01   8.1176045e-01   2.6355887e+00   1.6680824e+00   9.0219049e-01   4.7844574e-02  -1.5978040e+00   4.4671168e-02   1.9150247e+00
   2.0000000e+00  -1.1776282e+00   1.0276251e+00   9.2748734e-01  -2.4822889e+00   1.4126143e-01  -3.8180424e-01   1.0435736e-01   1.0751393e-01   1.3910802e+00   1.9668609e+00   1.0223281e-02  -6.1142165e-01   4.4209837e-04  -8.3610893e-03   8.0962627e-01   2.0240676e-01  -1.2318920e+00   2.3909643e-01
   1.0000000e+00  -1.5942742e-02   8.2206572e-01   9.1952949e-01  -2.6542247e-01   8.5815567e-01   2.9212350e-01   1.1451802e+00   3.0583564e-01   9.4047130e-02   7.9124601e-01  -1.2667948e+00  -1.6531377e+00  -1.6697005e+00   9.9180676e-01   2.9886776e-01   1.1837478e+00   2.5743804e-01  -2.1454265e-01
   1.0000000e+00   1.5076263e-01  -1.6364209e+00   1.9440640e+00   9.5978681e-01   2.9027161e-01   4.5611635e-01  -9.1618767e-01  -1.6130843e-01   8.5900914e-01  -7.2262195e-02  -7.2121220e-01   9.3080469e-01  -4.6055516e-01  -7.6952918e-02  -1.9771574e+00  -8.6950159e-01  -6.2875729e-01   3.1089000e-01
   2.0000000e+00   2.8556819e-01  -2.0989831e-01  -6.4619130e-01  -2.7921152e-01  -7.0734382e-01  -1.7041161e+00  -2.7265078e-01  -5.8256766e-02  -4.3326361e-01  -1.9185189e-01  -2.9880366e-01  -1.7789690e+00   6.9703107e-01   2.4500744e+00   1.4447526e+00   5.5297042e-01  -7.9312538e-01   9.8100904e-01
   2.0000000e+00   5.3780260e-01   2.3596366e+00  -1.6440256e+00   3.4251254e-01   1.1756046e+00  -2.5022827e-01   4.2735830e-02  -5.4996902e-01  -3.2372874e-01  -3.3248723e-01  -9.8955446e-01  -5.0315471e-01   6.4778506e-01   5.4963936e-01   6.0538643e-01   2.1966446e+00   2.2385659e+00   3.2081401e-01
   1.0000000e+00  -1.1040805e+00   4.0274925e-01  -2.3223931e+00  -1.3409507e+00   6.6385882e-01  -9.0073471e-01   1.0336786e-01   9.6881255e-01  -4.9196906e-02  -1.5548459e+00  -3.6370051e-01  -2.4405030e-01   1.5546504e+00  -1.8440598e-01  -3.5064240e-01   1.6700381e+00  -5.5159406e-01   9.5417622e-01
   2.0000000e+00  -1.0984138e+00  -3.8956199e-01   1.7528815e-01  -1.1634428e+00  -1.2677647e+00   5.7672214e-01  -1.6234947e+00   7.4639404e-03   1.1477808e-01  -6.7113838e-01  -1.2970425e+00  -1.0126799e+00   4.3846325e-01  -1.2356664e+00  -1.6948067e+00  -6.6471131e-01   1.3842991e+00  -1.4670862e-01
   2.0000000e+00   4.5369896e-01   2.8152760e-01   6.3994694e-01  -1.1609066e+00   1.0932869e+00   5.5824622e-01  -2.5534095e-01   3.0311303e-01  -1.7599659e-01   5.2183462e-01  -8.0681921e-01  -3.3444400e-01   4.8697342e-01   1.5746800e+00   1.1987599e+00  -1.2661472e+00  -2.1629305e-01   9.9314312e-01
   2.0000000e+00  -1.7309234e+00  -6.7975823e-01   1.3679655e+00  -3.8444370e-01   8.9022699e-01   1.2981410e+00  -1.0586732e+00  -3.1171115e-01   1.5781020e-02  -4.3513854e-01   4.8063470e-01  -6.3206989e-01  -2.1643036e-01   2.3546330e+00  -1.0028890e+00   6.3413135e-01   6.9531535e-01  -2.1456574e+00
   1.0000000e+00  -1.6539895e+00  -1.2834314e+00   8.9204057e-01   1.4958351e-01   2.9792489e-01  -1.2992274e-01  -5.4884933e-02   1.0669232e+00   6.1824991e-01  -7.9130830e-01   7.3215052e-01  -3.2441950e-01   1.1845075e+00   7.0263505e-01  -9.0353357e-02  -7.1895300e-01   1.1654979e-01   9.7177449e-01
   2.0000000e+00   2.5018436e-01   7.2121945e-01  -1.3693626e+00   2.7744322e-01  -1.3612689e+00  -1.2829846e-01   9.5075127e-02  -2.3573963e-04  -2.0157710e+00  -6.6835920e-01   1.4641322e+00  -1.2543932e+00  -1.5401381e+00   6.0459344e-01   1.2972693e-01  -1.2948285e-01  -5.7163249e-01   1.7367187e-01
   2.0000000e+00   5.6529581e-01   1.4730877e-01  -1.1915990e-01  -1.2128748e+00   8.8479043e-01  -1.1770863e+00  -7.3078308e-01   6.9145684e-01   3.0087170e-01  -1.1423005e+00   3.5453524e-01  -1.4615750e-01   1.4124175e+00  -5.9974665e-01   3.7387757e-01   7.4744996e-01  -1.2928202e+00  -9.0198229e-01
   2.0000000e+00  -1.4816043e+00  -1.5391582e+00   3.6446218e-01  -4.8957377e-01   2.0599410e+00   7.0880242e-01  -4.6507556e-01  -1.8713756e-01   7.3374546e-01   8.1492061e-01   5.3003054e-01   4.1118064e-01  -9.4981585e-01   1.3621347e+00   1.1952309e+00   3.2894964e-01  -1.0493500e+00  -8.2239487e-01
   2.0000000e+00   1.3229699e-01  -4.2903457e-01   1.9173667e-01  -2.1861762e+00  -6.8036262e-01  -1.2383959e+00  -4.6989240e-01   6.4894199e-01   7.8625682e-01   5.3942957e-01   1.0189472e+00   4.7601894e-01   6.4987367e-01   1.6655198e+00   1.2551507e+00  -5.6798538e-01  -1.8694154e-01  -3.3519298e-02
   2.0000000e+00   5.8508181e-01   1.1163451e-01  -6.6031276e-01   1.1413732e+00  -6.2294817e-02  -1.4278120e+00   3.4889096e-01  -8.3784180e-01   1.1492157e+00   9.5607650e-01   8.6190560e-01   5.7651283e-01  -8.3670776e-01   9.6339654e-01  -6.9967193e-01   8.2206063e-01   4.4247780e-01   5.5079817e-02
   2.0000000e+00   1.2385629e+00  -5.3036629e-01   8.5847595e-01  -6.1417066e-01  -2.9767780e-01  -2.3871862e-01   6.5121358e-01   1.2163260e+00   1.4357170e+00  -1.4317230e+00   1.6166110e-01  -6.9884058e-01   1.3518748e+00   1.1350270e+00   1.1960648e+00  -7.0114074e-01  -8.4309351e-01  -5.1009033e-01
   2.0000000e+00  -1.1422444e+00   6.0200652e-01  -4.5723525e-01   8.4861050e-01   2.4477138e+00   2.9355208e+00   2.4524667e-01   8.4776767e-01   5.3486143e-02   1.1806488e+00  -5.0589997e-01  -1.1386910e+00   5.8742061e-01   1.0145694e-01   6.8234288e-01  -1.4249852e+00   1.8838028e+00  -6.9899995e-01
   2.0000000e+00  -1.4846214e-01   5.2778912e-01  -2.2027802e-01   1.1125979e+00  -1.3984573e-01   4.8622717e-01  -1.2802189e+00   1.4401179e+00   6.6088207e-01  -9.7148090e-01  -6.8283214e-01  -6.0180375e-01  -9.8094741e-01   1.3963410e+00   2.8887122e-02   1.8424538e+00   1.0930304e+00  -7.2819301e-01
   1.0000000e+00  -9.8183543e-01   1.2217848e+00   1.1916189e-01  -1.2873947e+00   6.0393858e-01  -1.4914332e+00  -1.1896450e+00   7.2867861e-01  -1.0638274e+00  -5.4157451e-01   8.7033487e-01   2.7597694e+00  -7.3756266e-01  -2.2164507e-01  -5.7773793e-02   1.7686001e+00  -1.8532211e-01   1.2144004e-01
   2.0000000e+00  -1.3259694e-01   7.6590450e-01   2.7011083e-01   7.1850590e-01  -6.9786682e-01  -7.5948409e-01   1.1563767e+00   6.9137423e-01  -1.1069230e+00   6.7446692e-01  -3.0243243e-01   2.7394688e+00  -1.4600029e+00   1.9092756e-01  -2.9751984e-01   1.1221716e+00   7.7994922e-01  -6.9371882e-01
   2.0000000e+00  -5.3721650e-01   1.1897087e+00   4.7398873e-01  -2.6001499e+00   8.4032798e-01   1.3387437e-01   1.6621426e+00   1.0083885e+00   9.8265681e-01   4.5410221e-01  -2.3892312e-01  -1.0672972e+00   2.9857913e+00  -2.5849167e-01   2.0674816e+00   1.8188591e-01  -5.7607770e-01  -3.7302848e-01
   1.0000000e+00   1.1871370e-01  -1.9547381e-01   6.8629379e-01  -1.0104000e+00   2.2420473e-01   1.1232260e+00  -8.7497615e-01   3.1048450e-01  -1.5006842e-01   3.4156421e-01   5.4833222e-01   4.8385670e-01   6.3417393e-01   1.3213804e-01  -1.6869601e+00  -6.1155148e-01  -9.1158955e-01  -1.0893658e+00
   2.0000000e+00  -4.8452352e-01   2.1735873e-01  -2.0188063e-01  -1.7551329e-01  -1.6544265e+00  -1.6609691e+00   1.1846773e+00  -9.0343270e-01  -4.2357282e-01  -1.6264169e-01  -6.8482052e-01  -8.9620505e-01   2.2785872e+00   4.2885331e-02  -2.1204456e+00   5.7493014e-01   1.4773606e+00  -1.9023085e-01
   2.0000000e+00  -5.5213890e-01  -1.3074753e+00  -1.0420051e-02   1.4541245e+00  -1.1861744e+00  -1.4958073e+00   1.5543613e+00   2.0860239e+00  -6.9054628e-01  -9.7110747e-02   2.0791552e+00  -3.6720494e-01  -2.2070270e-01  -3.7789282e-01   1.0833896e+00  -1.3648730e+00  -7.6809602e-02   1.5579207e-01
   2.0000000e+00  -6.0132327e-01  -7.7141124e-01   3.8559816e-01  -7.6401296e-01   9.3521576e-01   4.4655823e-01  -6.0567132e-01  -7.7655751e-01   7.1252822e-01  -1.7949761e-01   2.6915354e-01   1.0260951e+00  -1.2668776e+00  -3.0767469e+00   2.0682477e-01   1.8271451e+00  -3.9639343e-01   1.0578724e+00
   1.0000000e+00   2.3410760e+00   9.2378288e-01   3.2102859e-01  -7.0030750e-01   3.6510871e-01  -3.2779987e-02  -4.1194632e-01  -1.6628604e+00   2.2318170e-01   3.8776596e-01  -3.9454228e-01   9.9004181e-01  -6.6062997e-02   2.0259579e+00   1.2494880e+00  -6.5001944e-01   5.7456580e-01  -2.1824554e-01
   2.0000000e+00   1.3395660e+00  -9.7167637e-01  -9.7191375e-01  -3.7632398e-01  -9.7452305e-03  -1.2819986e+00  -1.7854514e+00  -2.5253213e-02  -7.3936182e-01  -6.8199761e-01   4.7227672e-01   9.9558365e-01  -1.9386724e+00  -2.0262181e-01   1.2720298e+00   4.0567081e-02  -8.2052251e-01   2.6627994e+00
   2.0000000e+00  -9.8603566e-01   1.8111685e-01   1.7448869e-01   1.5589130e+00   1.1851420e+00  -2.9958968e-01   1.2294924e+00  -3.1830215e-01   5.9020339e-01  -8.2948416e-01   1.2687070e-01  -9.7937284e-01   1.2601567e+00   1.6489283e+00   7.0904174e-01   1.6179219e+00   8.8929532e-01  -3.2347813e-01
   2.0000000e+00  -3.5385264e-01  -1.8530141e+00   7.2254602e-01   1.1508505e+00   7.2944597e-01  -4.4627246e-01  -4.4674605e-01   4.0555792e-01  -7.8845500e-01   3.2538339e-01  -7.1398623e-01  -1.2364166e+00  -1.0796121e+00   3.4694061e-01   1.0348429e+00   2.3643231e+00   1.4527900e+00   3.8167683e-01
   2.0000000e+00  -2.2994567e-01   1.1524868e+00  -1.0572148e+00   2.0580331e-01  -1.7188854e+00   4.9352854e-01  -3.8534747e-02   8.6634561e-01   9.6312144e-01  -1.5078785e+00  -1.4772669e+00  -7.5159056e-01   2.0760182e+00  -4.2097555e-01   3.6076359e-01  -4.5529228e-01   7.9836788e-01   1.3674756e+00
   1.0000000e+00   1.3886343e+00  -7.0278026e-01   1.0729033e+00   6.5628942e-01   7.2190730e-01   8.6088521e-01   9.4006276e-01   9.4402775e-01   1.3444007e+00  -3.3431512e-01  -3.9762809e-02   3.0974668e-01   1.0986731e+00   1.1006921e+00  -5.7319483e-01   7.7409679e-01   2.7792529e-01   2.1408577e-01
   2.0000000e+00   1.1939582e+00  -7.8776002e-01  -3.4776338e-02  -2.1782397e-01  -5.8227506e-01  -1.7177601e+00  -2.0430545e-01   2.1164807e-01  -1.7905355e+00  -1.4173366e+00  -1.5808223e+00   1.0149965e+00  -7.7505015e-01   1.9842578e+00  -5.9306123e-01  -6.5225001e-01  -2.7351320e-01   4.3407614e-01
   2.0000000e+00  -4.6140909e-01   6.5082498e-01  -3.9180360e-02   1.0615400e-01   4.4281635e-01  -1.4674518e-01  -7.5602454e-01   2.0269406e-01   1.0687084e+00   3.1620818e-01  -1.0810468e+00   2.6873124e-01  -8.9446018e-01   5.5391406e-01  -2.2965251e-01   4.5751227e-01   1.8428341e+00  -8.0246627e-01
   2.0000000e+00   2.7734746e-02  -2.3215541e+00   2.6303910e-01   1.0575737e+00   7.8761920e-01   2.3136656e-01  -3.6205962e-02   1.6498930e-01  -3.0308808e-01  -9.1905358e-01  -6.6381904e-01  -7.0415164e-01  -7.5784147e-01  -1.6521365e+00  -3.7460503e-01   1.2865076e+00  -1.0891492e+00  -2.1326737e-01
   2.0000000e+00   2.5491972e+00  -5.1621882e-01   4.6522808e-01  -9.8874847e-01  -4.6328950e-03   1.8041123e+00  -9.1688379e-01   3.1725205e+00   3.4447858e-01   5.4065309e-01  -7.5990019e-01  -7.5199441e-02   3.5789650e-01  -4.9552475e-01  -7.6700567e-01  -7.8873294e-01  -1.3561313e+00   1.4561456e+00
   1.0000000e+00  -5.1320311e-01  -1.5954713e-01  -1.5057346e-01  -7.4373597e-01   9.0155713e-01  -1.0206331e-01   1.3067723e+00   1.0804010e+00   4.5073987e-01   7.3505399e-01   2.1067491e+00  -6.9938482e-01  -5.4642205e-01   1.7855508e-01  -2.8747256e-01  -1.3205429e+00  -1.0320751e-01  -2.4170685e-02
   2.0000000e+00   4.7551577e-01  -3.7708431e-01   1.2284837e+00  -6.1112595e-01  -2.0187729e-01  -2.1694749e+00  -1.9890514e-01  -6.8661202e-01  -9.2949973e-01  -1.1522614e+00  -8.6067048e-01   2.5837010e-02   1.6940995e+00  -9.0441945e-02   3.6546113e-01  -5.0355077e-01   1.8221430e+00   5.2379761e-01
   2.0000000e+00  -1.1212579e+00   9.3503343e-02   3.6889950e-01   4.7602581e-01  -4.0348824e-01  -4.0213326e-01  -3.3358291e-01   1.1369100e+00   8.3324117e-01  -5.9110252e-01   6.7556260e-02  -8.5985462e-01   1.1148341e+00  -1.3874414e-02  -8.5848444e-01  -8.7402497e-01   1.3888913e+00  -1.3698449e+00
   2.0000000e+00   1.2484909e-01  -1.4448751e+00  -1.7747928e-01  -6.8568237e-01  -1.8241367e-02  -2.4225318e+00  -1.6671634e+00  -1.5080805e-01  -2.8621118e-01   2.2023690e-01  -2.9560436e-01  -2.2040491e+00  -3.4702110e+00   7.9711524e-02  -3.2031022e-01  -1.3849845e+00   1.1366473e+00  -1.9651621e+00
   2.0000000e+00  -5.3974764e-01  -4.2029226e-01   1.1197467e+00   3.2714284e-01   5.0419894e-03   4.0874950e-01   5.7162051e-01  -1.2600946e+00  -1.3893636e+00  -1.8492982e+00  -1.8365839e-01   8.9737398e-01   3.2083481e-01   1.4073180e+00  -6.7764460e-01  -6.2879889e-01  -1.1223119e+00   2.8707762e-01
   2.0000000e+00   4.9992578e-01  -3.0454948e-01   3.4279391e-01   8.3357477e-01  -2.0194967e+00   1.3441590e+00   8.7411080e-02  -3.8975718e-01   1.1949757e+00   9.5017850e-01  -1.5716931e-01  -4.4198247e-03   1.3920922e-01  -2.6861725e-01  -1.4580485e+00  -4.6963835e-01  -1.6409367e+00   2.6000926e-01
   2.0000000e+00   9.3629115e-01   1.3319778e+00  -5.5739322e-01   1.6486605e-01  -1.3595798e+00  -1.4786608e+00  -1.3851993e-01   9.5617217e-01   6.8390829e-01  -1.2928328e-01   9.8178918e-02  -2.3226052e-01   4.4940322e-01   3.1729392e+00  -7.3867641e-01  -1.5497181e+00   5.7196340e-01   1.0021783e+00
   1.0000000e+00  -5.1326404e-01  -4.5172387e-01  -1.0163717e+00  -6.0850537e-01   4.7708881e-01   2.0678050e+00  -4.8322337e-01  -5.3680220e-01   5.4689192e-01  -1.1061585e+00   8.8476205e-01   4.6449898e-01   9.5898465e-01  -6.1000426e-01   2.6847595e-01  -1.4409359e+00   7.1520879e-01   1.2650679e+00
   2.0000000e+00   4.6423020e-01  -2.2084608e-01  -1.4470729e-01  -2.4356883e-01  -9.5799207e-01  -4.1884984e-01   4.8521542e-02  -2.1717472e+00   3.2771715e-02   1.6787331e+00   4.5529010e-01  -1.3821826e+00   8.0922718e-01  -1.3421762e+00   5.2873978e-01  -3.5984634e-01   1.2675146e-01   7.8329629e-01
   1.0000000e+00   8.0705047e-01   3.9575324e-01   3.4114874e-01   6.4843077e-02   3.2098431e-01  -3.6631642e-01  -3.9479285e-01  -3.6719190e-01  -1.6578927e+00  -1.4851120e+00  -7.5718667e-01   2.9999036e-01  -8.6947736e-02  -1.0332391e+00  -7.3691867e-01  -1.3551075e+00  -7.1660726e-01   5.4491491e-01
   1.0000000e+00   1.0437468e+00  -5.1469020e-01   9.6200663e-01  -2.9801757e-01   1.8452134e-01  -6.1977415e-01   1.2944681e-01   5.6094507e-01  -1.1403324e+00  -7.8561554e-01   4.5391284e-01  -1.3316313e+00   3.4063704e-02  -1.3175669e+00  -9.8836694e-01   3.4159086e-01   1.1485053e-01  -1.1948703e+00
   2.0000000e+00  -1.5270747e+00   1.1436925e-01  -1.1833927e-01  -5.8829028e-01   1.6002185e+00   1.9196706e+00   1.4957808e-01  -6.7874483e-01  -1.9697713e-01  -4.2249700e-01  -2.1125750e-01  -6.7588557e-01  -2.2993489e+00   6.3403905e-01  -4.9522090e-01   1.8775039e-01   7.5347317e-01   1.0536709e+00
   2.0000000e+00   1.4448013e+00   5.4526227e-01   1.2038636e+00  -1.8094859e-01   1.0957432e-01   2.3670284e-01  -8.2735403e-01  -7.2852383e-02   2.2795549e-01  -1.2294400e+00   1.1638242e+00  -4.8129867e-01  -3.5383383e-01  -3.8912410e-01  -1.1106966e+00  -9.6168868e-02  -1.6423610e+00   2.8216979e-01
   1.0000000e+00   1.2311883e+00   1.2407626e+00   1.2335845e+00  -1.6428478e+00   1.0941468e-01  -5.9107927e-01   1.1306864e+00  -3.3099896e-01   7.5094516e-01   4.6499356e-01   1.4034588e+00  -2.4970693e-01  -4.9628747e-01   6.6797793e-01  -1.7089852e+00   1.7241189e-02   4.6483101e-01  -8.3983193e-01
   2.0000000e+00   5.2651256e-02   3.9218970e-01  -1.6293183e+00  -9.2618029e-01  -4.7821308e-01   1.2604864e+00   1.8523978e-01  -5.6706534e-01   5.5411270e-02  -9.1058024e-01   6.1818264e-01  -1.3578864e-01   4.9419491e-01   7.6312453e-01  -3.0034255e+00  -9.5210236e-01  -1.3363525e+00   3.7581059e-02
   1.0000000e+00   2.3000772e-01   1.0782183e+00  -1.0973506e+00   2.1867606e-02   6.4968029e-01  -2.0645783e-01  -1.2273321e-01  -8.7890264e-01  -2.9217710e-01  -1.2438271e+00  -3.8694102e-01  -6.0770919e-02  -6.4702379e-01  -9.2925347e-01  -6.4567181e-02   1.9787440e-01  -1.0955320e-01   1.5015345e+00
   1.0000000e+00   4.4971801e-03   1.0932569e+00  -1.0521031e+00  -1.6252554e+00   4.5167309e-01   2.0850827e+00  -4.9504902e-01  -5.1964847e-01   5.0499896e-01  -1.9654843e-01   6.1328298e-01   3.2489147e-01  -1.5953782e-01  -6.3744895e-01  -5.9203580e-01   1.1129980e+00  -3.3541116e-01   8.5947897e-01
   2.0000000e+00  -6.6933635e-01   5.0111934e-01   1.6182886e+00  -1.2172101e+00   2.4412490e-01   3.8545718e-01  -2.0261252e-01  -8.1318020e-02   6.0631732e-03  -1.3272053e+00  -7.3208476e-01  -6.8975409e-01   6.7996019e-01  -3.3501564e-02   2.3453538e+00   2.3222145e-01   1.1690802e+00  -7.0547123e-02
   2.0000000e+00  -2.4525754e-01  -3.4542029e-01  -1.2759499e+00  -4.4521850e-01   1.9221452e-01   3.8619955e-01   1.8519756e+00   8.4472047e-01   1.1592233e+00   1.7055523e+00  -5.7614048e-01   5.3301697e-01   1.7580188e+00  -1.0656003e+00  -3.1621228e-01   4.9365111e-01   1.3594432e+00  -5.9087308e-01
   1.0000000e+00   7.8559049e-02   2.0331513e+00   9.4250436e-01   1.0618464e+00   1.4220093e-01   2.0868740e+00  -7.9077958e-01   1.4109703e+00   6.7825301e-01   1.8813128e-01  -1.4066900e+00  -5.6586749e-01  -4.9541971e-03  -6.4229902e-01  -1.3532225e+00  -7.2718313e-01  -5.1248681e-01  -1.0746281e-01
   2.0000000e+00   1.6958763e+00   4.9064727e-01  -1.1841866e+00  -2.0046985e-01  -1.8934780e-01   1.1835167e+00   1.3581215e-01   8.1236537e-01  -6.1278926e-01  -2.2576884e-01  -1.3350106e+00   2.0483032e+00  -7.9030757e-01  -4.3382496e-02   1.5479731e+00   7.3423335e-01   3.7608625e-01  -9.3653863e-01
   2.0000000e+00   1.4604079e+00   1.1098735e+00  -8.6432833e-01  -1.0483241e+00   1.7831310e+00   2.8289360e-01   3.0108510e-01   1.9385801e-01   3.9798236e-01  -3.1572493e-01  -2.8769188e-01  -1.8358485e-01   1.7110545e+00  -4.9739571e-01   7.6121815e-01   4.5494026e-01   1.3129081e+00  -6.2603233e-01
   1.0000000e+00   3.8382804e-01   3.1347750e-01   2.8460642e+00  -1.1372931e-02   3.6189132e-01  -2.8337780e-01  -1.4691589e-01  -6.5620368e-02  -1.7326961e+00   4.8701023e-01  -8.4192030e-01   1.1562049e+00  -1.9806743e-01   8.9567587e-01  -2.5613902e+00   1.8845817e+00  -2.1350502e-01   6.3442389e-01
   2.0000000e+00  -6.7155624e-01   7.1942668e-01  -2.8725983e+00  -2.5461346e-01  -1.4540676e+00  -7.8751683e-01  -3.4496437e-01  -3.1285767e-01  -5.1210711e-01   7.4335552e-02   1.6007276e-01   1.1554486e+00   5.9541948e-01  -1.1366229e+00  -2.4703506e-01  -1.6761768e-01  -1.0329715e+00  -7.7899140e-01
   2.0000000e+00   1.4753064e+00  -6.7413844e-01  -7.7999397e-01   2.7714232e-01  -1.5212412e+00   4.6895206e-01   1.5154457e+00   1.1180958e+00   4.0861055e-01  -3.1933557e-01  -7.0018404e-02   7.9895369e-01   1.9680007e-01  -8.6613225e-01   3.9885372e-01   2.1910909e+00   9.3565746e-03   9.5471472e-01
   2.0000000e+00   5.7559397e-01   4.8069084e-01  -1.4851289e+00  -1.5307741e+00  -6.5123873e-01  -4.5985253e-02  -5.8083877e-02   2.8804312e+00  -1.1231184e+00  -6.0916077e-01   5.5791587e-01   1.6392339e+00  -5.3981827e-01  -1.1913891e+00   1.3996194e-01   1.1241863e+00  -5.7864081e-01  -1.9400065e+00
   2.0000000e+00  -3.3225653e-01   2.3048435e-01  -1.5188364e+00   3.6292587e-01   1.0645319e+00   1.3115691e+00   2.4981718e+00   1.1899052e+00   1.5461335e-02   1.0358707e+00   2.3677500e-01   1.4073765e+00   7.3667044e-01   7.2703014e-01   9.5048136e-01   3.0851736e-01  -7.1581976e-01  -1.2447204e-01
   2.0000000e+00   5.7293047e-01  -9.2816613e-01  -3.5940468e-01   1.5689670e+00  -5.0326840e-01  -8.4911518e-01  -2.4025106e+00   1.3475222e+00  -1.3683430e+00  -2.4040093e+00   7.7647214e-02   6.2615842e-01   1.1830272e-01  -1.0069737e+00   4.1725549e-01   5.8373701e-01   7.7207655e-01  -3.9680806e-01
   2.0000000e+00   2.0259780e+00  -7.1968491e-01  -1.0990720e+00   1.9716059e-01   1.6858777e+00  -8.7937936e-01   1.0668866e+00  -2.6597401e-01   7.2771386e-01   1.8366364e+00   2.0573208e-01   3.4329910e-01  -8.6886899e-01   1.7678274e-02   5.4373311e-01   1.1591626e+00   1.8004919e+00   7.9470954e-01
   2.0000000e+00   1.4859441e+00  -7.8218934e-01   1.1730429e+00  -9.7676574e-01   6.8240451e-01  -1.0119510e+00  -6.2887127e-01  -3.0757187e-01   1.2881919e+00  -2.8346935e-01  -1.0200082e+00   1.9071094e+00   7.1521833e-01  -1.4548746e+00   8.1245386e-01  -3.9834344e-01   1.6865224e+00  -9.7980054e-01
   1.0000000e+00   1.1567137e+00  -8.4877947e-02  -5.4505336e-01   1.8810842e+00   5.8739185e-02   3.9791594e-01  -1.4596351e+00  -7.5321942e-01   1.2955260e-01   1.4270740e+00  -8.3713861e-01  -4.1988101e-01   1.6322105e-01  -1.7511601e+00   1.0410400e+00  -8.3222946e-01  -7.1107392e-01   6.4899473e-01
   2.0000000e+00   3.6866529e-01   8.7691908e-01  -8.8360419e-01  -1.2214249e+00   6.3948205e-01   3.2791579e-01  -2.2118516e-01   8.5605354e-01   6.8357554e-02   1.2965467e+00  -2.3402412e+00   5.4506017e-01  -2.9703977e-01  -9.1232322e-01  -6.4770364e-02  -1.3227567e+00  -8.9850281e-01   1.0127672e+00
   1.0000000e+00  -1.3588483e+00   4.2536116e-01  -2.2703922e-01  -1.1442149e+00   3.5315720e-01   6.0559509e-02   1.7537959e+00  -1.1548778e-02   5.2773404e-01  -1.2063552e+00  -5.8920922e-01  -1.2114674e+00   2.8657974e-01   5.2858853e-02   7.6027050e-01   3.7971663e-01   5.9216051e-01   8.0395982e-01
   2.0000000e+00  -2.8237687e-01  -1.4013826e+00  -2.5468665e-01  -7.7315836e-02  -1.4830659e+00   1.2023019e+00   1.2718307e+00  -2.1321131e-01  -1.7453403e+00   7.3192207e-02  -8.6575309e-01   3.6661815e-02  -3.2072371e-01  -3.4411637e-01   8.3247154e-01   7.6801560e-01  -1.4401456e-01  -1.8848273e+00
   2.0000000e+00   2.8282203e-03  -1.4209960e+00  -2.8732304e-01  -8.7126237e-01  -9.4485432e-01   1.4034486e-01  -7.0646096e-01   2.1760248e+00  -3.1040561e-01  -1.1263009e+00  -1.4579537e-01   1.1043801e+00  -1.2261614e+00  -1.2297279e+00   2.0503767e+00   2.6391473e-01   1.2688069e-01   2.7166421e-01
   1.0000000e+00  -5.5933924e-02   5.3012913e-01   1.1271203e+00   7.0692008e-01   1.7323762e-01   1.9534501e+00  -1.0966351e-01  -8.3240824e-01  -4.8121774e-01  -1.4541853e+00   1.7032537e+00   1.3015501e+00   2.7501690e-01   4.4437369e-01   5.8620893e-01  -9.6247995e-01  -4.2711449e-01   1.4523064e+00
   2.0000000e+00  -4.8504488e-02   6.0627787e-01  -7.4398527e-01  -1.1133672e+00  -3.4989422e-01  -1.2805119e+00   8.6886138e-01   1.3458099e-01  -9.4119815e-01   9.7972401e-01   3.2216298e-01   4.3268598e-01  -1.8035222e+00   1.9623123e-02   3.8039370e-01   6.4229672e-01   1.8891809e+00  -7.0156639e-01
   2.0000000e+00  -1.2729360e+00  -1.6878825e+00   1.6686309e-01   1.2831227e-01  -2.2859572e+00   5.8314547e-01   8.8990725e-01   1.9772317e+00  -4.3558982e-01  -5.4506408e-01   5.1834590e-01   9.1371628e-01   4.2139157e-01   1.2467311e+00  -5.3561146e-01   1.2798825e+00   1.4244113e+00  -4.6978954e-01
   2.0000000e+00  -3.9862069e-01   9.7911200e-01   4.3821344e-02  -6.6668406e-01  -4.7493822e-01   5.1456454e-01   1.4535605e-01  -1.1678272e+00  -6.0328160e-01  -3.8692516e-01   2.7561526e+00   3.6635798e-01  -5.4869890e-01   3.8733273e-01  -2.9218699e-01  -1.6591956e-01  -1.3886198e-01   2.1391087e+00
   2.0000000e+00   5.5697437e-01  -2.9894166e-01   2.6619225e-01   1.3345632e-01   1.0674687e+00  -7.6380831e-01  -6.7564244e-01  -2.2764398e+00   7.6021159e-01  -5.6134816e-01   1.9883994e+00   2.0150469e-01   1.3819605e+00   1.7143369e-01  -1.3097339e+00   1.8543209e-01  -1.6870419e+00  -1.9276828e-01
   2.0000000e+00  -1.5477640e+00  -1.4444965e+00   2.2007567e-01  -8.1673249e-01  -3.3526643e-01   3.0453166e-01  -1.0581783e+00   2.8320050e-01  -3.4797365e-01  -1.5616936e-01   1.1205969e+00  -1.4239402e-01  -1.3619512e+00   4.8437012e-01  -1.8139599e+00   3.3453898e-01   4.4611080e-01   2.3528067e-01
   2.0000000e+00   1.1114621e+00  -8.6102120e-01  -1.1898332e+00   1.8470016e+00  -1.5334897e+00   8.9742153e-01  -2.9280335e-01   2.5425210e-01  -5.0920563e-01  -1.2684152e-01   1.3094183e-01  -9.4474608e-02   4.6179513e-01   1.0228062e-01   1.3120884e-01  -6.3953078e-01   2.9583952e-01  -3.9346510e-01
   2.0000000e+00   4.3741252e-01   4.5797088e-01  -3.4491316e-02  -1.4591322e+00  -8.0295522e-01  -2.7449565e-01   1.5569700e+00   7.7945170e-01   1.5648370e-01   8.3656027e-01   1.2136558e+00  -7.8815514e-02  -3.7257602e-01   8.8827386e-01   2.1923936e+00  -5.1632658e-01   9.5636488e-01   2.8517469e-01
   2.0000000e+00  -1.6770721e+00  -5.6462459e-01   1.4938723e+00   4.7129580e-01  -1.0090219e+00  -1.9709342e-01  -7.9824161e-01  -4.4408320e-01  -5.3118440e-01   3.0717839e-01   1.3582410e-01   5.3808672e-01   6.2112195e-01  -9.1815320e-01  -1.2015170e+00  -3.8172672e-01   1.6125674e+00   2.0938652e+00
   1.0000000e+00   7.7251178e-01   8.4082931e-01  -1.1738797e+00   6.7995026e-01   9.3700177e-02   1.2302746e+00   5.7235929e-01   6.8794861e-01   4.5770869e-01  -7.1909745e-01   1.6656027e+00  -1.0552387e+00  -8.5689524e-01   6.4643895e-01  -1.2351349e-01  -1.3775267e-01  -9.1703588e-01  -5.7162237e-01
   2.0000000e+00  -4.0362758e-01   1.9661646e-01   1.5145438e+00  -1.9621859e+00   9.1578081e-01  -1.8379286e-01   1.0915661e-02  -7.0518350e-01   5.2053486e-01   6.0790113e-01  -2.0478951e-01  -1.0791930e+00   1.5392507e-01  -1.9355580e+00   2.6502793e-02  -2.4457339e-01  -1.9242208e+00  -1.1450293e+00
   2.0000000e+00  -4.2143152e-01  -8.7408689e-02   1.0176594e+00  -1.2638648e-01  -9.8936959e-01   4.2513112e-01   1.4254915e+00  -1.2031532e+00  -9.7977919e-01   7.8606019e-02  -4.8198218e-01  -9.4768871e-01  -1.6454338e-01   1.7509995e+00  -2.2970145e-01  -7.0440159e-01   9.6726866e-02  -5.3633707e-02
   2.0000000e+00  -3.6369676e-01  -1.6079448e-02  -7.6610852e-01   6.4753662e-01  -1.9951331e+00  -6.4534828e-01   1.7180344e-02   5.2907026e-01  -5.3068761e-01   1.6612504e+00   1.6536533e+00  -6.5972815e-01   9.9477504e-01   8.4003951e-01   5.0647817e-01  -1.8787297e+00   8.6813308e-01  -7.0218666e-01
   2.0000000e+00   9.8612929e-01   9.8506440e-02   1.4302673e+00  -5.2721383e-01  -1.4557241e+00   1.4042658e+00  -1.5593631e+00   8.7218498e-01   4.9173744e-01   1.0883060e+00  -6.0251080e-01  -8.6071406e-01  -6.1512807e-02   9.4755407e-01   3.0487875e-01   6.6344397e-01   1.4006914e+00  -6.5741766e-02
   2.0000000e+00   1.1760520e+00   3.9136897e-02   1.5635362e+00  -2.5347521e-01   4.3047217e-01   1.6780686e+00  -6.0796896e-01  -5.2759149e-01   1.5537353e+00   2.7571436e-01  -9.7220145e-01  -4.0402500e-01  -7.6150998e-01  -4.3697327e-01   6.0923373e-01   1.8430154e+00   2.1824079e+00   7.5921541e-01
   2.0000000e+00   4.2023236e-01   4.4678544e-01   7.6310178e-01  -4.2627515e-01   1.6701732e+00   7.2916706e-01  -7.2010187e-01  -8.8499408e-01  -1.1873958e+00  -9.5334722e-01   1.0704348e+00  -6.8856739e-01   4.2575727e-03  -8.4250494e-01   1.3293525e+00  -1.9969433e+00  -4.2341139e-01  -2.8641640e-01
   2.0000000e+00   1.8025354e-01   1.0859487e+00   1.5613728e+00   6.9932956e-01  -1.0002651e+00  -1.6962263e+00   6.8647986e-01   4.1048512e-01   1.6948098e-01  -8.5803630e-02  -1.3883040e+00  -1.0144677e+00  -3.2455579e-01   5.8734926e-01   7.4259370e-01  -1.1031035e+00  -2.5545348e-01  -4.8211571e-02
   2.0000000e+00  -1.7988090e+00   1.3191671e+00  -9.0560374e-01  -6.4680194e-01   1.3614424e-01  -5.6930690e-02  -8.3164064e-01   4.6350427e-01   5.4592082e-01   8.4135089e-01  -2.3164124e-03  -9.9175208e-01  -3.8909245e-01   2.6451042e-01  -1.6321956e-01  -5.5855359e-01  -1.3004321e+00  -5.5761374e-01
   2.0000000e+00  -1.8610546e-01   1.0652190e+00  -1.0046587e+00  -1.3022753e+00  -1.8604135e-01  -6.4554740e-01  -2.1654479e+00  -4.5755928e-01   1.5382887e-01  -1.6467716e+00  -1.3561295e+00   1.1636625e+00  -1.1388779e+00  -6.1186601e-01   1.7322907e+00   4.3433422e-02   1.1422198e+00   5.4840010e-01
   2.0000000e+00  -1.3890908e+00  -5.1151289e-02  -5.9652189e-01  -1.9427113e+00  -1.8423625e-01   1.3333344e+00  -1.9650661e-01  -4.6630082e-02  -1.2279598e+00  -1.2794869e+00   1.2935769e+00  -1.0390327e+00   4.2388918e-01   1.0897391e+00  -5.3450185e-01  -3.9986253e-01   7.7958220e-01   1.3970386e-01
   2.0000000e+00   1.1555541e+00   3.7623070e-01   5.9433072e-01  -5.7248700e-01  -3.9480767e-02  -1.5589548e+00   1.2091357e+00  -4.1134809e-01  -6.4339450e-01  -1.0104221e-01   1.2676483e+00  -7.6126822e-01  -5.0512568e-01  -8.3346440e-01   1.2345306e-01   2.2380123e-01  -5.3160798e-01   2.0045601e-01
   2.0000000e+00  -1.3079965e+00  -2.9599536e-01   2.6068650e-01   7.5369578e-01  -1.9736090e+00   1.2841346e+00  -4.6762082e-01   9.3928111e-01  -1.6969944e+00  -9.6686130e-01   8.6880561e-01   5.9845952e-01   1.9989964e-01   9.8269539e-01   2.2119736e-01   1.2757080e+00  -1.1837175e+00   1.3547710e+00
   2.0000000e+00  -2.4516458e+00   1.0467733e+00  -6.3191403e-01  -6.7139219e-01  -2.1846766e-02   1.1293241e+00   1.4562469e+00   1.0714937e-01   1.7310534e+00  -9.7623878e-01  -6.3450418e-01   1.2125681e+00  -3.2867691e-01  -2.9102438e+00  -9.3094543e-01   3.0418730e-01  -8.5352064e-01   9.3710916e-01
   1.0000000e+00  -1.1406856e+00  -1.2927215e+00   2.8492389e-01  -1.7217736e+00   1.1668591e-01   6.1339291e-02  -2.6575865e-01   1.3345403e+00  -2.7647584e+00  -2.3512382e-01   3.9030915e-01  -2.4659052e+00  -6.2577765e-02   5.4199148e-02   6.4684001e-01  -4.7187162e-01   5.6405497e-01  -3.7055148e-01
   2.0000000e+00  -3.3060248e-01  -3.5625653e-01  -2.1666365e-01   6.6182440e-01   1.1024078e+00   8.1748632e-01   1.3494238e+00   6.1934854e-02  -9.3873626e-01  -2.5757969e+00  -7.0934834e-03  -1.2969616e+00   3.6211326e-01  -2.6717843e-01  -6.8855247e-01   1.4278247e+00   2.7327579e-01  -2.3082908e-01
   2.0000000e+00  -9.0442970e-02  -2.6718984e-01  -2.4413085e+00   4.0452096e-01   3.9693387e-01  -9.3161055e-01  -3.1515220e-01   5.6673060e-01  -7.8592890e-01   1.9378180e-01  -9.6924042e-01  -1.3587112e-01   8.1946803e-02   4.8575645e-01  -4.3522968e-01  -1.3188243e+00   1.2077105e+00  -1.8650614e+00
   1.0000000e+00  -4.7837883e-01   6.6693800e-01   1.4691069e+00  -2.9359288e-01   4.6041426e-01  -4.3646286e-01   2.2634666e-02  -3.8147135e-01   3.4154767e-01   3.8045006e-01  -2.5608578e-02   7.9605182e-02   1.0203605e+00   2.6842827e-01  -2.8545651e-01   5.4496747e-01   5.4290348e-01  -8.4709718e-01
   2.0000000e+00  -1.6547546e+00  -2.0526843e+00   5.3645376e-01  -1.2864277e+00  -4.6173983e-01  -1.3529902e+00  -1.0294314e+00   2.2603741e+00   2.1863369e-01  -7.4463632e-01  -3.4986829e-01   9.8298411e-01   9.1392452e-01   4.6275310e-01   2.3861638e-01  -2.0408525e-01  -3.9049729e-01  -7.8572562e-02
   2.0000000e+00   1.9284702e-02  -1.4603422e+00  -4.6799935e-01   8.5977632e-01   9.2931712e-01   1.4279837e+00   1.5671590e+00   2.0055402e+00  -4.3733021e-01  -1.5715975e+00   2.1606017e+00   3.8832340e-02   1.3264167e+00   8.2893243e-01   1.7129919e+00  -9.1297001e-01   7.0362933e-01  -1.9384980e-01
   2.0000000e+00   6.3280892e-01   5.1642823e-01  -2.0202105e-01  -3.2149728e-01  -4.5447388e-01   4.8695021e-01   1.3771465e+00   6.7150982e-01   1.2769384e+00  -7.0252150e-01   1.8845445e+00   7.1585625e-02  -2.1836229e-01   6.2259604e-01  -1.6182819e+00   1.4088279e-01   1.4894300e+00  -8.2203003e-01
   2.0000000e+00   5.2752723e-02   1.6245247e-01  -1.7674255e-01   3.9785148e-01   2.1651391e+00   4.3277188e-01   8.7733558e-01   1.4042909e+00  -8.5441511e-02   1.0430242e+00  -3.7558201e-01  -1.0269806e+00  -2.6307629e-01  -7.9358607e-01  -1.2245036e+00  -1.0940259e+00  -1.6794989e-01   1.2891027e+00
   2.0000000e+00  -2.2793649e+00   1.0153418e+00  -1.3170797e+00   1.5396524e+00  -6.4061612e-01  -6.5777768e-01  -2.8287874e-01  -1.3457095e+00   1.7569335e-01  -3.1288304e-01   8.3663913e-04   2.1198887e-01  -8.7453615e-01  -9.1379708e-01  -1.9102344e-01   2.0586110e+00  -7.1327782e-03   9.4126302e-02
   1.0000000e+00   5.8123425e-01  -5.0714719e-01   5.0341911e-02   1.0361075e+00   3.8327134e-01   1.1416668e+00  -1.5277995e+00  -1.7203906e-01  -1.2827685e+00  -1.7307358e-01   3.2506778e-01   7.2584190e-01   6.3035170e-01  -9.9239719e-01   1.2162059e+00   9.9423636e-01  -4.4662237e-01  -9.2677693e-02
   2.0000000e+00   6.2836536e-01   1.5699585e+00  -6.8852675e-01   1.0900076e+00  -2.2987500e-01   1.2703180e+00   1.0261826e+00   7.8043234e-01  -6.8014428e-01   6.4704162e-01  -4.0204667e-01   1.6258403e+00  -6.3705187e-03  -8.7098485e-01  -2.3047707e-01  -3.0959385e-02   2.4788972e-02   1.9535543e+00
   2.0000000e+00   5.5286624e-01  -2.2517361e+00   1.1000814e+00   4.2218174e-01   1.2394894e+00  -1.0048648e-01  -6.4109154e-02  -1.7118087e+00  -1.7451777e-01  -5.8492785e-02  -5.1517430e-01   1.0764548e+00   6.4292007e-01  -1.8191371e+00   9.5388132e-02   1.6083714e-01  -3.4906465e-01   5.0053358e-01
   2.0000000e+00  -6.2965183e-01   3.5947864e-01  -1.8529203e+00   1.8055888e+00  -1.5554404e+00   9.5849511e-01   1.6761682e+00  -1.3150883e+00  -1.3186070e+00   3.1723681e-01   2.4757423e+00  -1.9530441e+00   2.3644520e+00   8.8171435e-01  -9.6023693e-01   8.2998261e-01  -5.9418908e-01   7.9347410e-01
   2.0000000e+00  -1.1615323e+00  -1.1773813e+00  -8.8018614e-01  -1.5534645e+00   5.5793818e-01  -8.3119946e-02   7.0171340e-01   5.4734005e-01   7.3076374e-01  -3.1701485e+00  -2.0291812e-01  -6.3331796e-01   2.3217741e+00   3.2226802e-01  -9.3521770e-01   1.4390675e+00  -1.8400395e+00  -1.1238235e+00
   2.0000000e+00  -9.1218220e-01  -1.0599335e+00   1.5593841e+00  -7.0730522e-01   1.1187969e+00  -7.0909899e-01   7.4347995e-01  -6.2741398e-02  -1.1844321e+00  -2.3737527e+00   7.7552521e-02  -7.6864031e-01   2.9504544e-01   8.0917368e-01  -2.9308048e-01   2.4810760e-01   2.5194658e+00  -3.0083888e+00
   2.0000000e+00   4.2707985e-02  -9.5423882e-02   8.8876480e-01  -1.0993893e+00  -3.3977627e-01   7.2925907e-01  -1.7466204e-01   9.7196990e-01  -4.7631800e-02   8.2118526e-01  -1.4562361e+00   4.6722434e-01  -7.3220954e-01  -8.5832154e-01   1.5654449e-01   4.0400467e-01   9.8812086e-01  -2.4119961e+00
   2.0000000e+00  -4.6024501e-01  -7.6314827e-01   1.3100027e+00  -6.0476526e-01   1.7716552e-01   5.7532237e-01  -1.3019115e+00  -2.0955504e+00  -2.3659199e+00   1.9200405e+00  -1.2749203e+00   1.5037206e-01   1.1379518e+00  -9.7565665e-01  -4.7151178e-01   2.4163849e-05  -1.1709328e+00  -3.2228155e-02
   2.0000000e+00  -1.5388800e+00   9.8835851e-01   1.6757573e+00  -7.0750130e-01  -6.1114535e-01   1.0669341e+00   8.7624694e-01   1.2217940e+00  -3.4395082e-01  -1.0855433e+00   5.0551013e-02   1.9479940e+00  -3.2032541e-01  -1.3432584e+00  -5.9669678e-01   1.5941347e+00  -1.1048853e+00  -3.2401855e-01
   2.0000000e+00   1.5894252e+00  -5.5462313e-01  -3.4787011e-01  -3.1991650e-01  -1.6773814e-01  -5.3239848e-01  -1.3310063e+00   8.9762617e-02   2.1259184e-01  -6.5729139e-01  -3.1468791e+00   1.6891847e-02   5.6927844e-01   2.7557559e-01   1.3282906e+00   6.0683506e-01  -2.9201770e-02   1.6227936e+00
   2.0000000e+00   4.2444391e-01   5.7226674e-01  -2.8214155e-01   1.2142279e+00   9.3054325e-01  -6.0248770e-01  -5.7718338e-01  -1.2334720e+00   1.9889574e-01   6.7253134e-01  -4.2956706e-01  -1.5712458e-01  -8.8473593e-01   1.2251762e+00  -2.3897237e-01   4.0763247e-01   1.3337484e+00  -5.4241622e-01
   2.0000000e+00  -2.3627466e-01   1.5945758e-01   5.6276537e-02  -3.5541590e-01   1.1480003e+00  -7.5195168e-01  -1.3519688e+00   6.5086725e-01   2.3991881e-01  -1.5482227e+00   6.3627710e-01  -3.8446596e-01  -1.3453169e-01  -8.9627390e-02  -4.3147130e-02  -4.3749128e-01  -1.6482070e+00   2.9404679e-01
   2.0000000e+00   1.1182514e+00  -1.0073814e+00   1.4130621e+00  -1.0451241e+00   4.6646485e-01  -1.3593673e-01   1.0734324e+00  -1.0968237e+00  -5.5785972e-02  -1.0377808e+00   1.6369035e+00  -1.5538224e+00  -1.9593685e-01  -8.6396121e-01  -3.1569733e-01   1.3387806e+00  -1.7427785e+00   4.5360540e-01
   2.0000000e+00   4.0848195e-01  -7.6081855e-01   1.7514833e-01   1.9750967e-01  -7.6372754e-01  -9.4700744e-02   4.4278621e-01   4.1389180e-01  -1.0991611e+00  -3.6924670e-01   1.4548571e+00  -4.4417899e-01   2.4604050e-02   2.2065929e-01  -3.8893528e-01   1.2010951e-02   1.1112400e+00  -4.0371867e-01
   2.0000000e+00  -1.3755980e+00   1.6174346e+00  -1.5334596e+00   1.2822407e+00   2.5265886e-01   6.5416880e-01  -6.6341794e-01  -2.0284482e+00   4.6673247e-01  -1.2309273e+00  -4.5676839e-01  -9.0691628e-01  -4.5249287e-01   2.7637591e-01   7.4737654e-02  -1.4250446e+00  -3.8150560e-01   2.0908587e+00
   2.0000000e+00  -4.7828214e-01  -3.0961123e-01  -1.4249554e+00  -2.8965810e-01  -1.1501163e+00  -1.5204515e+00   1.3972606e-01   5.4746674e-02  -4.4476016e-01  -2.7536960e-01  -1.5182757e+00  -5.2215816e-01  -5.9098404e-01  -1.7265974e+00   1.2654700e+00   2.1082029e+00   1.1943506e+00   4.8573783e-02
   1.0000000e+00  -9.9420985e-01   1.9153091e-01   3.7196249e-01  -1.2632446e-01   8.4177160e-01   5.9418970e-01   1.7614068e+00   6.9890148e-04  -9.4814412e-01   8.1993444e-01   3.0743568e-01  -3.4773520e-01  -7.9694976e-01  -8.5990751e-01   6.9013583e-01   1.6381703e+00   4.0334784e-01   1.5331495e+00
   2.0000000e+00  -1.0047457e+00  -3.1358190e-01  -2.3660742e-01  -2.0798271e-01  -5.1461898e-01   9.1280236e-01  -5.1127337e-01  -6.8532800e-01   7.7622273e-01   6.1751346e-01   8.4488917e-01   9.3605788e-01   9.0286646e-02  -2.6408262e-01  -2.3069639e+00  -4.7800873e-01   5.7787191e-02  -2.6276880e-01
   2.0000000e+00  -6.8597266e-01  -7.1400274e-01   3.5487477e-01  -9.7058178e-01  -2.8668308e-01  -1.1207786e+00  -4.2504211e-01  -4.4591316e-03   4.4823253e-01  -2.6756261e-01  -1.5181442e+00  -1.8317693e-01   1.4577880e+00  -8.4862454e-01  -8.1163987e-01   1.4927736e+00   1.2452880e+00  -5.0511261e-02
   2.0000000e+00   5.5705377e-01   1.0167105e+00   3.8373246e-01   1.1439683e+00   4.6684813e-01   3.7920471e-02  -4.4982312e-01   2.6376820e-02   2.3696232e-01   2.4542037e+00   5.7005664e-01   5.3699376e-02  -1.5048250e-01   9.7829980e-01  -4.2755995e-01   2.1076561e+00  -1.2384350e+00   8.4462041e-01
   2.0000000e+00   1.4845061e+00  -9.1508404e-01   5.2772781e-01  -1.3722897e-01   4.6243654e-01   8.4436704e-01  -7.2050376e-01   5.4518837e-01  -1.8597863e-01   6.5630524e-02  -1.2471493e+00  -1.6381479e+00  -4.7550342e-01  -5.5669563e-01  -5.4768038e-01   2.9790912e-01  -1.5894578e+00  -1.1605440e+00
   1.0000000e+00  -2.9294387e+00   1.8477569e+00  -4.5029480e-02  -1.2554860e+00   8.4985293e-01   1.2028448e+00   7.9483189e-02  -8.3557548e-01   1.4488448e-01   2.3396862e-01  -9.3046099e-01   1.0879284e-01   9.5330444e-02   1.6578168e-01   3.6803130e-01   1.1921537e-01  -3.3433353e-02   7.1342953e-01
   2.0000000e+00  -2.3433231e-01  -1.3607954e+00  -2.8822797e-01   2.2772925e+00  -2.0234076e+00   3.1315430e-01   6.7165996e-01  -1.4708202e+00   1.7594163e-01  -2.4886666e-01  -1.7332573e-01   2.7293075e-01   9.0897709e-01   8.9484423e-01   2.5525608e-01   1.8576548e+00   4.8444751e-01  -3.1055540e-01
   2.0000000e+00  -1.3799046e+00  -7.7996376e-01  -1.3094518e+00  -1.0409808e-01  -4.1770377e-01  -2.0908283e+00   5.0227607e-01   1.2230308e-01   9.1672030e-01  -6.2674916e-02   1.2179553e+00   3.7198723e-01   3.4658179e-01   1.3151341e+00  -3.9782815e-01  -1.3397195e+00   1.0020530e+00  -1.0463509e+00
   2.0000000e+00   6.9193593e-01  -1.3802550e+00  -9.3416629e-01  -9.6210511e-01   9.9748466e-01   1.1171754e-01   2.6334629e-01   5.9813239e-01   9.6424353e-02  -6.2845173e-01  -1.0411555e+00   1.7104640e+00   1.5933835e+00   1.9844224e-01   1.1461475e+00   1.9826849e+00   3.1396970e-01   1.5823718e+00
   2.0000000e+00  -9.3562656e-01  -2.4781951e-01  -7.7171371e-01   1.1162454e-01  -8.9254685e-01   1.6178991e+00   6.5670156e-01  -9.2154578e-01   4.2717191e-01  -7.4512763e-01   1.3786141e+00  -1.0849510e-01   7.2510269e-01   8.2751695e-01   1.2846160e+00  -2.3744924e-01   4.1158740e-01  -9.4394189e-01
   1.0000000e+00  -1.0423454e+00  -7.8021882e-01   6.1049482e-01  -6.1144067e-01   2.4146656e-01   1.2525818e-01  -2.6541903e-02   4.4955778e-01   6.2703005e-01   1.3553899e+00  -2.0175738e-01   5.2374667e-02   7.1403616e-01  -3.5709813e-01   8.3023164e-01   3.9011748e-01  -8.1713887e-01  -5.5576299e-02
   1.0000000e+00   1.7350940e+00  -1.7418571e+00  -5.5179978e-01   1.3834098e+00   7.0501592e-01   1.0846184e-01  -7.7854863e-01   6.2957904e-01  -1.4385142e-01   1.4625020e-01  -4.1805650e-01   4.0560590e-01   4.3640126e-01  -3.8126019e-02  -8.9780999e-01   9.4039495e-01   1.5054031e-01   4.4041257e-02
   1.0000000e+00   3.1147952e-01  -7.1323588e-01  -1.9068292e+00  -1.6744533e+00   3.6526590e-01  -1.3812460e+00   1.8551058e-01   7.0164028e-01  -2.1758096e+00  -5.4325389e-01   2.3757353e-01   1.2746423e+00   1.9694518e-01  -1.1469808e+00  -1.2048349e-01   4.8270543e-01  -3.1433714e-01  -5.9389655e-01
   1.0000000e+00   6.7074315e-01   4.3240261e-01  -5.6684828e-01  -9.5064851e-01   1.5397654e-01   1.3083856e+00   2.8513495e-01  -2.3844685e-01   9.3933789e-01  -1.7960686e-01   4.7745803e-01  -7.9263914e-01  -8.5984456e-01   1.0063151e-01   5.2932846e-01  -9.8804964e-01  -5.1338197e-01  -3.2861875e-01
   2.0000000e+00   1.2931836e+00   2.8713956e-01  -1.8577701e-02   1.4039109e+00   1.1721973e+00  -1.0990774e+00  -1.2287931e+00  -3.8963169e-01  -1.4983436e+00  -3.9384123e-01   7.6653337e-01   3.3662994e-01   8.5374205e-01  -1.5982537e+00   5.3196009e-01  -1.1684236e-01   1.1796518e+00   3.4213052e-01
   2.0000000e+00   3.5542322e-01   4.7653216e-01  -8.4013451e-01   1.1970663e+00  -1.1598860e+00   4.7063995e-01  -1.5049843e+00  -1.0150836e-01  -1.4852792e+00  -1.6624885e+00   1.8041213e+00  -2.9087023e-02  -1.0870354e+00  -9.7487095e-01  -1.6309236e-01   3.1683886e-01   2.8663242e+00   5.7332472e-01
   2.0000000e+00   1.4658900e+00   1.5286196e+00  -1.0389639e+00   1.7848684e-01  -1.7453541e+00   1.4857121e-01   6.3040091e-01  -1.1336997e+00   1.3059155e+00  -8.4866541e-01  -8.5156000e-01   1.8322308e-01  -9.7082736e-01   2.0748798e-01   2.4287103e-01   3.6883207e-01   4.4407300e-01  -3.9912733e-01
   2.0000000e+00  -1.2919346e+00  -3.5289874e-01  -1.5815442e-01   7.6228695e-01   9.6648534e-01   3.1201853e-01  -4.4216780e-01   8.6292909e-01  -6.2666578e-02   1.2721917e+00   1.9309345e-01  -6.0406519e-01   1.4705976e+00   5.0465979e-01   5.6183015e-01   6.5667444e-02   2.0476570e+00  -1.2146328e+00
   1.0000000e+00  -4.8827139e-01  -7.3457472e-01  -4.9101563e-01   6.4425486e-01   3.3535140e-01   1.2639457e-01   1.1733977e+00   1.9956403e-01  -2.2694455e+00   2.4251354e-01   8.4212720e-01   1.2014333e+00   3.7300471e-01   3.6520905e-01  -4.5269782e-02   2.7702784e-01   7.4306112e-01  -7.9898670e-01
   1.0000000e+00  -1.1733462e+00  -5.4084070e-01  -8.7026523e-01   1.0686875e+00   9.1570108e-01   2.1296242e-01   1.3153921e-01   4.4406044e-01   2.1129505e+00   2.1578388e+00  -3.5819587e-01  -1.2175990e+00  -1.8618716e+00  -1.2517015e+00  -2.1437142e-02  -1.9603898e+00  -3.9408057e-01   1.3583847e+00
   1.0000000e+00   5.7394160e-01  -2.6591192e+00  -1.3454508e+00   2.3458916e-01   3.5822102e-01   2.4389730e-01  -8.9732263e-01  -4.3171624e-01   1.5945405e+00  -1.3698814e+00  -1.6013588e+00  -1.2173532e-02  -9.3748379e-01  -1.8874848e-02   2.0340561e-01  -1.4395549e+00  -4.9044761e-01  -7.4316983e-01
   2.0000000e+00  -1.1590558e+00   8.4708142e-01  -1.0936767e-01  -8.3237898e-01  -1.2418534e+00  -3.7025493e-01  -1.3293945e-01  -2.3197009e-01  -1.0018827e+00  -6.6663433e-01   4.3419360e-01   6.7978553e-01   2.5919426e-01   1.0105151e+00   1.6516736e+00  -2.6752872e+00   6.5618881e-01   4.8374352e-01
   2.0000000e+00   7.2232376e-01   4.1659544e-01  -2.1456039e+00   1.1020551e+00  -4.7642012e-01  -1.4058611e+00   7.9159404e-01   1.5955359e+00   1.4510217e+00  -2.9206297e-02  -7.5919895e-01   4.8434526e-01   3.1553592e-02   5.2757762e-01   6.7185176e-01  -8.4461776e-01   7.3934232e-02  -1.7440779e-01
   2.0000000e+00  -1.1334928e+00  -9.3931094e-01   4.3321509e-01  -6.4352967e-01  -6.1496582e-01  -4.5077258e-01   2.0589367e+00   3.5245316e-01   2.0281971e+00   2.5917037e+00   7.9263143e-01   1.4559542e+00   8.6534355e-01  -1.7676282e-01  -5.6272591e-01  -1.3724040e-01   1.4813407e-01  -6.8634490e-02
   2.0000000e+00   6.7967302e-01  -5.0549951e-01  -1.2906548e-01  -4.7806329e-01  -3.8508365e-01   2.3824909e+00  -1.1295424e+00   8.6941196e-01   5.6523719e-01  -2.5153227e+00   1.9554469e-01  -3.1127470e-01   8.7408498e-01   3.0489759e-01   1.0412140e-01  -2.5284824e+00  -2.3610067e-01  -7.3993008e-02
   2.0000000e+00  -1.1367565e+00   1.2318743e+00  -4.7264247e-01  -1.3168077e+00  -6.9797689e-01  -8.9430851e-01   3.6893313e-01  -1.0170807e+00  -1.1708561e+00  -6.3756106e-01  -8.7578824e-01  -1.0077809e+00   1.3802901e+00  -7.8464874e-01  -2.1599911e-01  -2.4426280e+00  -5.2766397e-01  -3.0488625e-01
   2.0000000e+00   1.5477797e+00  -6.4086832e-01   1.6759549e-02   5.0268293e-02   2.4637287e+00   4.9957818e-01   1.6950861e+00  -1.5677715e+00  -9.6190276e-01  -4.3547552e-01  -9.0609317e-01  -9.8512038e-01   7.7418606e-01   1.8148907e+00  -8.6861873e-01  -1.2231204e+00   2.0890526e+00  -5.7348492e-01
   2.0000000e+00   1.5690147e+00   6.5059014e-01  -2.5854265e-01  -2.6179856e-01   8.0489047e-01  -5.7150033e-01   7.5158678e-02   4.0680716e-01   1.1395464e+00  -8.5466372e-02  -1.5544697e+00  -1.8556944e+00  -2.8628899e+00  -1.3187277e-01   1.6425604e+00   2.1014653e-01   1.5784941e+00  -4.0541742e-01
   2.0000000e+00  -1.1546004e+00   1.3420946e+00   4.7306896e-01  -8.0111203e-01  -6.3149482e-01  -1.0487042e+00  -7.4185987e-01  -1.9309642e+00  -3.5469299e-01   6.6966695e-01   2.6465023e-01  -9.1113065e-01   1.4688668e+00   1.3915437e+00   6.0260761e-01  -2.6485606e-01  -1.8834694e+00  -1.1574640e+00
   2.0000000e+00  -2.9095994e-01   7.1131773e-01   1.1948127e-01  -6.5570671e-02   1.1567166e+00  -9.9927901e-01   1.5588846e+00   3.3730793e-01  -1.9629460e-01  -1.8847006e+00  -2.2921057e-01  -3.0107881e-01  -5.9336634e-01   4.7778435e-02   8.2963006e-01   9.9626706e-01  -1.6229155e+00  -2.4342955e-01
   1.0000000e+00  -8.4048800e-01   3.5450249e-01   4.5681747e-01   1.2928281e+00   4.3860906e-01  -2.8587053e-01   1.6304967e-01  -2.2484051e+00   6.2791615e-01  -1.2625914e+00  -6.1208953e-01  -1.0150855e-01   4.9302044e-01  -2.1483095e-01  -9.4739436e-01   5.1094514e-01   2.7969176e-01  -9.4467270e-01
   2.0000000e+00  -1.0126601e-01  -5.2022307e-01   3.5084195e-01  -1.4205338e+00   1.0984810e+00  -1.0093037e+00   1.0817604e-01   1.3339271e+00   2.2843520e+00   4.5272286e-01  -1.9439626e+00  -2.9487346e-01  -2.2912774e+00  -5.6238727e-02  -2.3583095e-01  -2.3820242e+00   3.5905400e-01   7.8947689e-01
   2.0000000e+00  -1.0266391e+00  -1.0119748e+00   1.7085867e+00   2.2480779e-01  -1.3154334e+00  -2.1070664e-01   1.1095586e+00   6.7859178e-01  -1.9688198e-01  -1.2630946e+00   1.0890497e+00  -1.9914248e-03  -5.7118757e-01  -5.7690599e-01  -2.1592060e-01   2.0038937e+00   1.5798595e-01   2.7804252e-01
   2.0000000e+00  -2.6598178e-01   6.8563257e-01  -2.3809429e+00   1.1506840e+00  -1.7717035e+00  -1.9688211e-01   4.2023235e-02  -4.0587966e-01  -1.5494420e+00  -2.5707557e-01  -5.8742231e-01  -1.4820600e-01   5.2026067e-01   3.1654248e+00  -5.8805563e-01  -4.7932215e-01   2.6295490e-01   6.5919686e-01
   2.0000000e+00  -1.8248191e-01   2.9887654e-02   1.1492200e+00   1.7179220e+00  -5.7410212e-01   4.2651904e-01  -5.1413291e-01   2.4581312e-02  -4.8806364e-01  -2.7463596e-01   1.1056701e+00  -5.6343010e-01   1.0044708e+00   7.0667352e-01  -1.3241782e+00  -5.4941216e-02   2.6899976e+00   5.5862666e-01
   2.0000000e+00  -1.1989969e+00   2.6707642e-01  -1.2914390e+00  -1.0656807e+00   1.5933201e+00  -3.4574950e-01  -1.1341735e+00   1.0825824e+00   1.5337415e+00  -3.3057274e-01   1.3393622e+00   6.5417546e-01   1.0360604e+00  -3.8691604e-01   1.7447169e+00  -1.4520112e+00  -1.2417030e-01   3.4706248e-01
   2.0000000e+00  -2.2885604e+00  -1.4140204e+00   2.0742044e-01  -3.1348400e-01  -1.3528824e+00  -1.5826011e+00  -5.8236993e-01  -9.3912735e-01  -1.5456026e-01  -1.0177704e+00  -8.5914735e-01  -6.9643537e-01   2.8939374e-01  -3.6367948e-01  -5.0611336e-01  -6.0142371e-01  -8.3565386e-01   1.1433073e-01
   2.0000000e+00  -4.0012426e-01   3.1673240e-01   3.3693176e+00  -5.1917070e-01  -1.3994158e-01   5.8929495e-01  -2.0890398e-01  -3.9326484e-01   6.0092111e-01   1.2840542e+00  -4.4252110e-01  -1.8859200e-01   9.4722106e-01  -4.5368538e-01   9.2092254e-01   1.0081590e+00  -8.8860025e-01  -2.2937683e+00
   1.0000000e+00   4.4344562e-01  -1.6408806e+00   5.3320116e-01  -1.4996619e+00   5.1967585e-01   1.0190235e+00  -2.4326828e+00   8.9016406e-01  -6.3280441e-02  -1.0414116e+00  -1.1736468e+00   2.5429017e-01   6.0842927e-01   1.4831145e+00   1.1269618e+00  -2.1801217e-01   3.8290113e-01  -9.5691466e-01
   2.0000000e+00   4.4825079e-01  -2.9526696e-01  -1.5218177e+00   1.4205258e+00  -3.6620346e-01   3.3755415e-01  -1.1474791e+00   6.2702367e-01  -1.7069423e-01  -1.3582122e+00  -9.6496084e-01   2.1670126e+00   1.2868280e+00  -6.2526202e-01   1.0952724e+00   1.8097739e+00  -1.9358364e+00  -1.2537781e-01
   2.0000000e+00  -8.5094555e-02  -3.7841035e-01  -2.1736938e+00   7.2027469e-01  -3.3030993e-01   1.1608194e+00   1.3378892e-01   1.1980236e+00   4.8818485e-01  -1.3829571e+00   3.8824481e-01   3.5479336e-01   5.1976534e-01  -8.9446937e-01  -3.6022884e-01   3.0543848e-01  -1.0293831e+00   1.2698736e-01
   2.0000000e+00  -1.0766087e+00   7.9990047e-01  -7.3684537e-01  -5.7919858e-01   1.9029248e+00   8.6018041e-01   1.5088688e+00   8.3327890e-01   1.9219045e-01  -5.0644369e-01  -1.4383464e+00  -1.0802245e+00  -1.3479779e+00  -8.5650693e-02  -1.1589016e+00   1.9948488e+00  -1.7401310e+00   1.4563343e+00
   2.0000000e+00   7.2604458e-01   5.0791103e-01   3.9383198e-01   7.8555542e-01  -3.1964932e-01   1.6560756e+00   1.4605715e+00   8.7614960e-01   8.9744060e-01   2.9312233e-01  -2.4858921e-01   6.3434707e-01  -1.2407844e+00   2.1468880e+00   9.6693249e-01   1.2726453e+00   1.7298622e-02  -1.8101861e+00
   2.0000000e+00  -1.0710363e-01   4.6714617e-01   9.0655949e-01   1.2285781e-01   8.5893958e-02   1.3213183e+00   1.7295112e+00  -1.8224932e+00  -5.4423004e-01  -7.0685091e-01  -3.6544617e-01  -2.3393335e-01   1.0666928e+00  -1.3165200e+00   1.4767255e+00   3.0263258e-01   1.3208714e+00  -4.9837957e-01
   2.0000000e+00   7.0346314e-01  -5.2366005e-01   4.1945614e-01   6.4900312e-01  -1.0295863e+00  -7.2579581e-01   2.7781937e-01  -1.5591976e+00   2.3353770e-01  -2.8833071e-01  -3.0446240e-01  -3.8540838e-01   2.9314946e+00  -1.3404872e+00  -2.2744461e+00  -1.0492700e+00  -1.1391010e+00  -6.8817199e-01
   2.0000000e+00   1.6687530e-01  -2.7848426e-01  -4.3207553e-01   1.4712104e+00   1.7262755e-01   5.1763584e-02   7.3163953e-01  -1.3316400e+00  -9.1443286e-01  -6.6088383e-01  -5.5624732e-01  -2.4970461e-01   3.5850452e-01  -1.7258085e+00   3.9043038e-03  -6.9511688e-01  -2.0627729e+00  -1.6495056e-01
   1.0000000e+00   2.3386013e-01   1.2440015e+00  -4.0244456e-02  -2.7322898e-01   3.9021548e-01   2.3257124e+00  -3.0229889e-02   9.7140971e-01   1.0756323e+00   1.2198978e+00  -6.0852341e-01  -1.3974776e+00   1.7023173e+00  -4.5174937e-01   1.7389942e+00   2.8608387e-01   6.9454275e-01   8.2951740e-01
   1.0000000e+00  -7.0203503e-01  -1.1849219e+00   2.0850342e+00  -1.8510359e-01   5.8358066e-01  -1.2576708e+00  -3.1094633e-01   5.3352143e-01  -3.0969614e-01  -9.8379514e-02  -3.1785834e-01   6.4586242e-01  -3.8963424e-01  -2.3819881e+00  -1.2215363e+00   9.4114418e-02  -7.8923237e-01   8.9136154e-01
   2.0000000e+00  -1.3955362e+00   1.4023979e+00  -1.3063597e+00  -1.3715381e+00  -4.4628631e-01  -2.1816833e+00   9.3207499e-01   1.4334136e+00  -1.0059189e+00  -1.1486956e-01   1.1044563e-01   2.3599618e-01   1.6235415e-01   8.9255766e-01   3.2204202e-01  -3.6229399e-02   1.9147682e-01  -5.6821462e-02
   2.0000000e+00   2.1790092e+00  -1.0485848e+00  -7.8832450e-01   4.4583364e-01   1.4580691e+00   2.7184965e-01  -2.6328218e+00   8.3556553e-01   7.7586775e-01  -2.0467152e+00   3.3399595e-01  -1.2489090e+00  -2.9814365e+00  -7.8174281e-01   1.5866276e-01   3.0576131e-01   1.0188166e+00  -1.5707906e+00
   2.0000000e+00  -3.5694503e-02   9.5964029e-01   9.1188663e-01  -1.4407418e+00   7.5165397e-01   1.4319198e+00  -1.2859687e+00  -2.0175669e+00   7.1422064e-01  -5.9100470e-01   1.4534066e-01   8.4267228e-01  -5.7245103e-01  -6.0804516e-01  -3.4581751e-01  -1.0091471e+00  -9.5461047e-01   2.5028537e+00
   2.0000000e+00  -2.1996126e+00  -8.7955414e-01   8.3224747e-01  -8.0171286e-01   1.4895644e+00   1.2043436e+00  -1.8471816e+00  -1.9750536e-01   3.0123706e-01   1.5379782e+00   3.2577339e-02  -7.3751754e-02   2.6009272e+00  -7.4978792e-01   4.3935472e-02   2.0854507e-01  -4.7352126e-01   1.4685764e+00
   2.0000000e+00   5.7566612e-01   8.0839787e-01   4.5245249e-01   1.9625586e+00   2.0510867e+00   2.0820841e-01   3.2169180e-01  -6.7958429e-01   1.6256488e+00  -5.0756616e-02  -9.0091634e-02   1.4104275e-02   2.4824704e+00   2.1513268e+00   4.9266192e-01   6.4391200e-01   1.4061008e+00   1.4443767e+00
   2.0000000e+00   5.0758053e-01   1.1456951e+00  -1.7788030e-01  -7.0708285e-01  -7.6969431e-01   9.4084862e-01   1.2204572e+00   3.4958059e-02  -1.0739618e+00   1.6491135e+00  -7.3373043e-02  -1.2559114e+00  -2.5067403e+00  -1.1984864e+00   2.3477633e+00  -8.2116694e-01   2.1982393e-01  -1.8904985e+00
   2.0000000e+00  -9.4412943e-01  -1.1313017e+00  -4.2464098e-01  -1.3033157e+00   3.9719926e-01  -1.3525467e-01   1.9738265e+00   5.6586127e-01  -3.0079559e-01   1.2144892e+00   1.2672677e+00  -1.0016255e+00   6.7129483e-01  -1.1203935e+00  -3.7912241e-01   2.8122031e-01  -1.7691664e+00   2.1651507e-01
   2.0000000e+00   1.6470705e+00  -8.1917449e-02   2.4866058e-02   1.5015321e+00   4.6318590e-01   8.3833698e-01   7.7424703e-01   1.2777895e+00  -6.0882815e-01  -1.8299954e-01   6.7957082e-01  -3.0175354e-01  -2.5872309e-01  -6.7413538e-01   9.8459365e-01  -1.5016906e+00   9.8450494e-01   3.1047242e-01
   2.0000000e+00   1.4658955e+00   8.7798591e-01   8.8436884e-01  -3.5444388e-01   1.3485008e-01   1.3114493e+00   9.1265438e-01  -7.8397799e-01   2.2395727e-01   9.7511518e-01  -1.3167947e+00   1.1134725e+00  -1.2239850e-01  -7.2308468e-01  -6.1569645e-01  -2.2157697e-01  -1.1253192e+00   7.5761864e-01
   2.0000000e+00  -1.4475857e+00  -1.0879763e+00  -7.4214218e-02   5.7782766e-01   6.3614717e-01  -1.9003739e-01   7.7862732e-01   2.0909370e-01  -3.9934916e-01  -1.3439290e+00  -5.8841946e-01  -8.6339523e-01  -6.5892170e-01   7.8340881e-01  -5.0010103e-01   9.1704809e-01  -1.0570494e+00   1.2434798e-01
   2.0000000e+00   8.1805027e-01   1.4635466e+00  -8.1780522e-01   1.3336492e-01  -1.6027048e-01  -3.4284981e-01   1.3855833e+00  -5.8479025e-04  -6.0411361e-01   1.6514656e-03   9.9875101e-02  -4.4870306e-01   7.3353504e-01   1.8630973e+00  -6.7386498e-01  -1.1111632e+00  -8.1169675e-01   9.9322448e-01
   2.0000000e+00  -8.3569542e-01   1.0728813e+00  -6.1944252e-02   1.4866781e+00   1.6657677e+00   1.0195461e+00   1.1400754e+00   1.0980126e+00   1.7173431e-01   8.0567425e-02  -1.2492576e+00   5.4891364e-01   1.1538887e+00  -1.3017960e+00  -4.2697611e-01  -2.6538625e-01   2.9233474e-01  -2.2820874e+00
   2.0000000e+00   2.0311879e+00  -1.4711386e+00  -3.9131308e-01  -6.5426515e-01  -1.8780901e+00   5.1954286e-01   3.8699492e-01  -4.3712715e-01  -2.6286712e-01  -6.3554220e-01  -8.8286494e-01  -1.3555734e+00  -7.1403745e-01  -6.8671219e-01  -5.5249770e-01  -7.3457380e-01   6.3522683e-01  -1.0522189e+00
   2.0000000e+00  -4.1606280e-01  -2.5325264e-01   2.4989841e+00   1.3235381e+00   1.2025399e+00  -8.9470024e-01   2.2352329e-01   7.1022979e-01  -1.3729587e+00  -1.3297563e+00   5.9828834e-01   3.7933942e-01  -1.2735886e+00   1.2049768e+00  -1.6446356e+00   5.2743103e-01  -1.0886692e+00   7.5657119e-01
   2.0000000e+00  -1.8259971e+00   2.5500593e-01  -1.5920040e+00  -6.5283242e-01  -5.9451070e-01  -2.0809667e-01   7.5215472e-01   4.1291908e-01  -2.0621538e+00   4.7867056e-01   6.2600397e-01   6.3242742e-01   5.9052784e-01   1.4471743e+00  -4.4915923e-01   2.2880942e-01   1.3769938e-01  -1.1778439e+00
   2.0000000e+00   4.7958126e-01  -1.0297855e+00  -2.3973825e-01   6.0187432e-01  -3.1316690e-01  -4.9067346e-01  -7.1020151e-01   9.1533212e-01   7.4892896e-01   3.0792909e-01  -7.3609041e-01  -2.9608920e-01  -1.5012696e+00   1.3301455e+00   8.6981474e-02  -1.6033296e-01  -3.8616382e-01   8.3545835e-01
   2.0000000e+00  -3.0694190e-01  -9.0471193e-01   2.2211797e+00   7.4206154e-01  -4.6560920e-01  -7.4739919e-01   3.2284492e-01  -1.7788029e+00   9.6437393e-01  -6.1512918e-01   6.0223744e-01  -1.3398072e-03  -8.1490993e-01  -5.0974468e-02  -7.8114406e-01   2.5789127e-02  -9.7693460e-01   3.1071628e-02
   2.0000000e+00  -3.3327502e-01  -3.2092142e-01   3.7089477e+00  -3.7093367e-01  -3.4575185e-01  -1.7218733e+00  -4.9955693e-01   2.8293017e-01  -1.2267073e+00  -6.7520484e-01   2.4986795e-01  -1.7443313e-01  -2.5952870e-01  -1.5077736e+00  -7.2584630e-01  -3.3900069e-02   1.3502057e-01  -1.1775662e-01
   2.0000000e+00  -3.4452629e-01   1.0430273e+00   2.8479172e+00  -8.4648442e-01  -1.2368501e-01   9.8780156e-01  -1.1257297e+00   9.3996524e-01  -9.6407467e-01  -3.7639254e-01   1.6809313e-01  -1.6784352e-01   1.0654340e+00   9.2043040e-01   1.2813886e+00   1.4194413e+00  -3.3016972e-01   2.7885742e-01
   2.0000000e+00   8.1132081e-01  -7.3086439e-02   1.1759981e+00  -2.8988171e-01   1.6248318e+00   1.3772162e+00  -9.2977620e-01  -4.0352177e-01  -3.4245639e-01  -8.2470267e-01   1.3706265e+00   1.1004923e-01  -3.1787974e-01  -2.3930584e+00  -7.3100806e-01  -1.3750160e+00  -1.2285196e+00  -1.6971683e-01
   2.0000000e+00  -8.5692278e-01   1.4206882e+00   8.9415135e-01  -4.0032589e-01  -6.9842366e-01  -1.0638181e+00  -9.1601293e-01   1.3090490e-01   2.7812592e-01   5.3300019e-01  -9.8948209e-03  -7.3831680e-01  -1.3518532e+00  -1.9557478e-02  -1.8907634e+00   3.3745409e-01   1.2638710e+00   1.5281011e-01
   2.0000000e+00  -7.3990617e-01  -4.8311725e-01  -1.6323422e+00   1.9380498e+00  -4.8051854e-01  -1.7655869e+00  -5.9432273e-01  -4.6830315e-01   2.5163593e+00  -1.1971342e+00   2.0736967e+00  -5.8036133e-01   1.5632952e-01   2.2747688e-01   9.8366393e-01  -9.9750445e-02   3.6679646e-01  -1.4372672e+00
   2.0000000e+00   1.0237654e+00   4.6126777e-01   9.5356477e-01   9.2541405e-01  -7.8457581e-01  -3.2205701e-01  -1.9288250e+00  -1.2040432e+00   2.4059785e-01  -4.1784317e-01   6.6627592e-01   4.9932112e-01  -1.2012852e+00   1.4665006e-01   6.9798949e-01   2.5972063e-01  -6.7866400e-01   1.1140457e+00
   2.0000000e+00   5.7886714e-01   3.4345644e-01  -1.6680508e+00  -4.8998530e-01   5.7439690e-01  -5.7999917e-01   8.8053397e-01  -3.9627210e-01   8.3777705e-01   6.7787634e-01   8.3933224e-04  -1.9106853e+00  -1.8731712e+00  -9.5593785e-01  -1.4149605e+00  -1.1333425e-01  -1.4134430e+00  -1.3295846e+00
   2.0000000e+00   1.2477329e+00   2.0794152e+00   2.6835689e-02  -7.7744818e-01  -7.2276019e-02   1.6033617e-01   7.4519666e-01   1.5202867e-01  -5.0440445e-01   2.8539724e+00  -4.1585998e-01  -8.9604747e-01   1.7804033e-01  -2.8895966e-01  -1.0320793e+00   1.8568934e+00  -1.7811445e+00  -2.3854778e+00
   2.0000000e+00  -2.2144784e+00   3.2003945e-01   2.1157847e-01  -1.0462506e+00   1.2081240e-01   9.0484542e-01   4.3313813e-01  -9.3050642e-01   1.0142357e-01  -5.6000104e-01  -1.0960626e-01   7.6086607e-01   5.1769872e-01  -7.7938321e-01   1.4932362e-01  -2.4883316e-01  -1.6955417e+00  -7.1178005e-02
   2.0000000e+00   3.7955957e-01  -9.3641727e-01  -5.7294261e-01   6.3180893e-01  -2.0200656e-01  -2.1244914e+00  -1.7604354e+00  -7.7002917e-01  -5.4571471e-01  -4.0990129e-02  -7.2688215e-01   9.3315514e-01  -4.8310349e-01  -2.0998774e+00   4.9236919e-01   6.7418009e-01   3.0553955e-01  -5.3235917e-01
   2.0000000e+00  -3.4039728e-01  -6.7372267e-02   1.2113494e+00  -9.6225236e-01  -9.7292419e-01   3.7689801e-01  -1.7476782e+00  -7.9220599e-01  -1.1487825e+00   1.7225411e+00   2.1836026e-01   1.6534751e+00   6.0464976e-01   5.1620114e-01   1.2248908e-02  -5.7622158e-01  -3.8023279e-01   1.7659393e+00
   2.0000000e+00   6.3633666e-01   1.3139013e-01   8.8511664e-01   1.4228699e+00  -1.4102711e+00   1.3353511e+00  -8.3204264e-01  -1.0305656e+00   1.2096351e+00  -2.8362097e-01   9.8082193e-01   1.2803319e+00   8.8819444e-01   9.1788833e-01  -8.6843179e-01  -1.0451300e+00  -1.2218185e+00   1.0035302e+00
   2.0000000e+00   3.8985817e-01   9.9508560e-02   1.5102653e-01   1.4646780e+00  -3.3895849e-01   1.7197068e-01  -3.1343138e-01  -6.9773850e-01  -4.3830625e-01  -3.6884067e-02   1.6003458e+00   7.6614918e-02  -3.6202832e-01  -1.5527791e-01  -9.9094742e-01  -6.0419036e-01   8.8614476e-01  -2.4650602e+00
   2.0000000e+00  -5.6832429e-01  -1.0091849e+00  -1.2053030e-01   9.4771164e-01  -1.0728782e+00   1.7918492e+00  -1.7919154e+00   8.9272863e-01   5.1573760e-02  -4.9211960e-01  -1.5378883e-01  -4.0521410e-01  -1.1524721e+00  -1.2014109e+00  -1.6581890e+00   5.8979906e-01  -2.0875547e-01  -6.9101480e-01
   2.0000000e+00  -8.3997689e-01   2.4896698e+00  -7.0173097e-02  -1.7398368e-01   2.6585247e+00   9.3660779e-02  -2.1925499e+00   7.5320312e-01   4.8949881e-01  -8.8381835e-01  -4.9483013e-01   5.1859819e-02  -3.8418353e-01  -8.4153110e-01  -4.5759556e-01  -1.2113633e+00   3.1004128e-01   9.4502814e-01
   2.0000000e+00  -1.6471974e-02  -8.9101385e-02   5.3691012e-01   6.2335144e-02   1.0972279e+00  -9.0636284e-02  -1.7294358e+00  -1.3362453e+00   7.0126238e-01   5.8036899e-01  -1.1964085e+00   6.5225134e-01   1.4536218e+00   6.5556941e-02  -2.7061160e-01  -1.2725078e+00  -1.0571326e-01   2.6458654e-01
   2.0000000e+00  -8.2242707e-01   7.6638283e-01   1.3860739e-01  -1.1922227e+00  -8.6882449e-01  -9.1113627e-03  -5.3908435e-01  -5.5117050e-01   2.3821011e-01   9.3472339e-02  -1.4879485e+00  -7.5402766e-01   2.9517741e-01  -5.4653820e-01   6.6365958e-01  -1.5664281e-01  -9.6676443e-01  -3.4586322e-01
   2.0000000e+00  -1.6945571e-01   6.2931826e-01  -2.3740521e+00   2.0684101e-01   2.0168067e-01  -2.4444464e-01   1.2957184e+00   3.0784182e-01  -3.2129489e-01  -6.4994740e-01   1.8000538e-01  -1.8644738e-01   1.1421246e+00   2.3991013e-01  -9.0417699e-02  -1.2061474e+00  -1.0613237e+00  -4.3160613e-03
   2.0000000e+00   3.8930677e-01  -1.7440632e+00   5.9628382e-01   4.5112600e-01  -2.0145617e+00  -1.1714044e-01   9.6298300e-01   6.7227176e-01   2.9746052e-01  -9.6237047e-01  -1.4258425e+00   8.5878777e-01  -8.0036900e-02  -2.0930395e-01  -1.1098635e+00  -1.3493175e+00   6.6344288e-01   4.5142271e-01
   2.0000000e+00  -1.4781564e+00  -7.2048130e-01  -3.7252361e-01  -5.6022694e-01  -4.2669482e-01  -3.0459301e-01   1.3186967e+00  -7.0579694e-01  -1.7226952e+00  -6.6817517e-01  -2.9742726e+00  -4.8612444e-01   5.4380299e-01   3.2483937e-01   8.1527588e-01  -1.9270380e+00   1.1190434e-01  -9.1083114e-01
   2.0000000e+00  -2.1175914e+00   8.4796297e-01   4.2885790e-01  -3.5513923e-02  -2.0731613e-01   6.4920828e-01   8.7562923e-01  -5.3832902e-01   5.7217763e-01   5.7580517e-01  -6.8997802e-01   5.1185277e-01  -6.6474374e-01   5.4605996e-02   1.3327414e+00  -1.2916110e-01   3.4450615e-01  -1.8725755e-01
   2.0000000e+00  -7.1164353e-02  -1.2283936e+00   1.0182127e+00  -2.7830308e-01   1.5505025e+00   2.4686798e+00   9.5688396e-01   3.8969823e-01  -3.7531526e-01   5.1720152e-01  -4.8932467e-01  -1.0757395e+00   1.6489487e+00  -1.6868337e-01  -2.6261121e-01  -1.4461415e+00   6.2329403e-01  -6.6236136e-01
   2.0000000e+00  -1.5616181e+00  -5.0275880e-02   1.8506951e-01   1.7277074e+00  -1.8222475e+00   3.1606289e-01   2.3588810e+00   1.2984696e-02   9.8885718e-01   4.5940868e-01   3.5128622e-01   1.0188945e+00   4.2423974e-02  -2.5535351e-01   1.7157807e-01   2.3702365e-01   4.0743130e-02   5.1129738e-02
   2.0000000e+00  -1.5611719e+00   2.5887062e+00  -7.2881680e-01  -1.0525848e+00  -7.3142297e-01   1.1403901e+00   1.7038988e-01  -8.5962878e-02   5.4235037e-02  -3.7231640e-01  -1.1858695e+00  -1.0252681e+00  -3.6397989e-01  -8.3309887e-01  -9.2333010e-01  -1.7584682e+00  -1.7937166e+00  -7.7911333e-01
   2.0000000e+00  -1.0845702e+00   2.3564332e+00   5.9493615e-01   1.0999242e+00  -1.9998413e-01   2.3995064e-01   6.1634715e-01  -1.5513639e+00  -1.0863779e-01   8.4230725e-01  -9.3956975e-01  -6.4190313e-01  -1.3470083e+00  -2.1522172e-01   3.3470341e-01   2.4215628e-01   3.5684845e-01   5.2932808e-01
   1.0000000e+00   1.5410468e-01   3.1757734e-01  -2.4503486e-01   4.4658531e-01   1.7171164e-01   7.7653242e-01  -2.1839084e-01   5.8394245e-01   4.7807233e-02  -5.4713902e-01  -8.8700362e-01   2.0324750e+00   2.0282808e+00   1.1598239e+00  -8.7464227e-01   2.8070607e-01   3.2326633e-01   1.3307681e+00
   2.0000000e+00   9.8127954e-01   1.4315550e+00   3.2293995e-01   1.2563639e+00   1.7202365e+00  -1.0791403e+00   1.3080956e+00   6.0078752e-01  -8.7535087e-01  -3.7314543e-01  -1.8967970e-01  -1.0064273e+00  -1.4984768e+00  -3.1188300e-01   1.5291502e+00   2.4502075e-01  -8.4580857e-01  -1.4452743e+00
   2.0000000e+00   1.8368329e+00   4.6399826e-01  -6.1489910e-01   3.9720840e-01   7.1925227e-01  -5.9544517e-01  -3.0663481e-01  -1.8785393e+00  -5.7612160e-01   6.8902114e-01   1.3708991e+00   1.1916550e+00  -7.0245432e-01  -1.0953335e+00   1.2869029e+00   1.1366953e+00   1.3441026e+00  -9.6214050e-02
   1.0000000e+00  -9.8200566e-01   8.1419201e-03   1.7231080e-01   8.4513623e-01   6.9964061e-01   1.1348207e+00  -5.7467606e-01  -1.7992143e-01  -1.0913901e+00  -1.2252564e+00  -1.0771832e+00  -9.6752354e-01   9.2353442e-01   1.2955842e+00   6.4093250e-01   7.8555672e-01   7.1440487e-01   2.3170460e-01
   2.0000000e+00   3.0663172e-01  -8.0981361e-01   1.1488013e+00  -1.5759505e-01  -7.4556219e-01   6.2696410e-01   1.7454525e+00   1.1479360e+00   2.6559855e-01  -1.6868808e-01  -1.3800492e+00  -2.2589869e+00   1.4604206e+00  -1.5320742e+00   1.0750690e+00   2.3252441e-01  -8.3219013e-01  -1.0241411e+00
   1.0000000e+00   9.7790334e-01  -9.0192690e-01   5.3082389e-01   1.2768737e-01   5.9455319e-01  -2.4936230e-01  -3.5492413e-01  -1.2533697e+00  -8.2442991e-01   1.4465749e+00  -3.4433642e-01  -1.7349777e-01  -1.4410192e+00  -1.2527168e+00  -2.4673125e-01   1.0226405e+00  -3.7974707e-01  -1.3996790e+00
   2.0000000e+00  -4.9657690e-01   2.4099995e-01   4.4612542e-02  -9.1099887e-01  -7.6233792e-01  -4.7231617e-01  -1.3951053e+00   1.3274053e-01   1.3254241e+00   1.1294500e+00  -6.8007020e-02   1.6564194e+00  -2.5545060e-01  -2.4865113e+00  -1.6469519e+00  -4.4983146e-01  -6.4066728e-01   5.7361750e-01
   2.0000000e+00   5.7552981e-01   6.4409684e-01   3.9731192e-01   4.1340106e-01  -9.8428414e-02   2.4875926e+00   7.4376690e-01   2.0453398e-01  -2.6237188e+00   2.5756513e-01   1.4679298e-01  -1.1684956e+00   3.4220793e-01   9.1233278e-01  -1.0240987e-01  -1.5704131e+00  -9.8721336e-01  -6.1780848e-01
   1.0000000e+00   4.9865327e-02  -4.9332219e-01   1.8744221e+00  -1.2741268e+00   1.7601006e-01  -8.6995843e-01   6.5933765e-01   6.4600043e-01   7.7673631e-01   3.2682511e-01  -1.0596580e-01   1.1213492e+00   6.6633862e-01  -4.8392327e-01  -6.9579839e-01   7.2792565e-01  -3.6099311e-01   1.5500128e+00
   1.0000000e+00   6.4983186e-01  -2.3546098e-01   7.9602189e-01   1.8498005e-02   7.5286535e-01   2.4196456e-01   3.9896169e-01  -1.1935686e+00   1.2370633e+00   2.1945214e-01   4.0185118e-01  -1.4032177e-01   1.6944029e-02  -1.8892454e+00   1.2518548e+00  -8.8571461e-01   1.8549965e-01   4.3146908e-01
   1.0000000e+00   9.1563843e-01  -8.1122146e-01  -4.1437413e-01  -8.4631993e-01   5.4223772e-01   6.9340071e-01   1.0076272e+00   6.2708739e-01  -7.7093481e-02   6.7898926e-01   8.4171969e-01   1.8239521e+00   1.0465252e-01  -6.1079182e-01   6.2239892e-01  -1.1346893e+00  -2.3336869e-01  -1.0226813e+00
   2.0000000e+00   9.9411763e-01  -3.9334901e-01   5.7116849e-01  -1.9453003e-01   1.5785914e-01   4.0322682e-01   5.0955164e-01   9.2126681e-01   7.3022684e-01   1.0954188e-02   1.3172074e+00   7.7324265e-01  -2.6193484e-01  -1.3440522e-01  -3.1760191e-01  -1.0497834e+00   1.3267096e+00  -1.4479073e+00
   2.0000000e+00   7.2074895e-01   3.2162494e-01   1.1860821e+00   2.2170748e-01  -9.4478020e-01  -2.6458599e-01  -1.0514462e+00   3.9700211e-01  -6.0518000e-01  -5.1315657e-01   1.4104973e+00  -1.9188110e+00   2.1536714e+00   8.0820212e-02   1.0154876e+00  -2.8428603e-01   1.9762786e+00  -5.3333228e-01
   2.0000000e+00   2.6936985e-01  -8.3269147e-02  -2.0543103e+00   3.9558997e-01  -1.7451333e-01  -6.0181327e-01   2.2991632e+00   4.1075625e-01   1.4061942e+00   5.2290660e-02  -8.4280843e-01   7.6606508e-01  -1.7587991e-01  -1.3763201e+00  -2.0541631e-01  -6.9586718e-01  -9.8078541e-01  -1.6452840e+00
   2.0000000e+00   8.2898509e-01   1.0404807e+00  -9.4463038e-02  -2.9841755e-01  -6.0518043e-01  -1.8718177e+00  -7.9224121e-01  -4.9545558e-01  -7.9116227e-01  -2.0553568e+00   9.8168576e-01   1.2676891e-01   1.0036646e+00  -5.0203788e-01   1.0262489e+00   7.7897623e-01   1.3521159e+00   4.0274490e-01
   2.0000000e+00  -7.4204545e-01  -1.7797394e+00   1.3101622e+00   3.7841267e-01  -6.6674176e-02  -3.5611130e-01   8.7760199e-01   1.2966023e+00  -2.2788750e+00  -7.8914917e-01  -9.8126530e-01   7.2635476e-01  -1.0918434e-01  -9.6975112e-01  -7.4982632e-01  -3.9458051e-01  -8.4886312e-01  -1.1235723e+00
   2.0000000e+00  -2.4506220e+00  -2.6541105e+00   1.2265782e+00  -7.3658637e-01  -1.1329815e+00   9.1314990e-01   5.8492666e-01  -1.7164848e+00  -5.9351864e-01   3.4831077e-01   2.6288303e-01  -6.6013990e-01   3.9847169e-01   1.8843305e+00   7.8003042e-01   1.1452073e+00   6.6445461e-02  -5.6625632e-01
   2.0000000e+00   4.7479328e-01   6.6200876e-01  -1.0437676e-01   7.9871415e-01   6.7371633e-02  -7.3497492e-01  -1.2742719e+00   7.4295964e-01   8.8899941e-02  -1.3894908e+00   4.3124104e-01  -4.0843025e-01   1.1057938e+00  -1.6212272e-01  -1.0421357e+00  -2.3011947e+00   2.6145522e+00  -8.2998822e-01
   2.0000000e+00   5.3296372e-01   1.0742000e+00  -1.3583233e+00   7.3640667e-02   8.4062430e-01  -1.9253045e+00  -3.4427377e-01  -9.0050507e-02  -2.0627389e+00   9.4120674e-01  -1.0231901e+00  -1.6023988e+00   7.2737352e-01  -1.9156203e+00  -1.1472718e+00   1.7746405e+00  -2.2685158e+00  -1.4356571e+00
   2.0000000e+00   5.4364654e-01  -1.6298498e+00  -1.0589435e-01   2.0964180e-01  -9.5340252e-03  -1.8608846e-01  -6.6557232e-01   1.9519612e-01  -6.7338340e-01   3.4566304e-01  -5.4422724e-01   2.5439264e+00   1.4696035e+00  -3.4416893e-01  -1.9808855e+00   3.0063192e-01   5.0428053e-01   2.1807022e-01
   2.0000000e+00   6.3634794e-01  -7.9661976e-02  -6.1525694e-01  -1.1604444e+00   3.7071334e-01  -5.1407308e-01  -4.6780975e-01   4.7729889e-01   1.8447498e-01  -1.5994391e+00  -1.0826792e+00   1.2563124e+00  -2.9258956e-01   4.2185084e-01  -6.4433142e-01  -6.2823009e-01   1.0738829e+00  -3.2307941e-01
   2.0000000e+00  -5.6844663e-01  -9.6941050e-01  -4.4668707e-01  -1.5004104e+00  -2.4270832e-01   1.7785198e+00  -1.4242311e+00  -1.9916027e-01  -6.6267981e-01   9.0407763e-01   2.3132490e-01   7.8168968e-01   9.7810700e-02  -1.3970481e+00   9.9993673e-01  -2.2766026e-01   4.1076490e-01   3.9278644e-02
   2.0000000e+00   1.7983680e+00   1.7602755e+00   1.3132631e+00  -3.3494676e-01  -1.0405430e+00   7.8311176e-01  -9.5097142e-01  -2.0915750e+00  -1.7375637e-01  -1.6094130e-01  -2.3307323e+00  -5.9133031e-02  -1.6473221e+00   2.2351030e+00   1.1306912e+00  -5.9362231e-01  -2.0482902e+00  -4.5258268e-01
   2.0000000e+00   1.6712888e+00   6.1450717e-02  -1.5404703e-01  -1.2864440e+00   4.8620675e-01  -1.0596859e+00  -6.1825317e-02   4.4640422e-01   9.3779357e-01  -2.7033390e-01   9.0900716e-02   6.9303403e-01   1.9855663e+00   1.0447387e-01  -1.7602456e+00   3.9805677e-01  -1.2097249e+00   1.4656785e+00
   2.0000000e+00   2.2786475e+00   1.6863070e+00  -2.1465076e-01   6.5703716e-01  -9.8383389e-01   5.1555110e-01   1.8996004e-01   2.8367439e-01  -1.1261052e+00  -3.2389029e-02  -4.6025791e-01   3.7568618e-01   2.5288768e-01  -1.2965001e-01   2.3737509e+00   6.2338401e-01   1.3831578e+00   1.4899187e+00
   2.0000000e+00  -7.8287287e-01   9.4659211e-01  -3.2705970e-01  -1.5612320e-01   1.3926818e+00   1.1078503e+00   1.1180987e-01   9.7147979e-01   4.6372743e-01  -1.3523386e+00  -6.7950353e-01  -6.8952373e-01  -6.2390715e-02   8.1602040e-01   6.1694648e-01  -1.0521005e+00   4.3710333e-01   2.7367498e-01
   2.0000000e+00   4.8367242e-01  -1.3095881e+00  -1.7819141e+00   1.9820115e+00  -6.9197611e-01  -3.3955291e-01  -1.9436917e+00  -3.7789325e-01   5.1445389e-01   7.3259864e-01   1.1491856e+00  -3.2476094e-01   6.2243320e-01   1.4858120e+00  -4.2761343e-01   2.9037211e-01  -1.7671598e-01   3.2283446e-02
   2.0000000e+00   2.3238793e+00   5.4081678e-01   3.1891718e-01  -2.5500717e-01  -1.1720623e+00   1.4944009e-01  -9.2960939e-01  -2.9188595e-01   6.8057198e-02   4.1671954e-01   1.4615291e+00  -1.9202461e+00   7.8452960e-03  -1.7279087e+00  -8.5871693e-01  -1.3046419e+00   3.9624447e-01   2.8700469e-02
   2.0000000e+00  -1.7819194e-01   3.1749707e-01  -3.0837414e-01  -3.1883208e-01   9.6992661e-02   5.5956039e-01  -2.4969916e+00  -1.1687292e-01   2.9299652e-01   1.4536869e+00  -5.6667732e-01  -4.0303229e-01  -7.2117612e-01   7.3848606e-01   1.2533620e-01  -1.8365886e+00   1.1245817e+00  -1.6120052e+00
   2.0000000e+00  -6.7600652e-01   6.0550991e-01   1.5551526e+00  -8.0498660e-01  -3.4094256e-01  -3.2585103e-01  -5.2337158e-01   6.3555174e-01   4.5102733e-01   2.5888724e+00  -1.1366631e+00  -1.5151262e+00   1.6151450e+00  -1.2771677e+00  -9.2884916e-01   6.0530576e-01  -3.3321744e-01   7.2179912e-02
   2.0000000e+00  -2.9524430e-01  -3.4651599e-01  -9.4651056e-01   7.3595466e-01  -1.8954798e+00  -4.8699009e-01  -1.8373412e+00   1.9092245e+00   7.8999512e-01  -2.9754399e+00   3.5117036e-01  -4.7180578e-01   7.2361543e-01  -7.2973265e-02   3.5085450e-01   2.4992703e-01   3.1203370e-01   1.2477897e-01
   1.0000000e+00   1.3423768e+00  -7.8788582e-01  -6.2236122e-01   1.3323025e+00   1.9941029e-01  -2.9933032e-02  -5.7166128e-02  -7.7943958e-01   4.1624985e-01   3.0737416e+00  -3.5736897e-01   7.1680230e-01   1.6121846e+00  -9.9399148e-01   2.2928647e+00   8.0222437e-01  -7.5203347e-01   4.3379643e-02
   1.0000000e+00   3.8723574e-01  -9.6906043e-01   7.8816958e-01  -7.3060719e-01   4.1770704e-01  -8.5918994e-01  -8.0538688e-01   1.1187773e+00  -1.9586419e-01  -6.1563748e-01   3.7130495e-01   6.4324769e-01   6.6520261e-02   9.9143830e-01  -1.0884098e+00   1.3458243e-02   1.6648825e-01   2.9877440e-01
   2.0000000e+00   6.3343418e-01  -6.5715502e-01  -1.6238395e+00   3.0692622e-01   8.8805833e-01  -5.8375434e-01   4.1811291e-02  -1.0579232e+00   3.2992006e-01  -8.3038351e-02  -7.9895408e-01  -5.9810857e-03  -5.6441144e-01   6.3529484e-02   7.8946232e-01   5.1817112e-01  -4.7099041e-01   1.0276571e+00
   2.0000000e+00   1.3561384e-01   1.0754972e-01   1.5326645e+00   5.1266780e-01   1.0815673e+00   1.5262697e-01  -1.1068366e+00  -3.8239356e-01   1.2538837e+00   5.7183441e-01   1.1181993e+00  -1.4649820e+00  -5.7511424e-01  -2.0026090e+00  -8.5406934e-01   5.5334749e-01   1.0197581e+00  -1.5312564e-01
   2.0000000e+00  -6.6738039e-01   1.4421746e-01   4.1953900e-01   1.4069136e-01  -1.4556001e+00  -1.3380906e+00   1.3060916e+00   1.0719055e+00   1.4517699e+00  -9.2577474e-01  -1.0316766e+00  -5.3976578e-01   7.2561610e-01   6.2017209e-01  -1.2432569e+00   4.2202366e-02   4.3291474e-01  -2.7842911e-01
   2.0000000e+00   9.7950731e-01  -7.7602275e-01  -4.3433666e-02  -1.1523742e+00  -1.5634354e+00   1.9490975e+00   5.4431503e-01  -6.1099819e-01  -3.1544164e-01   1.0318317e-01   5.9957103e-01  -1.4521138e+00  -6.7081654e-01  -1.2530235e-01  -3.5072129e-01  -3.4250834e-01  -6.3744197e-01  -6.1944951e-01
   2.0000000e+00   2.5878069e-02  -8.4580686e-01  -7.5280322e-01  -1.6069845e-01   3.9603962e-01  -9.2753535e-01   5.3239700e-01   4.0079500e-01   1.0735619e+00   7.5868414e-01  -9.5533035e-01  -9.2179944e-01   3.9784236e-01   5.0474018e-01   3.4290643e-01   6.2986088e-01  -1.0831854e+00  -2.3567140e-01
   2.0000000e+00  -1.1311995e+00   6.2949437e-01  -6.7081233e-03  -1.2554967e+00   4.2162626e-01   1.6320241e+00   1.1725816e-02  -4.9733719e-01   1.1039639e+00   4.9208368e-01  -4.0787185e-01   1.7671749e+00  -2.1312722e+00  -1.9510898e-01   4.4158541e-01  -2.5114990e+00   1.2864502e+00   5.3744974e-01
   2.0000000e+00  -8.7211216e-02   2.7118680e-01  -1.8541179e+00  -1.3736151e+00  -1.2215313e+00   1.0751842e+00  -1.0682302e+00  -8.0632627e-01   6.4342925e-01   1.0693781e+00   4.6976216e-01  -1.8175315e-01   6.0224489e-01  -4.8848725e-01   6.3774753e-01   7.3987468e-01   1.2937845e-01  -6.7919011e-01
   2.0000000e+00   2.2363260e-01   4.2864700e-01  -1.7945457e-01   1.1194859e+00  -6.9717860e-01   4.3325087e-01   3.2258977e-01  -2.3115286e+00   8.0849803e-02  -1.6724665e+00   2.1238066e+00  -6.9558156e-01  -8.1420001e-01  -6.3374772e-01   1.7453208e+00   8.2923339e-01  -3.5653168e-01   7.8505933e-01
   2.0000000e+00   2.6559994e-01  -7.6512290e-01   9.4038907e-01  -1.8417468e-01  -2.8676140e+00   7.6050527e-01   7.4444425e-01   5.0793079e-01  -2.9209421e-01   4.2820901e-01   2.4258672e+00   2.0676518e-01  -1.1710664e+00  -4.1050529e-02  -9.0197291e-01   1.5533815e-01   2.7903361e-01  -6.2732846e-01
   2.0000000e+00  -6.6840839e-01  -7.6919053e-01   8.6149655e-02  -1.2760106e+00  -4.3023392e-01  -6.3571225e-01  -6.2364723e-01  -5.4630361e-01  -1.1058563e+00  -1.3514847e+00   1.5998287e+00  -2.6573098e+00  -4.9559979e-01  -1.5065758e-01  -2.2818658e+00  -5.2574794e-01   4.9196135e-01  -9.0325653e-01
   2.0000000e+00  -7.7245276e-01  -4.0189357e-02   8.7835603e-01  -1.1471839e-01  -8.2634596e-01  -1.0232239e+00  -2.1787312e-01   4.9460199e-01  -5.6479710e-01  -5.3378046e-01  -1.1844679e-01  -2.5319315e-02  -2.4240698e+00  -8.6123149e-01   1.3602110e+00   5.3342753e-02  -1.1236096e+00   7.0717816e-02
   2.0000000e+00   4.7204572e-01   2.2742844e+00  -3.5772325e-01  -9.9736724e-01  -4.5729431e-01  -1.3190658e+00   1.1532839e+00  -7.4457557e-01   3.0291550e-01   1.2407445e+00  -1.4162513e+00   4.8168264e-01   1.5811163e+00  -8.8607445e-01   8.8712907e-02   2.3809754e+00   2.6090098e-01   7.3163225e-01
   2.0000000e+00  -4.3219619e-01  -6.6595594e-01  -1.2857296e+00  -2.8247318e-01  -1.7333614e+00   3.5107024e-01   1.4611932e+00  -5.3530866e-01  -6.0401618e-01   3.7165140e-01  -1.1727187e+00  -7.3124776e-01   1.6375801e+00  -1.0172054e+00   7.8144914e-01   1.1074190e+00   1.6959454e+00   6.0112019e-01
   1.0000000e+00   3.2161906e-01  -5.5782314e-02   1.9135046e-01  -3.1375023e-01   6.3318110e-01   1.5197841e+00  -4.7049538e-02  -1.2351412e-01   2.2071004e-01  -4.1911364e-01   1.3195014e+00  -1.1436586e+00   1.3675594e-01  -4.1403548e-01  -1.3602212e+00   2.0742616e+00  -1.7418429e-02  -7.0752229e-01
   2.0000000e+00  -3.4725955e+00   3.9387645e-01   1.1051529e-01  -2.6536598e-01  -3.4572774e-01   1.7181441e-01  -3.0927726e-01  -4.0490930e-01   1.7514771e-01   7.5900249e-01   2.2457789e-01   1.2748299e+00  -9.9307284e-01   3.0246387e-01  -8.4057794e-01   5.0827355e-01   9.3139493e-01   3.7392158e-02
   2.0000000e+00  -1.3012089e+00   1.0282607e+00   7.1773553e-01  -1.1789742e+00  -1.3370701e+00   5.8257330e-01   2.9408971e-01  -9.9564808e-01  -1.3619447e+00  -1.0285891e-01   1.8251579e+00   3.6201413e-01   6.8807302e-01   2.1584307e+00  -4.0418011e-01   3.9053133e-01  -2.4973060e-01   2.9088985e-01
   2.0000000e+00   2.4022879e-01   1.1582509e-01  -3.8158023e-01   1.1602177e+00  -2.2336281e+00   1.1368331e+00   7.0853827e-01  -5.0008799e-01  -1.4393864e+00   1.4996432e+00  -5.3114779e-01  -2.4256228e-01   9.5688957e-01   8.8827177e-01   4.5257434e-01   1.4016618e+00  -9.7151292e-01   1.9290662e-01
   2.0000000e+00  -1.3427057e+00   2.3208021e-01  -6.8749486e-01   1.9329118e+00   1.0655282e-02  -1.4703310e+00   1.6737153e+00  -1.3102630e+00  -5.3601089e-01   7.1703367e-01   2.4676151e-04  -3.0861551e+00   7.8332319e-02   6.0883305e-02  -5.9083548e-01   5.1705971e-01   1.0362920e+00  -7.1991700e-01
   2.0000000e+00  -5.9322039e-01   5.2107378e-01  -8.1932582e-01  -4.2137418e-01  -4.1013610e-01   3.5613617e-01  -1.4757273e+00  -9.2433225e-01   1.6120674e+00  -3.6232985e-01  -1.0271673e+00   7.1018542e-01   8.5651300e-02   6.5990035e-02  -1.0377718e+00   3.8867086e-01  -3.8223208e-01  -9.9348395e-01
   2.0000000e+00  -7.4463565e-01  -1.4004425e+00  -5.3474420e-01   2.0902034e+00  -4.2584319e-01  -5.3617351e-01   2.2111711e-01   8.7058044e-01   3.0350989e-01  -8.5017704e-01   9.0082836e-01  -1.1111239e+00   1.2611636e+00   3.2383652e-01   4.0605361e-01  -1.2330471e+00  -1.3655017e+00   1.2351146e-01
   2.0000000e+00  -1.2481337e+00   7.9215539e-01   1.8043962e+00  -1.3302095e+00  -4.3064320e-01   5.6130339e-01  -1.5723370e-01   1.0009165e+00   1.1427860e+00  -4.0738567e-01  -3.6947360e-02   4.4001663e-01  -1.7390823e+00   3.5410228e-01  -1.4953514e+00   6.2196534e-01  -7.8884691e-01   1.1557310e+00
   2.0000000e+00  -4.2938129e-01   5.0925853e-01   6.4832170e-01  -9.8171354e-01   1.5935358e+00   2.3159252e+00  -5.2041684e-01   2.3903506e+00   2.0140720e+00   6.8007797e-01   3.6891590e-01  -9.5821489e-01  -7.0357245e-01   3.7393886e-01   1.9570284e+00  -2.3364872e-01  -1.5541290e+00   1.5013396e-01
   2.0000000e+00   2.4785395e-01   5.5820300e-01   1.0965569e+00  -2.2541508e-01   7.5527699e-01   2.1948592e-01  -9.4281075e-01  -5.4438575e-01   2.1115567e-01   8.8945436e-01   1.0444321e+00   2.2466134e-01   2.6036623e-01  -7.8940448e-01   3.5496577e-01   6.7806941e-01  -8.3937327e-01   3.9695367e-01
   2.0000000e+00  -2.1392525e+00   7.8041331e-01  -8.7102533e-01  -7.2974218e-01   1.3119281e+00   9.8544235e-01   1.7809912e+00  -1.1552887e+00  -7.0768577e-01   7.4165540e-02  -4.1140219e-01  -8.4023930e-01   1.3781050e+00   4.5149184e-01   1.5068780e-01   6.3533008e-01  -1.6469714e+00   1.5553678e+00
   2.0000000e+00   6.9267475e-01   2.6610341e-01   2.3322643e+00  -1.1587309e+00   1.0133788e+00   3.4932158e-01   2.5581616e-01   7.1980106e-01   7.4388275e-01   1.2806724e+00  -9.9693354e-01  -1.7791665e-01  -1.6160122e-01  -1.3095630e-01  -4.3572633e-01   6.5831654e-01   5.7825877e-01  -2.8119080e-01
   1.0000000e+00  -1.1231554e+00   9.1016665e-02  -1.8833165e-01   2.7669643e-01   4.7613210e-01  -2.1153544e+00   1.2565113e+00  -2.1901427e+00   9.5435879e-02  -5.5564879e-01   1.3105722e+00  -1.5733941e+00  -6.1714846e-01  -8.0138972e-01  -1.1165754e+00   5.5518415e-01  -2.6811191e-01   1.2149481e+00
   2.0000000e+00  -5.2594263e-01   1.4932778e+00  -1.1491193e+00   1.3007638e-01  -1.0143254e-01   1.0672302e+00  -3.7471916e-01  -5.6244209e-01  -2.4470543e-01   1.9047995e-01   1.5127476e+00   8.6979665e-01   5.1026124e-01  -2.4857007e+00  -6.7691630e-01  -3.0012935e-01  -1.5249693e-01  -7.1052874e-01
   2.0000000e+00   4.1198356e-01   1.6077187e-01  -9.3277652e-01  -2.7631133e-01   7.5837005e-01  -1.9001514e-01  -8.6176306e-01  -1.5368608e+00  -1.0213193e+00  -1.6703860e-01   1.7429791e-01   6.2614839e-01   1.2935827e+00  -3.9743433e-01   6.9037059e-01  -7.6547500e-01   1.5336217e+00   5.1316879e-01
   2.0000000e+00  -9.2309899e-01   1.4955514e-01   8.4240060e-01  -8.9226978e-02   7.0399682e-01   4.9225946e-01   2.1738419e-01   1.9945620e+00   5.3459761e-02   2.1221272e-01   1.4083222e+00   1.8874160e-01  -5.7758342e-01   4.2127058e-01   1.1662820e-01   4.6987459e-01  -5.9595493e-01   2.1520411e+00
   2.0000000e+00  -1.0364963e+00  -1.0972611e-01  -9.9535488e-01  -3.6243417e-01   1.4088241e+00   1.4394246e+00  -6.5529371e-01  -1.5057380e-01  -7.7190437e-01   5.5582544e-01  -9.7453598e-01   3.5496194e-02   1.1368878e-01  -4.3711424e-01  -1.0100939e+00   5.0134629e-01   6.9023891e-01   6.5111574e-01
   2.0000000e+00  -1.8337811e-01  -2.8053940e-02  -1.5922683e+00   9.4298994e-01  -7.9625204e-01   2.6458611e-01  -2.7514199e-01  -1.6410920e+00  -5.2636395e-02   1.5898000e-01  -6.3154365e-01   1.5961975e+00   1.1502744e+00   1.1150117e-01  -4.6831455e-01  -8.0155470e-01  -9.1113981e-01   1.5774590e+00
   2.0000000e+00  -1.4143115e+00  -1.9167945e-01  -7.9793357e-01  -1.5263424e+00  -1.0392953e+00   1.2645051e+00  -4.7278270e-01   5.6373305e-01  -5.9770363e-01  -2.2761593e-01  -5.2149135e-01   1.8288488e+00  -1.1834967e+00  -1.2468648e-01   2.1817087e-01   3.0330597e-02  -1.3296794e-01  -9.9456486e-01
   1.0000000e+00  -2.9604941e-01  -8.0105255e-01  -4.6350170e-01   1.3878607e+00   6.3216052e-01  -9.8748364e-01   1.5867825e-03   5.5688251e-01  -5.0229514e-01  -1.6957770e+00   3.1323184e-01   9.2178340e-01   3.9739171e-01   1.3202471e-01   3.9789202e-01   2.0095622e-01   4.7487706e-01  -1.5112374e+00
   1.0000000e+00  -2.0691966e+00  -1.3942708e+00  -1.1472765e+00   2.1201917e+00   4.2842638e-02   1.8756702e+00   1.2069348e+00   1.4652007e+00  -5.6848975e-01   1.0607008e+00   1.1006977e+00  -1.3370262e+00  -8.2979736e-02   2.8153545e+00  -1.0344707e+00  -4.4253966e-01   1.7069658e-01  -6.2522684e-01
   2.0000000e+00  -2.9569581e-01   2.3995716e-01   2.0713523e-01  -5.3801483e-01  -1.0875360e+00  -7.1129767e-01   2.1914310e+00   6.2330826e-01  -2.5240645e+00   1.5076728e+00   1.5491902e+00   7.4568657e-01  -3.9559160e-01  -2.3539781e-01   8.9957224e-01   5.9918302e-01   1.4658954e-01   2.1440978e-02
   2.0000000e+00  -1.2596990e+00  -3.6330848e-01   2.1097470e-01   2.4192515e+00   3.2119570e-01  -1.5067672e-01   1.0820005e+00  -3.8009254e-01  -1.2149964e-01  -1.0891102e-01  -2.7348868e-01   1.3267684e-01  -3.0826617e-01  -8.5643706e-01   1.2054332e+00   1.0691781e+00   1.2399745e+00  -3.7262411e-01
   2.0000000e+00  -6.7414694e-01   3.0340981e-01  -1.7995821e+00  -1.6809869e+00  -2.8829308e+00  -7.5049040e-01  -3.0138826e-01  -2.4606408e-01  -1.8076253e+00   1.9047393e-01   1.0671422e+00  -2.0277391e+00  -6.0627964e-01  -2.6819952e-01   1.9245759e+00  -8.9671296e-01   5.9408802e-01  -6.0685110e-01
   2.0000000e+00  -9.9095642e-01   1.7951979e+00   5.5185191e-02  -1.3993918e+00   1.1935671e+00   7.1659445e-01  -2.4085305e-01   2.0746780e+00   7.2188145e-01   9.3256866e-01  -5.5344839e-01   9.7683336e-02  -6.8169563e-01   8.6605353e-01   5.5944282e-01   8.4557264e-01   7.1194769e-01   1.7866116e+00
   2.0000000e+00   1.5132309e+00   1.9844624e+00  -5.0429844e-01  -1.3938405e+00   1.6155546e+00  -2.5038839e-01  -8.4239364e-01  -7.7128474e-01  -5.8287089e-01  -8.0848047e-01  -1.6645555e+00   1.6322464e+00  -1.2516938e+00  -1.2407007e+00   1.4050876e-01   4.2137979e-02   1.9638550e+00   8.7574677e-01
   2.0000000e+00   1.0758484e+00  -1.2819235e+00   1.2283296e+00   7.5368343e-01   9.5345233e-01  -7.5067164e-01  -4.1241198e-01   6.6751073e-01   1.8957820e-01   5.8695824e-01   1.6985024e+00   9.5462860e-01   1.3942340e+00   2.9805180e-01   6.3874963e-01  -1.1392685e+00   6.5666922e-01  -1.2656974e+00
   2.0000000e+00   1.6489641e-01  -3.7694994e-01   1.3788658e-01   1.5910295e+00  -4.5977916e-01  -1.5615584e-01  -2.2761609e+00   6.2890151e-01   9.4116623e-01  -5.7302995e-01   2.1071646e-01  -1.5601878e+00   1.4003861e+00   1.2222623e-01   1.6766842e+00  -5.8772740e-04  -1.1094940e-01   8.7693240e-01
   2.0000000e+00   5.6664764e-01  -1.0430232e+00  -1.6299805e+00   1.7845790e+00  -2.1996275e-01  -6.5140626e-02   3.2515729e-01  -7.6752932e-01   7.7406189e-01  -6.8999313e-01   1.3227214e+00   6.7744267e-01  -1.1912245e+00   6.6689707e-01   1.9022718e+00   8.3862662e-01   1.6403663e-01  -1.6695443e+00
   2.0000000e+00   6.5395274e-01   1.0063753e+00  -1.1511790e+00   1.0438278e+00   8.9054187e-01  -1.5983929e+00  -4.7225579e-01  -1.0597961e+00   8.1356013e-02  -6.4018417e-02  -1.6374525e-01  -9.6035693e-01  -3.0635055e-01   1.8195400e+00   1.6575023e+00  -2.3377520e+00  -5.4506656e-01   4.4397733e-01
   2.0000000e+00  -3.2405261e-01  -2.3227391e-01   1.9883136e-01  -1.2688303e+00   7.7174127e-01   1.1708654e+00  -2.6440938e-02  -6.8003714e-01  -4.9202141e-01  -4.5835945e-01   2.1668613e-01  -1.3162726e+00   9.4425912e-01  -8.9589346e-01  -5.6320573e-01   1.5665263e+00  -1.9267575e+00   1.0497333e+00
   1.0000000e+00  -1.1995490e-01   1.1805738e+00  -1.3867328e+00  -3.0666212e-01   4.2202223e-01   4.4838855e-02   8.5698892e-01   4.0116442e-02  -2.0500534e+00  -2.2824446e-01  -1.0874358e+00   5.8281088e-01  -2.0523675e+00   1.4742038e+00   1.3048560e-01  -2.5027714e+00  -5.4444085e-01  -5.9971075e-02
   2.0000000e+00   1.2991808e+00  -6.1233361e-01   9.3712363e-01   9.2197344e-02   9.4513344e-02   5.7435173e-01   1.8879593e+00  -1.7326262e+00  -8.1926262e-01   1.1660485e+00   1.0088947e+00  -5.1839874e-01  -1.9194028e-01   1.1041003e+00  -1.0175056e+00   5.2158171e-01  -4.5028905e-01   2.7326377e+00
   2.0000000e+00  -2.8193201e-01   1.1297797e+00   3.8089047e-01  -9.2712206e-01  -1.3970933e+00   1.3998024e-01  -1.4497520e+00   9.0542802e-01   6.2763937e-01  -7.4596846e-01   6.5873417e-01   8.6861025e-01  -4.7538748e-01  -4.6815039e-01  -1.3127489e+00  -9.6977806e-01   4.6181277e-01  -3.0354697e-02
   2.0000000e+00  -1.8154362e+00  -3.0134930e-01  -4.9414811e-01   1.5916948e+00  -2.1095199e+00  -6.0080950e-01   1.1632502e+00  -6.8674788e-01  -2.2329165e+00  -2.4494717e-01   1.3304822e+00   1.4992278e+00  -1.1733209e-01   5.0970317e-01   3.6762225e-01  -1.3523796e+00   8.7039925e-01   4.6329998e-01
   2.0000000e+00  -1.9358659e+00   8.8280532e-01   1.5284484e+00  -8.2925850e-01  -4.4262497e-01   1.8929635e+00   1.3481334e+00   7.3038036e-01  -7.6425356e-02  -6.3749497e-01   1.6779023e+00   1.9641188e+00  -6.6102105e-01  -6.7689795e-01   1.3119437e+00   9.2680717e-01  -1.1334368e+00  -4.9598091e-02
   2.0000000e+00  -9.1457301e-02  -1.2643947e+00   7.0570532e-01  -6.4063025e-01  -7.1442920e-02   7.7405889e-01  -1.2154578e+00   6.4510851e-02  -9.4542815e-01  -2.1581258e+00   3.6955769e-01   1.6022539e+00  -9.0092710e-02  -1.9808171e+00  -1.5934258e-01  -5.1186715e-01  -7.5818327e-01   2.3273796e-01
   2.0000000e+00  -5.7163682e-01  -7.1809079e-01  -1.2152517e+00  -5.7667545e-01   1.5468320e+00   1.7104367e+00   1.0849000e+00  -3.6182604e-01   9.5306840e-01   2.6301950e-01  -7.1766178e-01   5.0216477e-01  -3.3926456e-01   1.6774559e+00  -7.9708988e-01  -2.1325543e+00  -6.6927305e-01  -1.5378120e+00
   2.0000000e+00  -1.0084213e+00  -7.5219617e-01  -2.6726802e+00   9.5562520e-01  -5.5398461e-01  -1.5116947e-01  -1.5474972e+00  -1.4574894e+00  -1.4844951e+00  -8.9530901e-01  -3.0647381e-01   1.7470905e+00   5.0705816e-01  -6.8484021e-02   1.1784718e+00   3.3704282e-01  -1.2641146e+00   6.3186300e-01
   1.0000000e+00   1.6259550e+00  -1.8678066e+00  -5.9172362e-01  -1.0249259e+00   5.4268874e-01   6.8181012e-01   3.7611493e-01   1.3862739e+00   6.8900976e-01  -1.0580243e+00  -5.1530753e-02   1.5194678e+00   1.8069412e-01  -2.6058308e-01  -1.2505455e+00  -3.8680066e-01  -2.7837705e-01  -4.5022419e-01
   2.0000000e+00  -1.1420839e+00  -1.0386422e+00  -1.0959972e+00   6.9322098e-01   1.0332722e+00   1.9596084e+00   1.3070503e+00   2.8006000e-01  -1.0813795e+00   4.5263616e-01  -6.6033937e-02   1.4707749e+00   1.2535814e+00  -3.3912543e-01   3.3536610e-01   2.1592863e+00   3.1659080e-01  -3.2334516e-02
   1.0000000e+00  -1.3325294e+00   2.1413307e-01  -1.0787225e-02   1.6216250e+00   6.7504363e-01   4.0677640e-01  -6.3914206e-01  -3.1630102e-01   6.2793407e-02  -1.8903743e-01   1.5740250e+00  -4.4984736e-01  -1.5266588e+00   1.3363429e+00   1.7128044e-01   1.0579012e-01  -5.2237821e-01   1.7694941e-01
   2.0000000e+00   8.0003602e-01   8.2427745e-01   2.0363704e+00   8.2615098e-01   1.4820861e+00  -7.8057574e-01  -1.7860760e-01   6.2248703e-01  -2.5397124e-01  -1.9576910e+00  -6.6922933e-01  -2.2437188e-01  -6.7513353e-01   2.9452133e-01   2.2393893e+00   1.3732725e+00  -1.1580193e+00   1.4349592e+00
   2.0000000e+00  -7.6039960e-01   8.2786844e-01   4.0584768e-01  -1.7413076e+00  -5.1724862e-01  -7.1418843e-01   1.6335060e-01  -8.8543582e-02  -1.2764853e+00  -1.5108651e-01  -7.4920365e-01  -1.7461071e+00  -9.3781384e-01   1.9897533e-01  -5.6100085e-01   1.7837816e-01   7.7047096e-02   1.3231045e+00
   2.0000000e+00   4.2435033e-01  -1.3215677e+00  -6.6675046e-01   7.1243515e-01  -1.4804931e+00  -1.1812845e+00   1.1908075e-01  -1.0898936e-01  -7.8847473e-01   9.4168277e-01   1.7917953e+00  -6.4494961e-01  -4.8219446e-01   1.9163087e-01   1.5465267e+00  -8.8996213e-01  -3.1870894e-01   1.2538996e-01
   2.0000000e+00   1.4393619e+00   5.3304564e-02  -6.4963682e-01  -1.2313299e+00  -1.0480722e+00  -1.5841222e-01   1.3253178e+00   5.3179814e-02  -5.6035949e-01  -2.9518170e-01  -1.0936191e-01   3.4213506e-01   3.2734368e-01  -7.6526194e-01  -2.4267501e-01  -2.8329420e-01   1.2881257e+00   1.4624971e-02
   2.0000000e+00   1.1898904e+00   1.0489385e+00   7.6216602e-01   5.2283406e-01  -2.3894489e-01  -7.7526839e-01  -7.0607772e-01   7.0776723e-01  -1.5829843e+00  -4.5334998e-01  -7.1708307e-01   1.0900603e+00  -3.7825691e-01   3.8848051e-01   1.1143101e+00  -7.1249705e-01   1.9043742e-01   4.0517262e-02
   2.0000000e+00   2.6794472e-03  -1.1676008e+00   8.1331070e-01   7.9040429e-01   3.0817406e-02  -1.7477220e+00   7.6631621e-01  -1.4090659e+00  -1.1085702e+00  -2.6002976e-01   9.0813124e-01  -1.8518742e-01   4.6498386e-01  -2.0324789e+00   1.0731012e+00   8.3237803e-01   1.4236146e+00  -5.4385744e-01
   2.0000000e+00  -2.6915956e+00  -1.4535668e+00   1.0627022e+00  -8.5738144e-01   2.4087660e-01   7.5559020e-01   2.2674846e-01   1.0418293e-01  -9.2862374e-01   9.2541297e-01   1.4853440e+00   8.4800262e-01   9.8812361e-02  -1.1842642e+00   9.4211570e-01  -9.7857675e-01  -1.5662081e+00  -9.8354492e-02
   1.0000000e+00  -1.1400067e+00   2.8653641e-01  -1.5420908e+00  -2.3312533e-01   3.6978448e-01  -7.5800761e-01   1.7696628e+00   3.5535787e-01  -7.6421528e-01   6.8103208e-01   8.5496819e-01  -1.2842624e+00  -4.9117352e-01  -1.4735808e+00  -1.0789904e-01   6.6970519e-01   3.7301352e-01   4.9796250e-01
   2.0000000e+00  -9.1986205e-01   8.4825976e-01  -1.4409073e-01   1.2597365e+00  -7.2615167e-01  -2.8501885e+00   6.1558223e-01   5.4812310e-01  -4.5587624e-01   1.1017858e+00   9.2459914e-01   2.9787714e-01   1.0132761e+00  -5.5728825e-01   1.0325775e+00   1.0291623e+00  -1.1109671e+00  -1.4909576e-01
   2.0000000e+00   2.9985465e-01   1.1894612e+00  -1.1670098e+00   6.4889801e-01  -6.4481133e-01  -5.1475685e-01  -2.7758293e-01   4.2516554e-01  -8.4647105e-01   1.6863165e+00   6.1784576e-01  -1.4854800e+00  -7.9122137e-01  -6.5385872e-01  -9.7158261e-01   9.3332279e-01   1.3449039e+00  -2.8274635e-01
   2.0000000e+00   8.6390937e-01   1.9135065e-01   3.2040455e-01  -2.4122507e-01   1.4013478e+00   3.4862670e-01  -4.8204501e-01  -4.5191021e-01  -1.1303296e+00  -1.0132949e+00   2.2149916e+00   6.1141790e-01   9.5444048e-01   1.0730191e-01  -1.4192920e+00   6.1278855e-01  -7.8814121e-01  -3.7237044e-01
   2.0000000e+00  -1.1446268e+00   8.8355848e-01  -6.5581100e-01  -7.8389534e-01   1.1000189e+00  -7.2475840e-01  -8.4047386e-02   7.4019797e-01  -8.7688953e-01  -3.7566804e-01  -1.6584889e+00  -4.3723204e-01  -7.3255570e-01  -2.6552527e-01   7.9861489e-01   5.9551517e-01  -3.7065684e-01  -3.9380059e-01
   2.0000000e+00   9.8543919e-01   8.1494227e-02  -1.6277082e-01  -3.7741532e-01  -3.7971910e-01   2.6566765e-01  -1.3756490e+00   2.6547121e-01  -1.1770292e+00  -4.4700221e-02   9.2896188e-01  -1.4596740e+00  -5.2301230e-01   1.9675813e+00   8.9970674e-02   1.5773285e-01   1.1317546e+00   1.3843526e-01
   2.0000000e+00   6.1440850e-01   1.4201783e+00   2.0625082e+00   3.9203875e-01   9.0054003e-01   1.1216559e+00   1.3566875e+00  -1.1769455e+00   2.6500276e-01  -7.5319560e-01  -7.3111310e-01  -3.2323587e-01   6.8214318e-01  -7.7299028e-02   1.6641232e+00  -1.5322698e-01  -1.6053687e+00  -5.9283147e-01
   2.0000000e+00  -1.9013755e+00  -1.2724919e-01  -9.7104932e-01  -5.2120488e-01  -7.7412023e-01  -5.1361625e-01  -1.0392031e+00  -1.8245931e+00   1.5185491e+00   1.1476460e+00   8.3308548e-01   1.0435295e+00  -1.5538846e+00  -1.2733068e+00  -1.9411597e+00  -2.7066940e-01  -1.4471189e+00   8.1630346e-01
   1.0000000e+00  -2.3224636e+00   1.4170442e+00  -1.2249692e+00   1.6257498e+00   1.7629102e-01   7.9917362e-01  -3.5281258e-01   1.9370260e-01   9.5549967e-01   1.6097671e+00  -3.9540118e-03   5.3770830e-01  -2.7152035e-01  -1.3976987e+00   4.2108757e-01  -2.8237572e-01   7.3527239e-01  -5.6191316e-01
   2.0000000e+00  -3.8591312e-01   6.1398457e-02   5.2854302e-01  -1.2078233e+00  -9.4144053e-02   1.4933515e+00  -3.3922344e-01   1.6415370e+00  -1.3162696e+00  -1.3686690e+00  -6.4981769e-01   2.1210295e-01   3.2688457e-01   4.9364707e-01  -8.5740095e-01  -7.6483912e-01  -9.1133134e-01  -2.9945380e+00
   2.0000000e+00  -1.0031593e+00   7.0271825e-02  -5.8060927e-01  -1.1002195e+00   1.0360145e+00  -7.1620526e-01   2.6805654e-01  -6.2563132e-01   5.9577207e-02  -1.9968668e-01   2.1696030e-01   6.6955763e-01   2.3806183e-01   3.3397117e-01   4.5780846e-01   3.0699291e-01   1.1473720e+00   1.9450963e-01
   2.0000000e+00   5.7189049e-01   4.7589871e-01  -1.2833688e+00   2.5920605e-01   1.1432896e+00  -1.4086397e+00  -1.1793166e+00  -9.9886085e-01  -7.7205138e-01   5.4828588e-01  -3.7648172e-01  -1.7752990e+00  -9.3541478e-01   5.1351526e-01   2.3560604e+00  -3.9303054e-01   7.1269299e-03   2.3044993e-01
   2.0000000e+00   8.3951590e-01   7.7135909e-01   1.3679766e+00   1.0349155e+00   1.3936575e+00  -1.6595206e+00  -1.9180471e+00  -1.0201735e+00  -1.8561330e-01  -4.6442263e-01  -1.3702595e+00   3.4772394e-01  -2.1909215e+00  -2.2083126e-02   1.5845591e-01  -1.5020221e+00  -7.1451478e-01  -1.3261212e+00
   1.0000000e+00   1.8855689e+00   2.6591171e+00  -3.3459943e-01   3.2148666e-01   1.6192794e-01   1.5576014e+00   1.7331316e+00   3.9083807e-02  -1.3162151e+00   2.0193239e+00  -1.5514476e-01  -1.4219558e+00  -1.1542567e+00   9.2650303e-01  -8.0167407e-01   7.1414182e-01  -8.0196088e-01   1.0249269e+00
   2.0000000e+00   4.3955734e-01  -4.3401954e-01  -9.2122383e-01  -1.2488214e-01   8.8410831e-01   5.9920414e-01   7.5140374e-01  -1.0325821e+00   2.6499762e-01  -2.6291360e-01  -7.0211038e-01   1.7517772e-01   9.2516047e-01   8.8127163e-01   1.4931512e+00   2.5553875e-01  -1.6007008e+00   6.2732002e-01
   2.0000000e+00   4.8773066e-01   1.7590085e+00  -1.0148987e+00   9.6954784e-01  -1.6431036e+00   8.6363413e-01   2.0907089e+00  -1.5872486e+00  -3.8917431e-02   4.1571125e-02  -1.0164024e-01   6.2304463e-01  -9.5935854e-01   7.0885178e-01   1.1623272e+00   5.1622811e-01  -1.3059089e+00   1.1149231e+00
   2.0000000e+00  -1.8749933e+00  -1.2967623e+00   2.1677238e+00  -5.2471410e-01   1.3665690e+00   2.9760768e-01   5.9925262e-01  -3.3943726e-01   1.1130179e+00  -1.3413462e-03   7.0548258e-02  -2.0803499e+00  -1.0120788e+00  -1.5240806e+00   2.9502780e-01  -1.0365803e+00   1.7072124e-01   1.0692319e-02
   2.0000000e+00  -7.4062692e-01  -6.0494844e-01  -1.5428041e-01  -7.7462069e-01  -2.4620163e-01  -1.0656962e+00  -2.6372046e-01   9.9687347e-01   2.3635382e-01  -1.1509454e+00  -7.1404273e-01   2.7672285e-01  -5.8172258e-01  -1.2118048e-02  -8.2757315e-01  -4.6458299e-01  -1.7786335e+00   5.3794616e-01
   1.0000000e+00   1.1106757e+00   6.4395089e-01   4.4702070e-01   5.3858132e-02   4.6736618e-01   6.7262610e-01   1.6701453e+00  -1.8715472e+00   2.6849644e-01  -5.5934879e-01  -7.1381911e-01   2.8961074e-01  -1.8734046e+00   8.6375159e-02  -1.0630006e+00   9.5507890e-01  -9.9237521e-02   1.7696797e-01
   2.0000000e+00   3.7927554e-01  -1.6536253e+00  -1.6881705e+00  -3.9145380e-01   1.1963132e+00  -2.1033162e-02  -1.8731522e-01   2.4983529e-01   1.0611567e+00  -4.2471995e-01   1.2745348e+00   1.3784364e-01  -2.2234350e+00   1.6512310e+00   1.8087808e-02  -6.5665613e-02  -1.2272149e+00   9.8919918e-01
   2.0000000e+00   4.0614582e-01  -1.2191351e-01  -8.3931142e-01   6.6798377e-01   9.8943862e-01   7.6212774e-01   5.8640379e-01  -2.3937699e-01  -1.4801624e+00   8.0353003e-01   9.6335407e-01   1.3157813e+00   1.0525897e+00   5.3311558e-01   1.6783958e+00  -1.5914287e+00  -2.4091216e+00   1.3348148e+00
   1.0000000e+00   1.1266701e+00  -9.9586706e-01   1.8903968e+00   2.1980895e+00   2.8334352e-01  -1.0305162e+00   1.3556726e+00   1.5156600e+00   1.1497050e-01  -2.1562853e+00   1.1905880e+00   2.2814471e+00   4.6716214e-01  -7.3694808e-01  -9.0017319e-01   4.8422730e-01   4.7436787e-01   7.0767014e-01
   2.0000000e+00  -1.1404641e-01   6.8486735e-01  -1.6994966e+00   2.1949405e+00   1.0488063e+00   2.6431990e-02  -2.2245780e-01  -1.8904963e+00  -1.0915629e+00  -1.4653567e+00  -7.0870386e-01  -4.8088000e-01  -5.4906821e-01   1.1853632e+00  -1.0725236e+00   4.8237795e-01  -1.1452067e+00   1.2838365e-01
   2.0000000e+00  -3.9589583e-01  -1.2356138e+00   8.3979561e-01  -1.4599300e+00  -5.1671652e-01  -1.6334237e+00   1.7157622e+00   3.1058602e-01  -7.7514528e-01  -5.7412400e-01  -7.5183811e-01  -1.2065877e+00  -8.7115113e-01  -1.1817517e+00   6.8591982e-01  -1.0446753e+00   8.5630697e-01  -5.6028360e-01
   2.0000000e+00   7.7174459e-01  -2.0169894e-01  -7.4678182e-01   1.3704262e+00  -1.7732119e+00   8.9189582e-01  -7.7166377e-01   9.8229337e-01  -1.0325834e+00   1.2609491e+00   3.4777316e-02  -6.2962882e-01   4.9321099e-03  -8.5320029e-01   6.0380068e-01  -7.5336195e-01   5.0928326e-01   2.1568835e-02
   2.0000000e+00  -7.4590872e-02   4.8403458e-01  -2.5671215e-01   9.5780798e-01  -6.9027355e-01  -1.1754207e-01   1.7666906e+00  -2.1602230e-02  -1.3631230e+00   1.1723434e+00   1.7711545e+00   7.9063982e-01  -1.1223001e+00   6.1270874e-01   5.1258699e-01   1.3311502e+00   3.0427520e-02   1.6805179e+00
   2.0000000e+00  -5.9944166e-01  -5.8172156e-01   2.7736374e-01   4.6283605e-01  -9.5139220e-01  -1.3726661e+00   1.5951433e-01   1.0938573e+00  -5.4154564e-01   3.2766015e-01  -6.2337262e-01  -1.4843457e+00  -2.2732880e-01  -4.5931289e-01   1.1598821e+00  -1.5424021e+00  -1.7664076e+00  -7.0099451e-01
   2.0000000e+00   2.4188072e+00  -4.3059689e-01   9.4682647e-01  -1.4358439e+00   1.9668406e+00  -1.3093246e+00   3.7500935e-02   7.2445555e-01   2.3216463e-01   3.1478422e-01   4.3214161e-02  -1.2524890e+00   9.0042687e-01   6.4950289e-01  -1.7378025e+00   5.4550052e-01   1.0113136e+00   1.1767233e+00
   2.0000000e+00   1.9897677e+00  -6.8382520e-02   1.0417133e+00   1.0138063e+00  -9.6904536e-01   1.4945333e+00  -6.9670164e-01  -1.8018807e+00   5.9434963e-01  -3.5143550e-01   4.9532119e-01  -9.2797583e-01   8.9936872e-01  -1.4613009e+00  -1.8011220e+00  -2.5223609e+00  -6.0521606e-01   8.3349103e-01
   1.0000000e+00  -4.0608088e-01  -5.7775657e-01  -1.5832184e+00  -3.0696303e+00   6.0364080e-01  -1.1200445e+00  -1.1790484e+00   1.5879380e+00   2.6223506e-01   1.0671915e+00  -5.7752760e-01   2.9816633e-02  -6.7454561e-02  -9.9449263e-01  -1.5755062e-01  -2.7373586e-01  -7.8158610e-01  -1.5297933e+00
   2.0000000e+00   2.7583024e-01   3.8174420e-01  -3.5295673e-01   7.5387527e-01   8.5965768e-01  -3.0908853e-01   4.9917104e-01   1.4389208e+00   1.3905321e+00   1.8814235e+00  -1.2210040e+00   1.0972263e+00   4.5909239e-01  -1.0034449e+00   6.5902974e-01  -9.7577909e-01   8.9324441e-01  -2.1585246e+00
   2.0000000e+00   2.8676436e-01   2.9071664e-01   6.0533087e-01  -1.6707162e+00  -1.5703701e-01  -5.0500016e-01   2.4229601e-01  -8.1721120e-01   7.5831540e-01   2.8943133e+00   1.1951695e-01   4.5867418e-01   9.4259798e-01  -3.9985326e-01  -9.9607685e-06   1.1163835e+00   1.3042445e-01  -3.5829408e-01
   2.0000000e+00  -9.8641258e-01  -1.4557496e+00   3.8540261e-01   4.7980366e-01  -7.4640745e-01   2.9852398e-01   4.0618870e-01   1.1923736e+00   1.5455120e-01  -2.3434091e+00   1.3869053e+00  -8.8753592e-01  -9.5282411e-02   1.2529152e+00   1.0575989e+00   3.4445501e-01  -1.0650109e+00   1.1135029e+00
   1.0000000e+00   1.6605507e-01   7.3433699e-01  -4.0926147e-01   3.0852922e-02   7.2508738e-01   1.5835346e+00   2.0149944e+00   1.6977926e-01  -2.7639491e-01   4.2617563e-01  -1.2945456e-01   5.7104833e-01   5.7634995e-01   1.9592213e-01   1.2063015e+00   1.0472096e-01   5.4223765e-02   7.6056879e-01
   1.0000000e+00  -9.1574701e-01  -4.9491049e-01  -1.1377343e+00  -8.5467139e-01   3.8435668e-01   5.7071624e-01  -1.0241780e+00  -8.7828913e-01   1.5960787e+00   1.3195702e+00   1.1223043e+00  -1.0310216e-01   4.1428054e-01   1.2442514e+00   1.2458344e+00  -1.5632651e-01  -8.7233709e-01  -8.9034504e-01
   2.0000000e+00   1.0145470e+00  -6.0488227e-01   3.1888566e-01   3.6259931e-01  -6.5827216e-01   3.5805101e-01  -2.4450013e-01  -1.2091260e+00   5.9979730e-01   5.2682293e-01   1.4340910e+00   1.1288628e+00   5.6464531e-01   1.3835394e+00  -8.2001275e-01   5.1249189e-01  -1.0239975e+00  -2.3580016e-01
   2.0000000e+00   1.0120537e+00  -6.1480055e-01   6.2485851e-02   1.5506232e+00  -1.3074919e+00  -9.2242098e-01  -3.0465041e-01   4.5591741e-01   1.3327808e+00   7.6872408e-01   1.8191538e-01   1.3290587e+00   7.3000098e-01  -3.9167094e-01  -1.1204492e+00  -5.6412506e-01   7.7215450e-01  -1.9263112e+00
   2.0000000e+00   1.1214612e+00  -7.4252676e-01  -1.6023952e+00  -9.0664083e-01   1.2035798e+00  -5.1039724e-01   1.5315368e+00  -1.5975330e+00   1.2692632e+00   1.6281366e+00   3.1062107e-01   8.7207755e-02  -6.0557195e-01   1.6404535e+00  -2.2331682e-01  -2.4602699e-01   5.3596075e-01  -1.2279233e-01
   2.0000000e+00  -1.4289861e+00   4.3111305e-01  -4.6126990e-01   1.4231355e+00  -7.6935622e-02  -4.9405526e-01  -1.5827338e-01   2.3462898e-02   5.7222974e-01  -1.2547241e+00  -2.5165223e-01  -1.1423160e+00  -2.1204560e-01  -2.7874933e-01  -1.2960189e+00  -3.5645525e-01   7.5410051e-01   9.2499338e-01
   2.0000000e+00   5.9970756e-01  -8.4516145e-01   8.6192634e-01  -1.1778186e+00   8.0483534e-01  -1.0694113e-02   7.9617131e-01   9.9026125e-01   1.9235620e+00  -1.4688647e+00   9.6385838e-01  -3.9403154e-01  -2.0099520e+00  -5.3143600e-01   6.9899028e-01   1.2615592e+00   1.9067356e+00  -8.8530834e-01
   2.0000000e+00  -2.8328665e-01  -1.6942736e+00   1.4877657e+00  -2.2776965e-01  -1.3733392e+00   2.2277115e+00  -1.1821929e+00   8.2219575e-01   7.5355211e-01   1.2748093e+00  -2.7180617e-01  -5.1788685e-01  -1.1860950e+00   8.3065648e-02   6.5272109e-01   3.2097067e-01   7.9635532e-01   6.9647088e-01
   2.0000000e+00  -1.4992698e-01   6.6113998e-01   1.4874870e-01   1.1216102e+00   1.2375954e+00   3.0333401e-01  -1.3329412e+00  -5.0854751e-02  -5.9913298e-01  -1.3671544e+00  -5.7874694e-01   1.6853408e+00   3.6750777e-01   1.2413068e-01   6.9088752e-03  -1.2220935e-01  -5.4234100e-01   1.1269702e-02
   2.0000000e+00  -9.4348584e-01   1.6236847e+00   1.3260305e-01  -1.7225345e-03   9.7611207e-01  -5.9309629e-02  -1.4137566e+00  -1.0873948e-01   6.0554750e-01   4.7310627e-01   4.9620009e-01  -7.2689816e-01   1.0486367e+00   1.9373705e+00   2.1519460e+00   5.0196474e-01   1.3252172e+00   7.0695212e-02
   2.0000000e+00  -1.8521561e+00   6.1511548e-01  -9.1064881e-02  -2.1170023e-01  -2.0712432e+00  -1.4932341e+00   4.7764117e-01  -1.4196851e+00  -1.1595190e+00   1.1449453e+00   3.0668721e-01  -3.7950740e-01  -2.6124873e-01  -2.3511392e+00  -1.9671563e+00  -3.3696129e+00   4.0539959e-01   1.4657876e+00
   2.0000000e+00  -8.1309999e-01  -4.2201085e-01   2.1543941e-01   1.7613239e-01  -4.5926690e-01   1.5367948e+00   2.8742526e-01  -7.9501933e-01   6.5747057e-02  -1.3409311e+00   7.8907059e-01  -1.4092704e+00   9.3854782e-02   3.9482944e-01  -6.2806008e-01   1.7416996e-03  -1.7613078e-01   2.3012243e+00
   2.0000000e+00  -5.5464261e-01  -5.4365611e-01   6.1219510e-01   6.2497577e-01   7.0307637e-01  -8.9218841e-01  -6.9794009e-01  -7.8361316e-02   1.0051157e-01   7.2001483e-01   4.2959593e-01  -4.5692017e-01   1.2054359e+00   4.1055832e-01   3.3214268e-01  -1.2728922e-02  -8.0300465e-01  -2.3577797e+00
   2.0000000e+00   2.4837056e-01  -7.3472183e-01  -4.5294993e-01  -1.3897664e-01  -1.1380014e+00   2.8773387e-01  -1.3496347e+00  -5.4684726e-01   1.4125395e+00  -3.5588525e-01  -3.9142503e-01   1.8961133e-03  -4.7089097e-01   6.7502151e-01  -7.9992871e-01   1.1248420e+00   7.4838728e-01   1.9090708e+00
   2.0000000e+00   1.0085969e+00  -1.2217236e+00  -1.1724000e+00  -3.4618320e-01   4.1881145e-01  -4.1774281e-02  -6.4209521e-01   4.3976586e-01   1.2067758e+00  -5.9266316e-01  -6.9323966e-01  -4.4105946e-01  -2.2102369e+00  -9.7416372e-01   4.6599651e-01  -3.1928503e-01   1.2074285e+00  -7.5078171e-01
   2.0000000e+00   7.3007376e-02  -1.1769852e+00   1.6510262e-01  -1.5594942e+00   1.5742080e+00  -8.5011463e-01   5.8357100e-01  -9.7331517e-01  -9.5669370e-01  -1.0216025e+00  -2.3680744e-02  -1.1399846e+00   2.0338152e-01  -4.9848242e-01   1.7711052e+00  -2.0977772e-01   5.3699731e-01   9.6201095e-02
   2.0000000e+00  -8.7000621e-02   3.8695652e-01  -1.6137833e+00  -2.4001616e-01   2.6299941e-02   3.9089771e-01   1.9047658e-02  -5.6300840e-01   1.7500536e-01  -1.4329966e+00   4.8651555e-01   7.9089571e-01   1.2263541e-01  -6.0482330e-01  -1.0690929e+00  -9.8271155e-01   1.9063187e+00  -1.2876908e+00
   2.0000000e+00   1.2081306e+00  -1.4307514e+00  -6.9610880e-01   4.9850424e-01  -2.7274227e-01  -6.3241929e-01   1.2301026e+00   1.5515696e-01   1.8700577e-01   1.3070876e+00   1.6437508e+00  -1.6274179e-01   1.0857228e+00  -2.9114406e-01   1.4418504e-01  -1.5405700e+00  -1.3989121e+00  -1.1401537e+00
   2.0000000e+00   5.2725683e-01  -3.5533964e-01  -1.2902243e+00  -1.1819985e+00  -1.0671747e+00   6.4655183e-01  -2.9599252e-01   1.4456617e+00   1.1315296e+00  -4.7506282e-01   1.3859339e+00  -1.4430763e+00   6.9506371e-01  -7.9474075e-01   1.8945966e+00  -1.7466069e-01   1.2343254e+00  -1.2382566e+00
   2.0000000e+00  -1.2891780e+00  -2.3454219e-01  -3.4566539e+00   7.6724886e-01   9.7938831e-01  -3.7796867e-01   1.4278745e+00  -2.1657452e+00   7.4433423e-01  -5.7127875e-01   4.8557175e-01   1.0278196e+00   9.3975709e-01   1.0380663e+00  -3.0301775e-01   1.4402287e+00  -9.3142134e-01   8.3097788e-01
   2.0000000e+00   2.9455459e+00  -7.7915907e-01  -6.6614304e-01   7.2046231e-01   1.8154766e-01  -1.1226196e+00   6.4629665e-01  -3.9576811e-01  -1.2867968e+00   4.1198404e-01  -6.1346283e-01   2.3668824e-01  -5.5054568e-01   1.4606415e+00   6.2739557e-01  -1.2519909e+00  -2.2564293e+00   2.5300067e-01
   2.0000000e+00   1.5157357e+00   3.3145884e-01   3.8290783e-01  -1.5812092e+00   1.4303970e+00  -1.3355735e-01   4.0512154e-01  -1.3455006e+00  -1.6095485e+00   7.9765455e-01  -5.4654481e-01   1.2119023e+00   4.5991831e-01  -3.9922478e-01  -1.7855782e+00  -6.5802149e-01  -3.3687917e-01   2.9493744e-01
   2.0000000e+00  -1.8626725e-01   1.0508925e+00   7.1913558e-02  -1.6174454e-01  -4.9544423e-01  -1.3216501e+00   3.7750961e-01   1.2000763e+00  -1.5883308e+00   1.3922092e+00   1.2180396e-02   4.6205422e-01  -1.6794333e+00   4.0896550e-01  -1.0091535e+00  -9.1336113e-01  -2.4077702e-01   9.0089843e-01
   2.0000000e+00   3.6028414e-01   3.7154053e-01  -6.5640184e-02  -9.2235960e-01   9.8166857e-01  -8.5513539e-01   5.6499982e-01   5.4745218e-02   6.5869881e-02   4.7194772e-01   4.4578854e-01  -1.2463463e+00   2.4122355e-01   1.3102579e+00  -5.6720755e-01   7.2980540e-01  -2.0990736e-01  -5.1827371e-01
   1.0000000e+00  -3.1619599e-02   2.7227612e-01  -8.2067083e-01  -7.1834318e-01   3.5432397e-01  -1.3361985e+00  -3.5701337e-01  -8.0485619e-01   8.8684306e-01   6.1383492e-02   6.4586357e-01  -8.8351391e-01   1.4016231e+00   1.8541252e+00  -8.1849936e-01  -2.9550163e-01   2.6818769e-01   2.3456425e-01
   1.0000000e+00   1.5474253e-01  -8.9794829e-02   1.5352300e+00  -4.6997440e-01   6.2388440e-01   8.5356891e-01   1.1607780e+00  -1.9222763e-02  -1.8785348e+00  -4.2598040e-01  -1.1289425e+00   2.4280398e-01  -1.1174477e+00   9.6674829e-01  -8.2503249e-02  -3.9579347e-01  -2.7303395e-01  -1.2875630e+00
   2.0000000e+00  -2.2014477e-01  -2.7119744e-01   1.0408759e+00   1.0562930e+00  -1.1786487e+00   3.1356900e-01   8.8993321e-01  -2.0790673e+00   2.1495280e-01   6.0748627e-01  -4.2913336e-01  -6.9604808e-01   1.0447403e-01  -2.4412638e+00  -8.9335736e-01   5.4737086e-01  -1.2425807e+00  -4.4826878e-01
   1.0000000e+00  -1.0194784e+00   5.8854084e-01   4.6528935e-01  -7.4322250e-01   1.4909743e-02  -3.6683467e-01  -8.2269546e-01   1.9305632e+00   9.4975344e-01  -7.4298785e-01  -1.8996831e-01  -1.1119130e+00  -1.4231206e+00  -7.6418115e-01   1.4493591e+00   5.7050469e-01   1.2178914e-02   6.1411861e-01
   2.0000000e+00   7.9702696e-01   4.2430153e-01   3.0125105e-01   7.3076636e-01  -2.2680347e-01  -1.8683109e+00   9.8736160e-01   7.7671862e-01  -1.5404458e+00   8.4043819e-01   1.0647653e+00  -2.4010052e-01   2.0173928e+00   1.3098573e+00   7.5367210e-01  -8.8018943e-02   5.7924121e-01   6.0224688e-01
   2.0000000e+00  -1.7289936e+00   1.7637466e+00  -2.8151634e-01  -2.3129390e-01   9.0359913e-01  -6.9781858e-01   1.8301129e-01   4.8491565e-01  -4.9869791e-01  -1.6646749e+00  -2.9281788e-01  -4.8107676e-01   3.6943325e-01   5.5515204e-01  -3.2391982e-01   6.0458918e-01   6.5242089e-01   5.9746517e-01
   1.0000000e+00  -1.5610837e+00   9.7911526e-01  -1.4870741e-01   7.3439287e-01   2.1222307e-01   4.6557677e-02   7.7369880e-01   2.8881455e-01   8.2642416e-01   1.9293981e+00  -9.0625978e-01  -5.1477987e-01  -1.6434484e+00  -7.5632624e-02  -1.7945237e-01   1.0529095e-01   1.5100200e-01  -4.7190641e-01
   2.0000000e+00   5.2965222e-02   1.3038390e+00   4.4615798e-01   1.4601979e+00   1.6564089e+00  -5.1827276e-01   1.2116083e+00   2.4321635e+00  -8.0465719e-01  -2.2088111e-01  -6.6684149e-01   1.1613885e+00  -2.7475441e-01  -8.6289896e-02  -1.3442389e+00   1.1169867e+00  -1.1863125e+00  -4.2099122e-01
   2.0000000e+00  -5.3192195e-02   1.3775461e-02  -8.8129390e-03   2.6428473e-01   3.4183529e-01   5.6966653e-01  -1.1407404e+00  -2.6681266e-02  -6.5891545e-01  -1.2850872e+00  -8.0322676e-02   8.0719171e-01   7.3675338e-01  -1.1802415e+00   3.0324154e-02  -3.4386574e-01  -9.6705840e-01   3.2442129e-01
   2.0000000e+00   2.5605843e-01   2.0126124e-01  -2.0698273e+00   6.1555717e-01   1.1037779e+00   7.9147127e-01   7.7403127e-01  -6.9287325e-01  -3.3267787e-01  -1.9896068e-02   1.0804082e+00  -5.8273042e-01  -1.3524387e+00  -1.1907412e+00   6.9362958e-01   1.7858004e-01   1.3135525e-01   5.4583690e-02
   2.0000000e+00  -5.3986385e-01  -2.3739515e-01  -1.0743223e+00  -3.5221348e-01   1.6865250e-01   3.9190646e-01  -8.7042049e-01  -3.1486240e-01  -9.3079306e-01   7.2534040e-01   4.1356350e-01  -5.5908880e-01  -2.2670387e-01   1.4657875e+00   1.1160270e+00  -1.6941595e-01  -5.7359998e-02   2.5586401e+00
   2.0000000e+00  -6.1275476e-01  -8.4345749e-01  -2.1250328e-01  -1.4320298e+00  -1.5285815e-01  -1.8171753e+00  -1.1710399e+00  -7.9792135e-01  -3.6988487e-01   1.0025724e+00  -2.8769653e-01   2.2040068e-01   1.3619120e+00  -7.7856141e-01   3.1675416e+00  -1.2628442e+00  -1.1886486e+00  -6.0122468e-01
   2.0000000e+00  -1.4124342e+00  -1.2852886e+00  -2.0909372e-01  -2.3873436e+00   1.5622749e+00   7.2484885e-02  -1.7710829e-01   1.0009343e+00  -7.1424262e-01  -9.3171812e-02  -2.8378500e-01  -2.0465679e-01  -2.0358259e-01   5.8846255e-01  -8.4297705e-01  -4.4428267e-01  -3.4088298e-01   2.0209712e+00
   1.0000000e+00   7.2070896e-01   1.0930613e-01   1.1772672e+00   2.9093267e-01   6.1347461e-01  -6.2598409e-01   1.2715133e+00   1.3614462e-01  -3.3181476e-01   3.2034335e-01   3.3809669e+00   1.1496426e+00   3.6658648e-01   2.1176997e+00   1.5496634e+00  -5.8088142e-01  -1.3339222e-01  -3.7243808e-01
   1.0000000e+00  -1.2509897e+00  -1.2490704e+00   4.0811337e+00  -1.3994925e+00   8.4981487e-01  -1.2806123e+00  -1.4012848e+00   8.1753584e-01   4.7954157e-01  -3.3594373e-01   3.0152344e-02  -2.3906606e-01   2.3793118e-01   5.2997133e-01   8.9809712e-01  -1.1824308e+00   4.9458844e-01   2.7693973e-01
   2.0000000e+00   3.3877007e-01   5.3631596e-01  -1.3318834e-01   1.4569692e+00   1.9481627e+00  -1.7040532e+00  -1.3390001e+00   1.4928141e+00  -4.5356453e-01  -1.4222339e+00   2.0120686e-01  -2.6044581e+00   1.0081516e+00  -6.4361848e-01  -6.1008209e-01   6.2963535e-01   6.3298418e-01   3.1377967e-02
   1.0000000e+00  -3.0425036e-01  -4.5137485e-01  -2.7552343e-01   1.2331925e-01   4.2531342e-01   3.0398838e-01   1.3017719e+00   6.9447588e-02  -9.9776663e-01  -7.5812745e-01   1.2764463e+00   5.7111384e-01  -7.3960806e-01  -9.7444216e-01  -6.4911221e-01  -2.9746122e-01  -3.7320755e-01  -7.1187177e-01
   1.0000000e+00   1.6728017e-01  -1.0651667e-01  -1.8348671e-01   2.1782904e+00   9.3126924e-01  -4.2182543e-01   3.4852369e-01   2.0604370e+00  -2.1394286e-01  -1.4178158e+00  -3.6153970e-01  -1.5871204e-01   8.2558319e-01   5.3357603e-01   1.0759748e+00  -6.3518824e-02   3.1927180e-01   6.4812282e-01
   2.0000000e+00  -2.7960712e-01  -1.2582219e+00  -1.3690544e-01   1.6349373e+00  -1.2850094e+00  -7.9442759e-01  -5.2806087e-02  -2.1400654e+00  -9.6299620e-01   1.9122798e-01   1.0376883e+00   2.1230384e-01   1.1154151e-01   2.5446659e-01   1.5346893e-01   1.2993178e+00  -6.1668154e-02   1.8164732e+00
   2.0000000e+00   9.6725990e-01  -6.7047437e-01   2.9937199e-01  -3.7550984e-01   2.4498803e-02  -5.5181674e-01   1.5046296e+00   1.8785267e-01  -3.0441205e-01  -1.3619311e-01  -3.0194608e-01  -2.3138141e-01   1.2681982e+00  -8.9721908e-01   4.9783438e-01  -1.0331713e+00  -1.9417635e+00  -2.2898113e+00
   2.0000000e+00   6.2597163e-01  -3.5813713e-01   1.0198199e+00  -1.0194308e+00  -2.7906817e-01   2.2296682e-01  -9.1333339e-01   1.7872556e+00  -1.4828170e+00  -1.3842576e+00  -4.7618630e-01  -1.0485323e-01  -5.0191444e-01   4.2824550e-01  -8.7512836e-01   8.0556448e-01  -1.8625264e+00   1.6007357e+00
   2.0000000e+00   2.4174898e-01   5.3272358e-01  -3.8475564e-01   1.2091584e-04  -6.3539412e-01  -1.0528664e+00  -6.5020654e-01  -1.8656504e-02  -1.1071984e+00   5.3453042e-01   4.4778001e-01   1.4839467e+00  -7.6258915e-01  -1.8682780e+00  -1.2963608e+00   6.2321178e-01  -5.1978756e-01   5.8044150e-01
   2.0000000e+00   6.5171449e-02  -6.0641151e-01   5.1966302e-01   2.4176704e-01  -1.0274841e-01   9.9195016e-01  -4.8402033e-01   1.0728914e+00   1.7357839e+00  -8.2864455e-01  -1.7729872e-01  -7.7319607e-01  -2.0304607e-01  -6.8315993e-01   8.8168196e-01   2.2880399e-01  -2.3254845e+00  -2.5092680e+00
   2.0000000e+00  -1.5800794e+00   2.0217144e-01   7.6822773e-01  -3.5661260e-01   4.5827248e-01  -1.0767844e+00   1.0755627e+00   2.1088671e-01  -1.4098250e-02   2.1848126e-01  -1.5488387e+00   6.5257583e-01  -2.6409899e-01  -7.6623702e-02  -9.4507117e-01  -9.9817625e-01  -1.3885720e+00  -4.1178776e-01
   2.0000000e+00   5.2361987e-01   4.4429108e-01   8.2636739e-01   5.6380455e-01   4.4354868e-01  -6.8906002e-01  -6.1103657e-01  -1.0319474e+00  -7.9478615e-01  -2.7142708e-01  -6.4828261e-01  -5.0649071e-01   4.0592295e-01  -4.0482455e-01  -7.8067468e-01   2.5461827e-01  -2.0946400e+00   1.0989983e+00
   2.0000000e+00  -7.6159586e-01   1.7427043e+00  -1.4442365e+00  -4.1796362e-01   1.7142099e+00   7.2096444e-01  -1.6882876e-01   1.6355608e+00  -4.6451941e-01  -2.1581544e+00   5.5236487e-01   1.9723317e+00  -7.6090440e-01   1.4426440e-01  -2.0079989e+00  -2.0467392e+00   6.4701721e-01   3.3308195e-01
   2.0000000e+00  -1.6135161e-01   1.0853666e+00  -8.3448255e-01  -1.2786903e+00   9.6070647e-01  -1.1514110e+00  -4.7139711e-01   1.3762790e+00   8.7523737e-01   1.5945848e+00  -1.6101084e+00   1.0630181e+00   1.3483723e+00   1.3355199e-01  -5.9905230e-01   5.0635928e-01  -9.7833121e-01   2.4279482e+00
   2.0000000e+00  -8.3850791e-01   2.5624049e-01  -1.7710971e+00   4.3509328e-01   4.3896027e-01  -7.8372025e-01  -1.0119590e+00  -1.1056400e+00  -6.1716952e-01  -7.0486286e-01   1.6994777e+00  -9.3404544e-01  -2.8470916e-01  -1.4211699e+00   3.2538443e-01   1.2834120e+00  -1.5866244e+00  -5.3894405e-01
   1.0000000e+00  -1.3366772e+00  -2.8272494e-01  -2.2618792e-01  -8.9730813e-01   1.2122626e-01   5.3648317e-01   6.0035691e-01   5.1764770e-01   4.7655129e-02  -7.4226308e-01   5.4520913e-01  -1.4056958e+00   7.2607602e-01   4.9611829e-01  -3.1055387e-01  -1.2927212e+00   7.7971355e-01  -7.6316511e-02
   2.0000000e+00  -5.8937478e-01   1.0395298e+00   1.2624261e+00   7.9538645e-01  -4.0607050e-01  -1.4505867e+00   3.9884067e-01   4.5468646e-01   2.0121953e-01  -2.8723080e-01  -1.0098069e+00   1.2449705e-01   2.2190354e+00  -1.0937782e-01  -1.3618231e+00   3.0205458e-01   1.0032081e-01  -7.9472378e-01
   2.0000000e+00  -9.7551823e-01   9.7982308e-01   1.6271500e-01  -2.4237103e-01  -1.2808190e+00  -4.5157824e-01   4.0567373e-01  -4.1955798e-01   1.0942903e+00   1.0925026e+00  -8.5440003e-01   4.4989391e-02  -5.7655882e-01   3.6241990e-01  -7.6894812e-02   3.4290399e-01  -3.7207179e-01  -3.8005105e-01
   2.0000000e+00   7.4264205e-01  -9.6962888e-01   3.1115848e-01  -1.5596606e+00  -4.0393382e-01   3.8993264e-01   1.1789194e+00  -1.1953686e+00   7.9713542e-02  -4.1740967e-01  -1.8471663e+00  -1.4378610e+00  -7.7106690e-01  -1.0884307e+00  -1.0522951e+00   1.7322107e+00  -1.0152688e-01   9.2651621e-01
   2.0000000e+00   1.2882266e-01   2.1187202e+00  -1.2489935e+00   4.3486618e-01   4.4717264e-01   6.9677827e-01   1.0684314e+00  -1.5089636e-01   1.8566107e+00  -1.0496976e+00  -9.9255783e-01  -9.1909147e-01  -2.1939163e+00   2.8551892e-01  -4.8234677e-01   4.0328251e-01   1.9541365e+00   1.1632619e+00
   1.0000000e+00  -1.5185164e+00  -1.5817270e+00  -3.0529761e+00   3.8130370e-01   7.9164401e-01   7.3565595e-01  -7.5634256e-01   1.1189017e+00  -8.1012952e-01   2.5664817e-01   4.6541207e-01   9.7774636e-02  -6.0362564e-01   1.9500060e-01  -1.5027257e-02  -1.7637570e-01  -1.7588048e-01  -1.0108924e-01
   1.0000000e+00  -1.5089694e-01  -5.0868134e-01   5.1689712e-01  -7.7210099e-01   1.7807387e-01   1.0347391e+00   5.3360404e-01  -8.0542904e-01   1.7336467e+00   4.9480155e-01  -6.8681054e-01   1.0338129e+00   4.9926653e-02   6.8662770e-01   9.1825694e-01  -7.2159312e-01  -2.2596055e-01   1.0833877e+00
   2.0000000e+00  -4.6845952e-01   2.3300895e+00   7.7151146e-02   7.0214747e-01   2.2108462e-01  -1.0297227e+00   8.9600516e-01   2.0376245e-01   1.4769311e+00  -3.7251149e-01   1.4832190e+00  -1.6141724e+00   4.9696907e-01  -3.8905463e-01  -2.4094244e-01   7.9534585e-01  -1.0992059e+00   2.0646112e+00
   1.0000000e+00   1.1392486e+00  -4.3519388e-01   1.3807122e+00   2.1821923e-01   7.7253027e-02   9.8325589e-01   1.0521657e-02  -1.5183317e+00  -2.1335071e-01   5.8594254e-01   2.5099849e-01  -1.7083304e+00  -9.6130740e-01  -5.5777720e-01  -4.8769269e-01   9.2772392e-01  -2.6903935e-01  -1.6952562e+00
   2.0000000e+00  -9.0372722e-02  -2.5384522e-01   3.5346084e-01   6.9374515e-01  -6.3889459e-01   1.1882714e-02  -3.6704986e-01  -4.0651241e-04  -1.7071974e-02   1.8478743e+00  -2.8664629e-01  -3.0534179e-01  -8.3162468e-01  -6.0290394e-01  -1.1193199e+00  -1.4883550e-01  -1.8657986e+00   1.0275558e+00
   2.0000000e+00  -1.3929908e+00  -2.6647702e-01   5.7076392e-01  -2.2263376e+00  -4.3343947e-01  -1.0953937e+00   2.4766196e-01  -1.4572580e+00  -7.4952819e-01  -2.9988911e-01  -2.4254130e-01   1.3171252e+00   9.5135223e-01  -5.6173685e-03  -7.7032462e-01   7.0514851e-01   8.2063735e-01   1.3912729e+00
   2.0000000e+00  -5.9285091e-01   6.6915685e-01   2.8268975e-01   1.7847494e-01  -8.1650664e-01  -5.9614332e-02  -1.2916278e+00  -3.9839748e-01   1.5209978e-01   9.3894588e-01   1.7215250e-01   9.6539056e-01  -2.4552593e-01  -9.2985361e-02   1.8210255e+00  -7.9761925e-01  -2.2271284e+00   8.4418236e-01
   2.0000000e+00  -1.3748096e-01  -1.6469464e+00   2.2513562e-01  -9.5347186e-01   6.4880851e-01  -1.1909816e+00  -2.0909560e+00   9.2276737e-01   5.6779167e-01  -2.8457882e-01  -1.6001457e+00   1.3089907e+00   2.8251132e-01   1.4860860e+00  -6.2260266e-01  -9.2172372e-01   1.0009693e+00  -3.8797605e-01
   1.0000000e+00  -4.2427168e-01  -5.3761604e-01  -1.3766401e+00   9.1054825e-01   8.8790714e-01  -7.1575873e-01  -5.4338909e-01   4.0865054e-01   6.4283828e-01   2.9248912e-01   6.8973530e-01   1.8984601e-01  -2.0421746e-01   5.8115836e-01   2.5283823e-01  -3.9170622e-02   1.1081280e-01  -1.7104228e+00
   2.0000000e+00  -1.6331200e-02   6.0576953e-01   2.3541541e+00   6.9504614e-01  -2.5764132e-01   9.6613656e-01  -3.3635818e-01   2.0927788e-01  -5.3750322e-01  -1.7451999e-01   7.1616817e-01   6.2988326e-01   1.8157268e+00  -2.9835579e-01   6.4570745e-01   1.3869595e+00  -5.2597930e-01  -3.3883208e-01
   2.0000000e+00   5.1834076e-02  -4.3916912e-01  -2.9200056e-01  -2.5030012e-01   9.2607438e-01   5.6653611e-01  -1.0985788e+00  -1.3507315e-01  -1.2607453e+00  -1.4235766e-01  -1.0564282e+00  -8.9043923e-01   1.7502252e+00  -7.6336098e-01  -1.0843905e-01  -4.6872382e-01   2.0197129e+00   1.6216718e-01
   2.0000000e+00   9.1497270e-01   5.0075533e-01   2.1130788e+00   5.4211023e-01  -1.1158834e-01  -1.3268410e+00  -9.4517994e-01  -2.1582590e+00  -1.2149179e+00   2.8429556e+00  -8.5095929e-01   1.3905364e+00  -3.6419289e-01   7.6397125e-01  -2.1400295e+00   2.2817432e+00  -2.6178416e-01   1.1055948e+00
   2.0000000e+00  -8.3741226e-01  -1.6900633e+00  -5.2816274e-01   1.2980751e+00  -5.7005493e-01   1.8391278e-01   1.4537859e+00   1.5274510e+00  -1.4173524e+00   8.0922000e-01  -1.3952699e-01   7.5646508e-01   1.7382236e+00  -3.5222751e-01   1.9532666e+00  -4.7193677e-01  -1.7281388e+00  -5.9862374e-01
   2.0000000e+00  -1.1109971e+00   8.6434136e-01  -6.0099035e-01   3.5085160e-01  -1.1771112e+00  -2.1833784e-02   5.7982949e-01  -9.1902784e-01  -8.2839870e-01   1.5611764e-01  -3.9254784e-01   3.2610925e-02   3.2673851e-01  -1.2140538e+00  -8.9513359e-01  -7.4191286e-01   7.0799625e-01   8.6999383e-01
   1.0000000e+00  -1.3917185e+00   4.6351731e-01   5.1297991e-01  -7.7002626e-01   1.8397407e-01  -1.5343135e+00  -1.0894511e+00  -5.7478838e-01  -7.4325897e-01  -9.7207909e-01  -9.8397134e-01  -4.8374932e-02  -3.3254928e-02  -1.3080015e+00   5.1317098e-01   1.2914890e+00  -3.3434191e-01   8.7226557e-02
   1.0000000e+00   9.1328083e-01   6.0585088e-01  -5.6762320e-01   1.5736854e-01   5.5022832e-01   3.0441136e+00   2.5199208e-01   9.5325164e-01   5.4733404e-01   2.2726927e+00  -3.7725286e-01  -1.9264129e+00  -3.3949004e-01   1.9792631e+00   1.9682994e-01   1.4085865e+00  -5.0225230e-01  -1.1549171e+00
   2.0000000e+00  -2.6960883e-01  -9.3294022e-01  -1.5800006e+00  -7.1926501e-01   1.6400748e+00  -9.7237318e-01  -1.9056616e-01  -6.0009551e-01   1.8080651e+00  -7.2789427e-01   2.0157905e-01   1.2855353e+00  -2.4336263e-01   7.4970327e-01  -6.3059971e-01   3.1301276e-01  -1.9632954e+00   9.2474688e-01
   1.0000000e+00  -1.9869867e+00   4.7750979e-01  -3.5222067e-01   6.9049011e-01   2.9699002e-01   1.5198570e-01   2.3100171e+00   5.9437732e-01   6.2593210e-02  -4.5636032e-01   3.9815330e-01  -7.9209761e-01   6.9061137e-01  -1.2853194e-01   5.6431997e-02   7.3915676e-01  -1.7623258e-02   3.0653859e-01
   2.0000000e+00  -3.9210998e-01   6.6595529e-01  -2.3333676e-01  -1.3843460e+00   5.5641491e-01   9.8154694e-01   2.5223641e+00   1.9175823e+00   2.2577596e-01   3.2315483e-01   1.0159069e-01  -7.6633586e-01   1.1872389e-01  -3.7090322e-01   9.0356115e-01   8.2394359e-01  -1.3677441e+00  -3.2361864e-01
   2.0000000e+00   5.5390004e-02  -1.9210778e+00  -1.6061561e+00  -1.3666564e+00  -1.2174703e-01   6.4082090e-01  -7.7612400e-02   1.1408210e+00   7.5076011e-02  -1.2256622e-01  -5.6774243e-01  -9.3465351e-01  -6.8628221e-01   6.6732675e-01   4.4549537e-02  -6.4411763e-01   8.9076995e-02  -1.3806591e-01
   2.0000000e+00  -1.3594588e+00  -9.7773246e-01  -7.2960268e-02  -3.9351591e-02   1.1839581e+00   1.7117236e+00  -1.7365737e+00  -6.5661436e-01   7.0407833e-01  -4.6138018e-01   1.1236077e+00   8.3031028e-01   1.7419994e+00  -8.1997953e-01   1.9516108e-01   1.0616335e-01   1.6383695e-01   5.1367235e-01
   2.0000000e+00  -1.1205038e-01  -2.0384352e-01   1.4231090e+00   1.2385641e+00  -1.7008327e+00  -1.3614062e+00   1.0162896e-01   9.0956610e-01  -9.7402736e-01  -3.8104429e-01   6.9211202e-01   7.8695880e-01  -4.1001699e-02   3.0922450e-01   6.1159601e-02   2.2502375e+00   1.0160514e+00  -1.3371900e-01
   2.0000000e+00  -2.7584959e-01  -4.5389399e-01  -2.4340305e+00   4.0488222e-01  -3.0100276e-01   3.2851074e-01  -8.0741603e-01  -3.7348484e-01   4.9350557e-01   8.1918684e-01   2.3589809e-01   5.4686687e-01  -8.6231462e-01  -7.9537182e-01  -5.3634606e-01  -4.2266130e-01   2.1444181e+00  -5.8449777e-01
   2.0000000e+00   5.2868893e-01  -9.7602782e-02   1.9923097e-01  -2.4177624e+00  -1.0287688e+00   7.9120017e-01  -7.2823864e-01  -1.0121950e-01   2.3426823e-01   5.0282163e-01   1.7100773e+00   2.5979823e-01   6.5223945e-01  -4.2196709e-01   1.0369594e+00  -7.1773273e-01  -8.4195852e-01  -3.8461711e-01
   2.0000000e+00   2.3442146e+00   1.8888694e-01   1.5188889e+00  -7.2265363e-04   1.9390720e+00   1.3693555e+00   5.6804285e-01  -1.9832353e-02  -4.8703648e-01   6.5827108e-01  -4.5798442e-01   5.0343846e-02  -3.0671466e+00  -1.2988617e+00  -2.4543712e-01  -3.8327802e-01   1.1122115e+00  -6.2222800e-01
   2.0000000e+00  -3.0177913e-02  -3.0216866e-01  -4.7470991e-01  -2.2115616e-01  -1.0050283e-01   7.6315115e-01   6.4566421e-01   6.4415599e-01   1.1660559e+00   1.6604957e-01  -2.7649271e-01  -2.2456734e+00   9.2551993e-01  -7.9068031e-01  -4.5262881e-01  -8.4269923e-02   2.8434950e-01  -1.0422144e+00
   2.0000000e+00   2.6548291e+00  -9.6402636e-01   4.8991371e-01   3.0721296e-01  -5.4970909e-02   7.3666608e-01   4.4606626e-01  -1.5749416e-01  -5.5439114e-01   1.1180766e+00  -9.1302225e-02  -1.1345065e+00   1.2088648e+00  -8.4402886e-01   5.2337313e-01   1.0150727e+00   6.9316432e-02  -8.9153310e-01
   2.0000000e+00  -5.9898721e-01   9.6714282e-01   2.3003093e+00  -9.5434685e-01  -1.0778068e-01  -1.8435256e-02  -7.4561264e-01   1.3301268e+00  -3.8972912e-01  -1.1141348e+00  -2.0522089e-01  -9.1107054e-02  -5.6711086e-02   1.2005089e+00  -5.4406008e-01   1.2174885e-01  -6.7738159e-02   1.2835179e+00
   2.0000000e+00   8.1497025e-01   8.7008967e-01   9.2628813e-01   2.0226811e+00   6.5009622e-01   3.7994057e-01  -8.3490120e-01  -1.0232056e+00   5.2029865e-02  -1.3995729e+00   6.0506220e-01  -9.6173941e-01  -7.8508132e-01  -4.5143826e-01  -1.0494599e+00  -1.9042336e-01   1.2218454e+00   1.2518513e+00
   2.0000000e+00  -8.4571347e-01   4.0711838e-01  -1.0991175e+00   6.9040349e-01  -9.4344229e-02   1.5370043e+00   6.3469320e-01  -1.0036162e+00  -2.2915147e-01   1.1212716e+00  -2.9915499e-01   9.8009402e-01  -8.9831459e-01  -3.9919722e-02   5.2646294e-01   3.0833074e+00   4.7984921e-01  -1.1595849e+00
   2.0000000e+00  -1.8040588e+00  -1.1219843e+00  -1.0801955e+00   4.9876465e-01  -1.5060157e+00   1.1935934e+00   3.0802991e-01   5.4956165e-02  -8.8197940e-01   1.2211199e+00  -1.1197078e+00   3.6592291e-01  -2.5146679e+00   9.6987161e-01  -6.4741169e-01  -4.8093082e-01   1.1524157e+00  -6.9092564e-01
   2.0000000e+00  -2.8843386e-01   5.3604053e-01  -1.0223005e+00   1.6837208e+00   1.4605711e+00  -1.3298756e+00  -1.4521078e-01   4.0136734e-01   5.5256215e-01  -4.7829498e-01  -5.5936871e-01   9.3080502e-01  -2.3811086e-01   2.5931069e-01  -1.3895106e-01  -2.7186079e-01   2.3540320e-01  -4.8152120e-01
   2.0000000e+00  -1.1679867e+00   2.7183228e-01   4.2078931e-01  -8.2019832e-02   3.3999940e-01  -4.3667585e-01  -6.6077105e-01  -1.4785871e+00   1.3958888e+00   1.2901318e+00   5.7859415e-01   1.6539603e+00  -7.3238854e-01   2.6416040e-01  -2.4179353e-01   6.5958899e-02  -9.6424453e-01   3.1083013e-01
   2.0000000e+00   1.1514176e+00  -5.5708698e-02   2.8798080e-01   7.0945402e-01   8.3916495e-01  -5.9721763e-02  -8.9804174e-01  -7.2584522e-01   5.7916508e-01   2.0431384e-01  -3.2254145e-01  -5.7551161e-02  -1.2910295e+00  -1.0958332e-01   7.1091991e-01   1.5815384e+00  -6.6260807e-01  -1.2073641e+00
   2.0000000e+00   2.7383168e-01   6.0783688e-02  -1.7218212e+00   1.2948015e+00   9.3575159e-01  -3.1216468e-01  -7.4580704e-01   1.4860082e+00   1.3338880e+00   1.4754231e+00  -1.6000147e+00   2.8601006e-01   6.3794573e-01  -1.6410138e-01  -2.5725042e-01   5.7411843e-02  -1.2922686e+00  -1.7792066e+00
   2.0000000e+00  -1.6262537e+00   6.1971967e-01   1.5414463e+00  -3.5834060e-01   2.0091719e-01  -1.5294664e+00   1.1557496e+00   8.0094772e-01   4.3493342e-01   1.4971766e-01  -7.6390353e-01  -5.1533650e-01  -4.1797373e-01   2.1499892e-01   1.4862963e-01   2.7360252e-01  -1.4884641e+00   9.0346695e-01
   2.0000000e+00  -2.0381976e+00  -4.7930550e-02  -8.5222226e-01  -3.3188668e-01   1.0255958e+00   6.1629273e-01   1.0978025e+00   1.7576582e-01   1.0278672e+00  -2.1474967e+00   1.4897155e+00  -1.9384736e-01  -9.6244298e-01  -1.0986524e+00  -5.0757165e-02  -5.6948746e-01  -2.6488648e-01  -1.1918676e+00
   2.0000000e+00  -2.2284625e-02  -1.8738361e+00   2.0886759e+00  -5.3784474e-01   1.0057134e+00  -3.3266918e-02   5.2328453e-01   9.0653563e-01   2.9827028e-01  -2.1410347e-01   1.9583146e-01  -5.2800674e-01   4.8432080e-01   1.0740024e-01   2.9334590e+00   2.0216701e+00   1.6712609e+00  -1.1647103e+00
   2.0000000e+00   1.7344156e-01  -2.0052113e-01  -7.7458947e-01   1.0389814e+00  -1.1921999e+00   1.7847050e-01   9.1683444e-01  -3.0799411e-01  -1.9653567e+00  -6.4041410e-01   5.0417284e-01   1.1293645e+00   8.6043887e-01  -1.8353791e-01   1.3036772e+00   7.6484693e-01  -2.6048018e-01  -6.6672977e-01
   2.0000000e+00  -1.3328525e+00  -6.8476337e-01  -1.6179117e+00   1.9504528e+00  -1.7516561e+00  -3.4865169e-01  -4.2737638e-01   2.3991767e+00  -9.8528543e-01  -1.3527302e+00   9.1839214e-01  -6.3756020e-01  -4.8299349e-01   6.7755718e-01  -6.1312868e-01  -4.6271382e-01  -1.6889119e+00  -3.9124357e-01
   2.0000000e+00   1.4560838e+00   2.0446835e+00  -1.8539933e+00  -1.8376441e+00  -1.2140324e+00   1.4632212e+00   6.9193995e-01   3.2649251e-01  -4.0640089e-01  -5.4550622e-01   1.6287234e+00  -1.4614608e+00   1.2038846e+00   4.5924723e-01   2.0713825e-01   1.7247390e+00  -6.3417213e-01  -9.8536672e-01
   2.0000000e+00  -2.0813736e-01   7.0833371e-01  -2.6737110e-01  -5.9585192e-01  -3.0379143e-01  -5.5341685e-01   1.4229083e+00   1.3691406e+00   6.3448900e-01  -1.5138269e+00   8.3197696e-01   1.2135913e+00   2.3979666e-01   3.5279087e-02  -1.3263685e-01  -3.6670100e-01   6.2446239e-01   3.4400808e-01
   1.0000000e+00   1.5646693e+00   2.6760482e-01  -3.1251831e+00   9.8293597e-01   6.4790738e-01   1.0397825e+00  -7.9273159e-01   1.6855651e+00   3.1735578e-02   2.2640149e-02  -1.6699145e-01   2.9537065e-01   9.6469021e-01  -5.4535430e-03   1.8301558e-01   5.8770254e-01  -1.3967949e-01   1.4311941e-01
   1.0000000e+00   3.5267421e-01  -1.5406121e-01   3.4006864e-01   3.7540728e-01   4.0918798e-01  -1.7335232e+00  -5.3538402e-01  -7.3647174e-01  -1.8248336e+00   7.6264215e-01   8.8694655e-01   6.8115662e-01   7.8503726e-01   1.8043833e-01   9.5139073e-01  -7.0086001e-01   3.8615713e-01   2.3943477e-01
   2.0000000e+00  -6.5817446e-01  -6.7694446e-01   1.1874124e+00  -9.3996860e-01   7.9687205e-01   1.2257264e-02   5.5982999e-01   1.1625816e-01  -4.9112538e-01  -8.9377340e-01  -8.0809405e-01  -1.7514867e+00  -9.3421522e-01  -1.1954916e+00  -3.7595953e-01   5.1970264e-01  -1.0218024e+00   1.1436097e+00
   2.0000000e+00   3.3575777e-01  -1.4896086e+00   1.2334206e+00  -1.1633635e+00  -5.4857605e-01  -2.9328204e-01   5.6165023e-01   2.1859709e+00  -9.5249818e-01   1.1935083e+00   4.1118722e-01  -6.5060873e-01   1.0060006e+00   1.0667009e+00  -5.0073382e-01  -9.8150110e-01   1.2107333e-01  -9.3771643e-01
   2.0000000e+00   1.0450043e+00   2.4017167e-01   2.5723283e+00  -1.0051179e+00   1.2708746e+00  -6.1124940e-01  -1.2458999e+00   9.8923104e-01  -2.0437961e+00  -1.1270442e+00   3.7226036e-01   1.2466805e+00  -3.4099037e-01  -1.2633955e+00   3.3449954e-01  -5.1532697e-02   1.5413327e-01  -1.6804047e+00
   2.0000000e+00   5.7624291e-02  -2.9298457e-01  -3.3352808e-01   2.2654595e+00  -1.8500504e+00  -9.6118780e-01  -7.0593901e-01   3.8457623e-01  -2.4799919e+00  -3.2206590e-01  -1.6224827e-01  -1.9331822e+00   3.7479664e-01   1.8085414e-01   3.8796698e-01   1.0732102e+00   1.2751873e-01   7.2025012e-01
   2.0000000e+00  -3.9392849e-02   2.7281501e-01  -6.9946111e-01  -2.4074569e-01  -2.6896100e-01   7.2009488e-01   1.7761926e-01  -7.9783772e-01   2.9239273e-01   8.5582982e-01   9.1292242e-01   5.8302435e-01   6.1876960e-02  -1.3673946e-01   1.3299158e+00   2.3363534e-01  -8.1662776e-01  -6.8095968e-01
   2.0000000e+00  -8.3127424e-01  -3.7574757e-01   9.5177555e-01  -1.4166792e+00   4.5619574e-02  -1.1307911e-01   2.1334749e+00  -1.7074789e+00  -2.5661805e+00  -2.2366412e-01   2.0281570e-02   4.5747085e-01  -4.8023699e-01  -1.9378947e+00  -4.8224467e-02   3.7850861e-01  -1.7952756e+00  -1.6813714e+00
   2.0000000e+00   6.3686190e-01   4.1552757e-01  -5.0740219e-01   1.0389864e+00  -4.2865607e-01   1.9013966e+00  -3.9081177e-01  -3.6078865e-01  -1.9187959e+00  -1.8755734e+00   1.0718636e+00   1.8972884e+00   2.1188844e-01  -8.7247280e-01   6.4336583e-01  -8.8030585e-02   8.6228316e-01  -2.1223565e+00
   2.0000000e+00  -1.2473731e+00   3.8175270e-02   6.6923130e-01  -7.1916914e-01  -5.9596213e-01   1.3862504e+00   3.6772256e-02  -1.5274496e-01  -7.3455019e-01   8.3662718e-01  -5.6734417e-05  -1.9130511e-01  -8.8480308e-01   4.9990034e-01  -7.1424298e-01  -1.1511232e+00   1.4313819e+00   4.3732042e-01
   2.0000000e+00   1.1069836e+00  -1.7856385e-01   2.0036548e-01  -4.9175322e-01   2.7498204e+00  -1.6189241e+00   1.5149872e+00   1.5382346e-01   7.3554618e-01   1.1170461e+00  -5.6824023e-01  -4.4048663e-01   3.7473818e-01   2.2068906e+00   4.2740175e-01  -8.0494882e-01   5.0012914e-01   7.9649890e-02
   2.0000000e+00  -2.0656355e-01  -1.1238760e+00  -9.6232737e-01   1.2876592e-01  -1.2472760e+00   2.1343824e+00  -4.3129693e-01  -1.3990692e+00   1.7098879e+00  -2.9410620e-01   1.5568226e+00   3.7761421e-01  -4.5164686e-01   7.4470237e-01  -4.2294216e-01   9.8646570e-01   2.2180401e+00  -1.0804608e-01
   2.0000000e+00   2.1931404e+00  -1.8524129e+00  -1.3753690e+00   1.4351406e+00  -1.2892549e+00  -1.4556348e+00  -5.8911789e-01   2.3424779e-01   5.7063427e-01  -1.4398564e+00  -8.9030427e-01   4.2567575e-01   3.8540876e-01  -6.1804193e-01  -2.6483620e-01  -1.7575962e-01  -8.5465015e-01  -8.0421132e-01
   2.0000000e+00   3.3228259e-02  -1.1771888e+00  -1.3243857e+00  -6.1699762e-01  -4.1736425e-01   2.4863292e-01  -6.4769205e-01   2.0916158e+00   9.5775667e-01   1.1746801e+00   7.8211441e-01   8.8087765e-01  -1.0671455e+00   3.5173524e-01   3.4360052e-01  -3.8274399e-01   1.7207318e+00  -7.3977150e-01
   1.0000000e+00   1.5892358e-01  -1.2135647e+00   5.6363816e-01  -2.4510097e-01   7.7594951e-01  -1.7647646e-01   7.5855560e-01  -1.2201136e+00  -8.9434193e-02   2.3032063e+00  -1.5237305e+00   1.2788456e+00  -1.7637323e+00  -1.1371898e+00   5.7446586e-01  -1.1136740e+00   4.0550543e-01  -4.6153380e-01
   2.0000000e+00   1.7231093e+00   1.0034316e-01  -1.4365166e-01   3.4610994e-01  -1.1358953e+00   6.4648774e-01   8.4884076e-01  -5.2394090e-01  -1.1786386e+00  -4.4953540e-01   4.5689336e-01  -4.0055721e-01  -3.3301423e-02   7.1754101e-01   1.0035318e+00   1.2786831e+00   1.5415768e-01  -1.4381090e-01
   1.0000000e+00  -6.0480692e-01   1.3373301e-01   1.1084391e+00   1.4469852e+00   4.0028402e-01  -9.3703168e-01  -3.9514987e-02   7.6604099e-02  -4.3687828e-01  -9.3258230e-01   4.5274375e-01  -5.3973559e-01  -7.5378453e-01   2.5955119e-01   8.7256066e-01  -7.1639444e-01  -5.9510120e-01  -1.2949519e+00
   2.0000000e+00   1.9969348e+00   4.4093222e-01   5.3991281e-02   3.2203127e-01   9.7361376e-01   1.2449680e-02   4.7862203e-01  -1.1747442e+00  -7.2464359e-01  -1.3039110e+00   1.4985103e+00  -8.4184882e-01  -3.7405104e-01  -6.8900683e-01  -4.8531527e-02  -1.0894233e+00  -2.4873533e-01  -2.4191413e-01
   2.0000000e+00  -1.3013309e+00  -1.8957783e-01   3.3601276e-01  -3.6248158e-03  -1.0111515e+00  -6.5950284e-01  -1.4061348e+00  -1.3095310e+00   1.2933339e-01   6.5399269e-01   4.9016051e-01  -3.8863634e-01  -8.9650362e-01   1.8432662e-01   5.5339083e-01   4.9857957e-02   2.4960053e-01  -1.4863106e+00
   2.0000000e+00  -1.0717505e+00   1.7918465e+00   6.6729092e-01  -1.3669454e+00  -3.2808752e-01  -1.2293904e+00   1.5448558e-01  -5.4742778e-01   1.1939893e+00  -1.9074236e-02   1.7583303e+00  -1.4792920e+00   2.5400751e-01   9.3081094e-01   1.8600663e+00  -6.7139412e-01  -4.7070224e-01  -6.8282290e-01
   2.0000000e+00   4.4598415e-01   4.6279834e-02   1.5132414e+00  -4.1123420e-01  -7.3518594e-01  -2.7087080e-01   1.3590313e-02  -2.1637869e+00  -3.3497479e-02   6.2457007e-01  -2.5156797e-01   1.2066579e+00   1.7231160e+00   2.5229790e+00   3.4453926e-01   4.9151161e-01   1.2336160e-01   5.6741982e-01
   2.0000000e+00  -7.1391220e-01   8.2775734e-01   5.7932688e-01   5.4901900e-01   1.0385100e+00  -1.5176595e+00   6.4298265e-02  -1.6761276e+00  -5.2580334e-02   9.7491753e-01  -9.6186925e-01  -9.5726007e-01   8.3016448e-01   1.3671805e+00   2.9043083e-01  -7.8885551e-01   9.0805507e-01  -1.0766021e+00
   2.0000000e+00   8.2217631e-01  -7.9636244e-01  -1.5794276e+00  -1.0245820e+00  -2.1740652e+00   1.6332821e-01  -3.2143821e-01   1.0580227e+00  -4.4227943e-01   9.8478451e-01   1.7779767e-02  -1.4898357e+00  -1.5235339e+00  -1.9590856e-01  -4.1851416e-03  -4.9806445e-01  -3.4619596e-01  -5.2535015e-01
   1.0000000e+00  -8.8757676e-01   4.6369456e-01  -3.0125937e-01   7.2714592e-01   1.7459960e-01  -1.4225326e-01  -2.7704028e-01   9.8575677e-01  -1.5325822e+00   2.8054570e-02   9.4742569e-01  -7.4367107e-01   6.4580934e-01  -7.3663677e-01  -2.3337791e-01  -1.5512522e+00   1.2338226e-01   2.9233973e-01
   2.0000000e+00  -1.6744011e+00   5.0880846e-01   6.2872326e-01  -4.9894753e-01  -3.6393475e-01   6.6265688e-01  -1.0859339e+00   2.2363549e-01   2.0986151e-01  -4.9081460e-01  -1.6072092e-01   8.1498921e-01  -1.4736649e+00  -2.4346161e+00   6.8224881e-01  -6.6302893e-01   6.1619503e-01  -1.0719814e+00
   2.0000000e+00  -2.8441022e-01   1.9884163e+00  -2.4881972e-02   3.5192151e-01  -7.8181240e-01  -7.0371164e-01   1.8120724e+00   1.4099953e+00   9.8826357e-01   1.3483277e+00  -1.1298614e+00  -1.3231406e-01  -1.2872153e-01  -3.4046263e-01   6.7772176e-01   1.0117287e+00   9.7094970e-02   8.8952019e-01
   2.0000000e+00  -1.6799472e+00   1.9137807e-01  -2.3519640e-01   1.0844268e+00  -1.4682290e+00  -2.5575988e-01  -1.8670614e+00  -2.0068775e+00  -6.0469755e-01   1.5341170e+00  -7.5483919e-02  -6.2596532e-01   3.3018185e-01  -1.0004117e+00   1.2229613e+00   6.0712078e-01   8.6699527e-01   8.6417609e-01
   2.0000000e+00   8.8210913e-01  -2.0820416e-01   1.7007615e-01  -1.4120514e+00  -6.9953945e-02   5.4033136e-01   2.4051397e+00  -2.3484238e-01   1.6422080e+00   1.1823564e+00   1.9298028e+00   1.0839021e-02   1.2483520e-01  -1.5549159e-01  -1.3920149e+00   1.9796708e-01  -2.4723096e+00  -2.2476930e+00
   2.0000000e+00  -6.4836381e-01   9.6833036e-01  -7.5328224e-01  -7.6652122e-01   5.3623106e-01  -4.2310357e-02   1.0240877e-01   4.7468669e-01   2.3782079e-01   3.7038932e-01   7.1820126e-01   1.9815635e-01  -1.2149253e+00   9.7848340e-01   4.9152607e-01   1.3379214e+00   1.0184552e+00  -7.4468477e-02
   2.0000000e+00   2.9599390e-01  -1.1953455e-01  -3.7377674e-01  -1.8036550e-01   3.0609673e-01   6.7011445e-01   7.4099773e-01  -8.3387835e-02   1.6286417e+00  -1.1420385e+00   1.6056848e+00   1.9725916e+00  -1.1359402e+00  -9.1079832e-01   2.5924171e+00  -6.2420461e-01   1.0429491e+00  -4.7410547e-02
   2.0000000e+00  -9.5568890e-02  -1.3109133e+00  -8.4609700e-01  -1.9122315e+00   1.9827191e+00   8.3264063e-01  -8.8208339e-01  -1.2996746e+00  -1.0323542e+00   4.2044237e-01   9.5774719e-01  -2.2768757e-01  -7.3376184e-01  -2.9034406e-01  -1.2768231e-01   8.2713582e-01   2.0107523e+00   7.5198743e-01
   2.0000000e+00   1.2436898e+00   6.9774031e-02   6.0914266e-01   1.3643581e+00  -1.4741810e+00   5.6935505e-02   2.6707099e-01   3.8955738e-01  -4.6652012e-01  -1.3910767e+00  -3.7266982e-01  -1.1207128e+00  -1.9236011e-01   4.4490600e-01   1.3422551e+00   1.1677945e+00  -1.3070937e+00   6.1619906e-01
   1.0000000e+00   2.3858470e-01   1.4501577e+00  -1.1633491e+00   1.5725366e+00   2.9630694e-01   1.2091324e+00   9.1797605e-01   6.8311186e-01  -1.0600019e+00   8.2971722e-01   1.5122834e+00   3.1376079e-01  -1.0694048e+00   5.2368882e-01   2.0803952e-01   6.8332997e-01   4.7715250e-01   2.5530840e-01
   2.0000000e+00   8.5233102e-01   9.3947610e-01  -7.4836060e-01   1.0823840e-01  -2.6117675e-01   3.0112656e-01  -2.3353882e-01   5.2185557e-01   1.4401276e+00  -5.1518443e-01   6.6309985e-01   8.8100357e-01   4.7413397e-01  -3.2669760e-02   1.1618853e+00   1.2953202e+00   5.0134329e-01  -1.5001840e-01
   2.0000000e+00   1.0649820e+00  -5.0756322e-01  -5.6399609e-01   4.3799777e-01  -8.1959098e-01  -1.1356010e+00  -6.2571997e-02  -7.0819917e-01   1.0803911e-01  -7.3616625e-01   4.5471256e-01  -1.6729278e+00  -5.5154942e-01  -1.2554061e+00  -8.5510017e-01  -1.4671596e+00  -5.7679931e-03   8.7047002e-01
   2.0000000e+00  -5.2958032e-01   6.6348803e-01   3.9308697e-01  -9.1440574e-01   5.9648080e-01   2.2301482e-01   2.2226543e-01   6.5342956e-02  -1.8869829e-01   2.6319567e-01   7.6698420e-01   9.9717283e-01  -2.0560354e+00  -1.0303047e+00   1.1265456e-02   6.1322259e-01   9.0567881e-01  -8.1008795e-01
   2.0000000e+00  -7.0793803e-01   1.4116794e-01   1.7388696e+00  -1.3830522e+00  -4.4555739e-01   1.9345943e+00  -4.3758187e-01   5.0005714e-01   1.0978794e+00   3.1420339e-01   1.2472483e+00  -1.4025715e+00  -6.2177472e-01   3.8317699e-03   6.2803383e-01  -7.4808026e-01  -5.6867007e-01  -1.2500492e+00
   2.0000000e+00   1.4716811e+00   1.2082048e+00   1.1347830e-01  -1.3279120e+00   1.0605526e+00  -1.1529351e+00  -7.4156142e-01   1.0664415e+00  -1.3701456e-01  -8.4029053e-02   1.7542047e+00  -2.9719503e-01   1.5183101e+00  -1.4417000e+00  -1.6256845e+00  -1.4182253e-01  -2.8720410e+00   8.8271879e-01
   1.0000000e+00  -3.9483488e-01  -1.4450624e+00   4.9663572e-01  -1.0568558e+00   1.0161980e-01  -5.8732629e-01   8.0049074e-01  -5.2554910e-01  -7.0317967e-01  -1.0966954e-01  -1.2176055e+00   4.9221985e-01   1.5382572e+00   2.2186410e-01  -3.0176988e-01  -6.0440075e-01   9.5022648e-01  -1.7555554e+00
   2.0000000e+00  -4.5792548e-01   3.7653742e-01  -1.0253012e+00  -6.2483733e-01   2.8406728e-01   4.3430412e-01  -2.8662830e-01   6.0446788e-01   6.7382874e-01  -4.3824146e-01  -1.3273502e+00  -1.0627685e+00   2.7279476e+00  -1.0564787e-01  -1.2615546e+00   1.3392943e+00  -1.7616864e+00  -4.5684688e-01
   2.0000000e+00  -4.1857598e-01  -1.6540075e-01  -9.4969511e-01   2.3269110e-01   6.4450871e-01  -2.0884530e+00   3.0596614e-02  -7.7189070e-01   2.2649356e-01  -1.0861994e-01  -9.3504490e-02   3.3098464e-02   4.4236554e-01   1.8285441e-01  -3.4694589e-01  -4.7148209e-01  -9.9407649e-01  -6.2091633e-01
   2.0000000e+00  -5.7372202e-02  -1.5025462e+00   4.4357879e-01   1.0186967e+00   1.1688831e+00   1.6029367e-01   1.6925306e+00  -4.4096207e-01  -1.0920567e+00   6.5507931e-02   5.5024871e-01   1.7355907e+00  -4.0964997e-01   7.8187852e-01   1.1217508e+00   1.8664244e-01  -1.5398774e+00   8.0159557e-01
   1.0000000e+00   8.4284230e-01   2.6832057e+00   8.6588124e-01  -6.7372992e-01   2.9002122e-01  -2.9581171e+00   2.9839075e-01  -4.9712557e-01  -2.7803557e-01  -1.2472817e+00   2.8710240e+00  -1.4723341e+00   9.5021935e-01  -1.5338099e+00  -3.4706181e-01   2.9533427e-02  -1.4737690e-01  -3.1538810e-01
   1.0000000e+00  -1.8518184e-01   1.7515705e-01   8.6638065e-02   1.2957678e-01   9.3498075e-01  -3.1652585e-01   2.1528263e+00  -1.4506291e+00   3.1511151e-02  -5.9388763e-01  -4.8870405e-01   6.9603902e-01   2.8007837e-01  -1.7308368e+00  -1.6018125e-01  -1.5538307e+00   3.4083205e-01  -1.4969104e+00
   2.0000000e+00  -9.4242940e-01  -2.2199655e+00  -1.6788000e+00   1.4563640e-01  -1.4773234e+00   5.8030116e-01   5.3349075e-01  -6.9057098e-01  -5.4469665e-01  -4.9946291e-02  -3.0516071e-01   3.4187744e-01   8.5483372e-01  -2.1050037e+00  -2.5920328e-01  -7.5874553e-01   9.4048837e-01   3.1832912e-01
   2.0000000e+00   1.0660186e+00   9.4961131e-01   3.4891072e-01  -3.1991866e-01  -5.9769125e-01   1.8327213e+00  -2.4691599e-01   1.7506481e+00   1.0641605e-01  -9.4986118e-01   2.2971777e-02  -2.9551495e-01   7.0797673e-02  -1.6713114e-01  -2.1107500e+00  -2.7259294e+00   6.4389544e-03  -1.2793252e-01
   2.0000000e+00  -1.0380655e+00   5.7767382e-01   4.7995516e-01  -1.1782453e+00   1.1680155e-01   1.7983976e+00   1.0602487e+00   4.9083203e-01   7.0738790e-01  -4.9088359e-01  -1.3110206e+00  -2.9081398e+00  -8.2804713e-01  -1.0712687e-01   4.6226683e-01  -1.7048011e+00  -1.1926212e+00  -8.1930228e-01
   2.0000000e+00  -5.9377465e-01  -6.5425159e-01   6.4100866e-01  -4.7646896e-01   4.3571441e-02   5.1638560e-02   5.5821285e-01  -9.1629357e-02  -8.2231088e-01  -3.1415180e+00  -1.1722789e+00   1.6075225e+00   3.9225331e-01  -6.1354419e-02   3.9835471e-01  -2.3972447e-01   1.5166973e+00   9.5019702e-01
   2.0000000e+00  -1.5641678e+00  -7.5267025e-01   4.9545745e-01   2.0232642e+00  -3.6330243e-01   9.6410251e-01   1.3501023e+00  -1.2676717e+00  -2.0233748e+00  -7.7372389e-01   7.9045906e-01  -2.7645603e-01   1.7710541e+00  -8.7044993e-01  -3.2983062e-01   2.4310436e-01  -4.1066536e-01  -2.4048208e-01
   2.0000000e+00   9.0970466e-02  -8.2083217e-01  -4.4172739e-01  -1.1283748e+00  -1.6147135e+00  -1.3978453e+00  -1.1075322e-01   4.4566359e-01  -7.0551054e-01  -8.2814463e-01   1.4388116e-01   1.0731742e+00   1.2519849e+00   1.6728013e-01   1.6385488e+00   1.0611579e+00  -6.5138493e-01   1.0495707e+00
   1.0000000e+00   1.3255496e+00   3.6689710e-01  -2.5377384e-01  -3.2251847e-01   3.3562616e-02  -5.7318160e-01  -1.6899205e-01   1.5195824e+00  -8.9021502e-01  -1.5956385e+00   4.0998123e-01   7.3120405e-01  -1.0458807e+00   6.2803227e-01   2.0812024e+00   8.8945214e-01   7.3573652e-01  -1.8799621e-02
   2.0000000e+00   2.9884880e-02  -1.0410083e+00  -2.3991183e+00  -1.0589684e+00  -8.7564587e-01  -2.3054155e+00  -1.0836442e-01  -2.3999968e+00   4.9002638e-01  -7.4268550e-02   4.3541489e-01   2.2926844e+00  -1.2572417e+00  -3.3874464e-01  -3.2346674e-01  -8.9079519e-01  -5.4644720e-01   8.5776195e-01
   2.0000000e+00   3.2914801e-01  -1.0520693e-01  -2.0991655e+00  -1.6515138e+00   1.8417276e+00   2.0378501e+00  -1.0048349e+00   2.1658013e+00   8.3802362e-01  -3.1743936e-02   6.7162726e-01  -1.2395697e+00   3.9909183e-01   2.6116678e+00  -7.1001406e-02   4.8619771e-01   7.2485775e-01   7.7892337e-01
   1.0000000e+00  -7.6130335e-01  -2.4495727e-03  -1.6196021e+00  -3.4605485e-01   3.9697640e-01   4.2457723e-01  -1.2790340e+00  -9.0703500e-01  -3.0502563e-01  -1.7726041e+00   7.4042552e-01   8.4710954e-01   4.6613616e-01   1.6849190e-01  -8.7728808e-01  -2.1902691e-01  -3.9347771e-01   1.2725682e+00
   2.0000000e+00  -3.3142963e-01  -4.5571547e-01  -6.9006727e-01  -1.1577217e-01  -7.2436101e-01   1.0533528e+00   1.9886995e+00  -4.7588492e-01   1.4305936e+00   7.5754548e-01  -1.9711746e+00  -1.1181014e-01  -8.3069136e-01  -4.6997165e-01   5.3923354e-01   1.1835405e-01   1.5112788e+00   1.1503369e+00
   2.0000000e+00   1.1603703e+00   9.4323406e-01  -1.4084762e-01  -4.3811824e-01   1.2621595e+00  -4.0601671e-01  -6.6402791e-01  -4.6523196e-01  -1.5470483e+00  -1.0399648e+00  -2.5609887e-02   8.9484159e-01   2.2138119e+00  -1.9512180e+00  -1.0352764e+00   6.5581933e-01   1.5757283e+00  -1.1992505e+00
   2.0000000e+00   6.0635367e-01   3.2273968e-01  -1.6547549e-01   5.0762438e-01   1.0042193e+00  -2.8318456e-02  -8.4977240e-01   5.8368873e-01  -6.2071681e-01  -4.5354315e-01  -3.7664298e-02  -2.8911048e-01  -5.2984119e-02   1.2476319e+00  -5.1210403e-01   1.4433354e+00  -8.4789589e-01  -3.9534823e-01
   2.0000000e+00   8.1949235e-02  -4.8859217e-02  -1.6800982e+00   5.4921133e-01  -1.3454523e+00   1.5521161e+00  -2.5306477e-01  -1.0083510e+00   8.0404974e-01   1.8509247e-01   1.4164129e+00  -1.6483593e-01  -1.8168502e-01   1.1932431e+00   3.6856948e-01   4.1212072e-01   1.5200865e+00  -1.1735418e+00
   2.0000000e+00   3.3371608e-01  -1.1199162e+00   1.3146008e+00   3.3581658e-01  -2.0052803e+00  -1.5985435e+00  -1.3679910e+00   1.9375516e-02   2.2298199e-02  -4.1720096e-01  -4.5742795e-03   1.4563694e+00  -2.1793209e-01  -6.7853835e-01   9.4421890e-01   8.4284148e-01  -7.8843191e-01   1.0453750e+00
   2.0000000e+00  -1.0317899e+00   1.0617741e-01  -1.9696468e+00  -1.3764124e+00   8.3398342e-01   7.0575907e-01  -5.0022850e-01  -5.5611898e-01  -2.5248203e-01  -3.5982823e-02  -3.1396553e-01  -4.1242150e-01   3.3516904e-01   1.7642326e+00  -9.9583418e-01   1.4020212e+00   9.8208769e-01  -2.9268525e-02
   2.0000000e+00  -4.4833710e-01   1.8830064e-01   1.0334429e+00   1.7180529e+00  -2.6573964e-01   1.9388571e-01   5.3838675e-01   2.8002462e-01  -1.0222423e+00   7.8153889e-02   8.3793316e-01  -1.1340367e+00  -1.5947201e+00  -1.0622901e-01   5.9111304e-01   5.7377368e-01   1.0674468e+00  -1.2156310e+00
   2.0000000e+00  -7.1798462e-01   6.1106878e-01   5.9624663e-01   1.2314706e+00  -2.9603007e-01   3.4967678e-01   1.0596196e+00   1.0563321e+00  -1.5494057e+00   4.9319909e-01  -1.1552972e+00   1.2497256e+00  -4.7729817e-01  -1.5050911e+00  -1.1895864e+00  -6.3077924e-01  -2.2579236e-01  -8.8538108e-01
   2.0000000e+00   1.3380885e-02   1.2096392e+00   2.8205305e-01   6.4906321e-01  -1.2447267e+00  -1.2770942e+00   7.7281922e-01   1.1655133e+00  -1.5024755e+00  -7.2530435e-01   4.8812979e-01   1.1395564e-01   5.1274819e-01   1.7048789e+00  -4.4599402e-01  -4.5206917e-01  -2.4195842e-01  -8.7325025e-01
   2.0000000e+00   1.2290240e+00   9.6994315e-01  -2.3663546e-01  -3.6999137e-01   9.8867582e-02   2.7931591e-01   1.3545629e+00  -1.5640075e-01  -1.3058809e+00  -2.8048239e-01   1.3806970e+00  -1.4630402e+00   3.2472412e-01  -1.7825580e+00   6.4163984e-01   7.7992187e-01   1.1654373e+00  -9.2530693e-02
   2.0000000e+00   8.1041981e-03  -1.1886310e+00  -6.2872670e-01  -8.4638796e-01   1.4930405e-01  -6.1758766e-01   1.3447539e+00   1.1770257e+00  -1.3467865e+00  -1.5308831e+00  -6.9536130e-02  -1.2984144e+00  -1.6233127e+00   1.5861131e-01  -8.4930215e-01   2.0766802e-01  -1.7114557e+00   4.2268579e-01
   1.0000000e+00  -3.0849121e-01   6.7178267e-01  -7.6194406e-01  -1.3161091e+00   8.8401611e-02   1.1423022e-01  -1.7145880e+00   1.7599076e+00  -9.9575966e-01   4.6203824e-01   1.6634946e+00   1.6117144e+00  -5.1062886e-01   2.0013947e+00   2.3835998e-01  -6.1922680e-01   2.0809758e-01  -2.5139101e-01
   2.0000000e+00   4.3391504e-01  -4.5706965e-01   2.3931285e-01  -4.6824351e-01  -7.1306154e-03  -1.1463923e+00  -5.1997492e-01   4.4821261e-01  -1.6127128e+00  -2.8664178e-01  -1.0333472e+00  -8.4627623e-01   1.3511686e+00   7.5817096e-02   1.6199366e+00  -1.6554638e+00   5.0192985e-01  -2.3759078e+00
   2.0000000e+00   2.6991955e+00  -1.5712414e-01   4.6813427e-01  -7.2674184e-01  -7.6959530e-02  -1.3285614e-01   9.9153911e-01  -2.7419069e-01  -1.4550204e+00   9.8152107e-01  -1.6091197e+00   7.4764522e-01  -1.0974627e+00  -2.8385225e+00   4.4577152e-01   1.9037273e-01  -7.2272784e-01   3.7199724e-01
   2.0000000e+00   1.2497636e+00   1.4004510e-01   1.1127861e+00   3.1336910e-01   5.8967606e-01   7.1605449e-01  -3.1100260e-01   6.6172135e-01   4.9251513e-01  -1.6414313e+00  -2.1260168e-01  -1.4849070e-01  -1.6651140e-01   7.3515356e-01  -6.1701850e-01  -5.9357459e-01   1.1682854e+00  -4.6077989e-01
   2.0000000e+00   9.3433738e-01  -8.4154069e-01  -1.3028515e+00   6.4539197e-01   2.5269235e+00  -5.3438867e-01  -4.0533202e-01   1.1305612e+00   1.0328412e+00   9.1782523e-01   2.9436659e-01  -1.2743385e-01   1.1360641e+00   4.8905475e-01  -2.4496762e+00   5.3395490e-01   9.8956328e-01  -1.6359907e+00
   1.0000000e+00  -1.4863482e+00  -1.9109599e+00  -2.6222825e-02  -1.8200080e-02   2.4564113e-01   3.3525326e-01  -1.5582956e+00   9.9140909e-01   1.0050534e+00   1.7900952e+00  -1.6302233e-01   9.4117673e-01  -1.5296218e-01  -2.0333883e-01  -6.0847464e-01   6.1670348e-02  -6.7718536e-01   1.6192222e+00
   1.0000000e+00   8.2823271e-01   1.0950927e+00  -7.8833622e-01  -6.8641504e-01   5.7537910e-01   1.5939477e+00   1.2400808e+00   1.5614979e+00  -4.4185559e-01  -8.1430853e-01  -8.9795812e-01  -7.9694585e-01   3.5575433e-01  -1.3935620e+00  -1.4190083e+00  -7.4878182e-01  -3.7227838e-01   7.5392997e-02
   1.0000000e+00  -1.2463516e+00  -2.2026074e-01   1.1508119e+00   1.0637786e+00   1.5589968e-01   7.9330962e-03   3.3128348e-01   9.6966447e-01   5.2974341e-01  -1.5237903e+00  -1.1251097e+00  -1.4517162e+00   1.5583878e+00  -7.5021838e-01   1.8329325e-02   7.6874994e-01   6.8457596e-02  -4.5360067e-01
   2.0000000e+00  -8.7119270e-01   2.1648743e-01  -7.1848859e-01   1.7789640e+00   6.2627185e-01  -2.4138162e+00   1.1075077e+00  -7.2626129e-02  -6.0464548e-01  -8.7244560e-01   1.4545152e+00   3.6787416e+00   1.0204549e+00  -1.0711153e+00   5.1525862e-01  -1.6411168e-01  -9.4471218e-01  -5.4314919e-01
   2.0000000e+00   7.2783114e-01   5.6636220e-01   9.9772670e-02   1.2040538e+00   1.0732483e+00  -5.3969580e-01  -1.1650367e+00   6.1395216e-02  -1.8595539e-01  -1.5060852e+00  -5.3661405e-02  -1.4080433e+00  -7.8668080e-02   6.8809604e-01   4.9193698e-01   7.8830858e-01  -7.5052875e-01   1.6525364e+00
   2.0000000e+00   1.2271271e+00   5.1287463e-01  -1.8035374e+00   2.7219846e-01  -6.8355226e-01   3.2085403e-01   2.9331750e-01  -1.1345056e+00   3.7705478e-02   7.4636575e-01   1.9433642e+00   1.4902567e+00  -7.3004005e-01  -3.0580790e-01   4.6990462e-01   3.0540046e-01   1.7391448e+00  -1.6576363e+00
   1.0000000e+00  -3.5103976e-02   1.3589140e+00   5.6949254e-01  -6.9913662e-01   3.6647214e-01  -1.8723015e+00  -7.7314698e-02  -1.2991213e+00  -7.6954729e-01   8.2279337e-01  -1.9331392e-03  -1.5145969e-01  -1.1157209e+00  -4.9862343e-01  -6.6250698e-01  -2.0964701e+00   5.6350111e-01   1.1526164e-01
   2.0000000e+00  -1.4717398e+00  -1.7285175e-01   4.7311073e-01   4.8437590e-01  -5.5387017e-01  -2.1178719e+00  -2.7223582e-01  -3.1838729e-02   1.2327036e+00   3.2831308e-01   9.5263903e-02   1.1806508e+00  -1.3790230e+00  -1.6344889e+00  -1.7819017e+00   2.9073979e-02   4.7024914e-01  -1.2181876e-01
   2.0000000e+00   8.6037212e-01  -1.4797612e+00   9.9523032e-01  -3.8026062e-01  -9.3543116e-01  -4.5939666e-01   1.8296864e-01  -1.2382544e-01  -2.0481846e-02   1.8338008e-02   1.0755222e+00  -5.8517698e-01  -1.4770442e+00   9.0590659e-01  -7.9454770e-01   9.3556331e-01   4.3642288e-01   4.0951522e-01
   2.0000000e+00  -3.7004348e-01   2.6318183e-01   2.4981595e-01  -1.4744270e+00  -8.2985445e-01  -1.0179433e+00  -1.0900186e+00   1.1276218e-01  -1.7192457e+00   1.8343070e+00   1.1572440e+00   1.7053967e+00  -6.7942270e-01   8.0758710e-01   2.0228256e-01   3.1397214e+00   1.0820515e+00  -2.6119369e+00
   2.0000000e+00   4.6504142e-01   4.4591048e-01   6.6974036e-01   2.8067860e-02  -1.2937357e+00  -8.3108140e-01  -1.1804695e+00  -3.0209439e-01  -6.7551153e-01   3.4932374e-02   8.5614259e-01  -2.2683407e+00  -6.6435103e-01   3.1152692e-01  -4.8237278e-01   1.0127276e-01   3.1570097e-01  -1.4142056e-01
   2.0000000e+00   1.4649258e-01  -1.2836564e+00  -1.9427619e+00   3.9545376e-01  -1.7156430e-02  -8.9775291e-01  -4.8750317e-01  -7.7084547e-01   9.9554557e-01   1.3781445e+00  -2.0879073e+00  -1.0491357e+00   1.0217672e+00  -8.6099789e-01   3.8115020e-02   1.2521156e+00  -2.0274006e+00  -1.2378519e+00
   2.0000000e+00   1.6295462e-01  -5.5746710e-01   9.1898719e-01   2.3128988e+00   1.1043211e+00   6.2310761e-01   1.3716941e-01  -7.1292606e-01  -9.5791386e-01  -2.0135149e+00   8.2474409e-02   1.2041720e-01   8.2745230e-01   4.3310640e-01   4.0301851e-01   7.2127011e-02  -7.8526684e-01   8.5447286e-02
   2.0000000e+00  -3.1491491e-01   1.5442304e+00   6.2597873e-01   1.4801727e-01  -1.8873947e-01  -4.1950793e-01   1.3132362e+00   6.2145449e-01   7.9303944e-01  -1.7799963e+00  -3.1244755e-02   7.4163215e-01   1.2851707e+00   8.3811189e-01   1.2995877e+00  -5.3359924e-01   4.5703741e-01   5.3734188e-01
   2.0000000e+00   1.1757065e+00   3.2050120e+00   4.3698948e-01  -3.0156487e-01   7.3537823e-01   1.1487760e-01  -1.9729776e-01  -8.6456118e-02   1.6894975e-01   3.6291128e-01  -9.1942036e-02  -1.0550602e+00   2.2614029e+00  -1.9736965e-01  -1.5635544e+00   1.4423469e+00  -4.4727155e-01   2.1707937e+00
   2.0000000e+00   2.6559854e-01  -9.3261986e-01   2.3137310e+00  -3.0661613e-01  -1.5183086e+00  -1.2535065e+00  -7.4553296e-01  -6.9665961e-01  -1.2708592e+00  -1.1548629e+00   1.1441194e-01   3.0725178e-01  -1.3889637e-01  -4.5341878e-02  -9.2713648e-01  -1.1092958e+00   5.1364873e-01  -2.4697244e-01
   2.0000000e+00  -4.3540973e-01   2.8366704e-02  -1.0800058e+00   4.7652173e-01  -3.6249824e-01   7.8433477e-03  -1.5744927e+00   2.1143654e+00  -7.6258658e-01   4.9900731e-01  -1.5134255e+00   4.0245233e-01   3.0506513e-01  -5.2370145e-01   6.1237509e-02  -1.8945355e-01   7.4233400e-01  -8.4816162e-01
   2.0000000e+00  -1.7297114e+00  -2.5100735e+00   5.4995633e-02  -4.6820376e-01   1.0456839e+00  -1.2937951e+00   3.0083718e-02  -1.1895034e-01   2.3102003e+00  -3.8213563e-02   9.9988176e-01  -5.7058322e-02  -4.9011981e-02  -5.3618974e-01   4.6043795e-01   3.4247903e-01   9.2033864e-01   1.1760177e+00
   2.0000000e+00   1.0176949e+00  -6.2886706e-01   1.7914070e+00  -4.5084937e-01  -1.1221776e-01   1.4505097e+00   6.5439260e-01  -4.0562295e-01   1.3370788e+00  -2.4970241e-01  -6.8848554e-01   6.6362830e-01  -1.3923490e+00   1.5390792e-01   8.1337568e-01  -3.3670526e-01  -1.5255695e-01   2.4378069e-01
   2.0000000e+00  -5.0339410e-01  -1.0932017e+00  -4.0590269e-01   6.5155272e-01  -1.2989175e+00  -1.3673124e+00  -2.1291748e-01  -8.9740007e-02   3.8219725e-01  -5.5182433e-03   1.0254763e-01  -3.5977371e-01  -1.6227471e+00   3.4783855e-01   1.1011870e+00   1.4987563e-01   2.4979291e-01   5.3135657e-01
   2.0000000e+00  -6.1225791e-01  -1.5241858e-01   6.4217505e-01   2.5047709e-01  -1.8307484e+00   9.3865871e-01   4.1493985e-02  -4.4299518e-01  -1.6818125e+00  -2.4879158e+00  -8.6337254e-01   3.3416104e-02  -1.0732339e+00  -4.2772857e-01   7.1695959e-01   1.1713993e+00  -1.0630546e-01   9.0160340e-01
   1.0000000e+00  -1.7454166e+00  -6.6415967e-02  -3.4936850e-01  -6.4031278e-01   6.2119831e-01   9.3227676e-01  -5.7983804e-01   6.8206641e-01   4.9117590e-01   5.9707770e-01   3.7828480e-01   1.2416042e+00  -2.4573309e+00   1.1672716e+00   9.4554700e-01  -8.3493617e-01  -5.2070785e-01  -1.3819428e+00
   1.0000000e+00  -7.2769489e-01   1.0540831e+00   9.0370381e-01  -3.6204289e-01   6.9599359e-01   6.2176120e-02   4.2511226e-01   1.0123311e+00  -1.0449791e+00  -3.2555564e-01  -1.4287385e+00   2.8120137e-01   1.8389258e+00   2.1790358e-01   2.3734449e+00   3.6183458e-01  -1.8938499e-01   9.3884289e-01
   2.0000000e+00  -6.3991942e-01  -2.6960266e-01   4.2218735e-01   4.4500970e-01   4.7281966e-01  -5.8835221e-01  -4.2698669e-01  -1.1501368e+00   1.3088008e+00  -8.6067888e-01   2.7385011e+00   1.1034186e+00  -3.3572568e-01   6.7286567e-01  -4.9710571e-01  -1.4939958e+00  -9.4141781e-01   9.5820220e-01
   2.0000000e+00  -6.6954735e-02   2.8992803e+00   1.2944493e+00  -6.2092873e-01  -8.9155960e-02  -2.2249858e+00  -1.1825211e+00  -3.8503381e-01   4.0195644e-01  -4.3864452e-01   1.4348353e+00   5.4637126e-01   1.7849099e+00  -1.8013692e+00  -6.7937221e-01   4.1572812e-01   1.3527319e+00  -2.2212242e-01
   2.0000000e+00  -8.9117064e-01   6.5378940e-01   2.3676732e-01   4.2997599e-01  -1.5421300e-01  -3.1081226e-01   4.2501411e-01   5.1128644e-01  -3.5017212e-01   2.1149788e-01   6.9641765e-01  -1.7618654e+00   2.9716011e-01   8.5538758e-01  -1.5256433e+00  -3.5304438e-01   3.1571374e-01   8.7717743e-01
   2.0000000e+00   2.3611143e-01   7.8779232e-01   2.1440755e+00  -1.9219090e-01  -3.4952763e+00   8.8176285e-01   7.7227086e-01   2.5157504e-01   1.8589662e-01   3.3644365e-01  -4.5949722e-01  -3.4019256e-01   7.4411686e-01   1.0082486e+00   4.2694238e-01   3.8685095e-01  -2.0865365e-01   1.5797588e-02
   2.0000000e+00  -9.3531811e-01  -2.8371701e-01   4.0717075e-01   6.2920643e-01  -7.1297528e-01   8.9131016e-01  -3.9134131e-01   5.0545983e-01   3.3627410e-01   1.0319229e+00   1.3267856e+00   1.6446268e-01   1.1509754e+00   1.1679290e+00   1.1061718e+00  -4.7655832e-01   3.1330412e-02  -1.4496473e+00
   2.0000000e+00  -3.8793458e-02   1.2203910e+00   8.7727827e-01   1.1210782e+00  -9.6306974e-01  -1.3985713e+00   1.3032694e+00   9.2898149e-01  -5.9032908e-01  -3.8327272e-01  -9.0731438e-01   1.1888813e+00   2.2290579e-01  -6.0820514e-01  -8.4766565e-01   1.0143509e-01   2.2459319e+00  -1.5661408e+00
   2.0000000e+00   2.0032833e+00  -1.1260720e+00  -6.2262779e-01   1.7229041e+00  -4.4144690e-01  -5.5592719e-01  -7.6616952e-02   7.8173004e-01  -6.4652842e-01   3.2320034e-01  -1.2141407e+00  -8.5583386e-01  -6.0315098e-01  -1.0159029e+00  -1.5469608e-01  -1.0521524e+00  -6.1071708e-01  -2.3914538e-01
   2.0000000e+00  -2.8872617e-01   8.9532032e-02  -1.6127866e-01   9.7647851e-02  -5.2963737e-01   5.2803805e-01  -6.1517537e-01  -7.4754361e-01  -2.8450626e-01  -2.9718665e+00   2.0774947e+00   2.2216700e+00  -3.7991285e-01  -5.5744197e-01   1.1746936e+00   3.9906512e-01  -1.3790480e+00  -1.8446737e+00
   2.0000000e+00  -1.3693299e-01  -4.3161059e-01   1.0364532e+00  -1.0327731e+00  -1.3754918e+00   6.5374343e-02   7.8587596e-02   3.9475181e-03   1.3264451e+00   7.0495020e-01  -1.8072267e-01   9.6956597e-01   3.2503831e-01   2.3390220e-01  -1.7234741e-01   8.3090692e-01   1.2400307e-01  -7.0919456e-01
   2.0000000e+00  -1.7513248e+00  -1.7685575e+00  -6.1130194e-01  -4.1536032e-01  -1.8706540e-01  -2.4058367e+00  -8.5062355e-01  -2.5784365e-01  -2.6835787e-01   4.2630547e-01   8.7199969e-01  -1.8061701e+00   2.3566435e-01  -2.9399762e-02   5.8605359e-01  -6.0122327e-01   8.5742743e-01   8.7492745e-02
   1.0000000e+00   7.3384882e-01  -1.6657404e-02   1.6807033e-01   1.0537414e+00   1.1105662e-01   7.4724414e-02   1.4456905e+00  -1.7969885e-01   1.0353381e+00   3.6275282e-01  -1.6321363e-01  -6.1379042e-01   7.0590511e-01  -4.4754553e-01   1.7121142e-01   1.4051032e+00  -8.3357906e-01   1.1062059e+00
   2.0000000e+00  -3.8110139e-02   8.2054278e-01   5.5069125e-01   7.2370213e-01  -7.1133718e-01  -8.7717659e-02   1.4195888e+00   2.4821450e+00  -3.9906453e-02  -9.3913708e-01   2.4786748e+00  -9.8805453e-02   7.5950772e-01   3.4548208e-01  -1.9203273e+00  -1.3102077e+00   2.6653383e-01   7.1631022e-01
   2.0000000e+00  -1.0035535e+00  -1.9547304e-01   9.4278323e-01  -1.4545429e+00   1.3746568e+00  -8.9289802e-01  -9.8665144e-03   8.6072240e-02  -1.6137062e+00  -6.8597307e-01  -6.6554232e-01   2.6231335e+00   8.1430179e-01  -1.3691850e-01  -6.8336781e-01   2.8717040e-01  -1.9535418e+00   1.5311132e-01
   1.0000000e+00  -1.3697100e+00   4.7879376e-01  -3.5563277e-01  -1.7857313e+00   1.8560356e-01   1.2553292e+00   4.0348187e-01  -1.6057583e-01  -2.2898979e-01   5.3060254e-01  -1.5456854e-01   8.6936752e-01   3.3561804e-01  -2.4784445e-01  -2.9879218e-01  -8.7116800e-01   6.2725209e-02  -8.1026692e-01
   2.0000000e+00   2.3673384e-01  -4.3538825e-01   2.8534324e-01   7.8599691e-02  -1.0806732e+00  -1.2562469e-01   7.7738441e-01   4.1593206e-01  -2.2007171e-01   4.4278653e-01   5.9279150e-01   1.6068263e+00  -8.1728103e-01   1.4616439e+00  -1.5015487e-01   2.3717619e-01  -7.1743975e-01   1.6369883e+00
   2.0000000e+00  -3.9576782e-01  -9.2693685e-01   1.8142551e+00  -2.2314885e+00   1.1926597e+00  -1.3964880e+00  -3.3109883e-01   1.3821125e+00  -5.7546203e-01   1.7013600e+00  -5.4849177e-01  -1.0342150e-01  -1.0477892e+00   2.5882519e-01   5.7900969e-01  -1.4422397e+00  -7.2348783e-01  -4.4343188e-01
   2.0000000e+00   1.4102220e+00   6.5535389e-01   1.9307582e-02   3.7288219e-01  -6.4408853e-01   7.2920977e-02  -2.6230726e-01   4.1925972e-01  -1.5509776e+00   3.3625873e-01  -4.7377744e-01  -9.7786777e-01   4.8398361e-01   8.7518306e-02   8.0966322e-03   6.0818734e-01  -1.2501656e+00   1.2037415e+00
   1.0000000e+00  -8.4870114e-03   1.9116414e-01  -7.7529740e-01  -2.1533813e+00   2.6949821e-01  -1.6198879e-01  -7.2379515e-01  -2.4275893e+00   1.7529415e-01   4.4269139e-02  -2.8896585e-02  -1.7481297e+00  -5.0272441e-01  -1.1568346e+00   7.4856242e-01   1.1787129e-01   5.5934990e-01   2.1980023e-01
   2.0000000e+00   8.1355459e-01   1.3605449e+00   2.1370951e+00   4.3638750e-02  -4.9285517e-01   1.2510457e+00   2.0761872e+00  -1.2933942e+00   4.2777579e-01   1.0378370e+00   1.3000891e+00   3.7487193e-01  -1.0382506e+00  -3.3367100e-01  -1.9470696e-01   5.6324654e-01   1.3391876e+00   1.1517759e+00
   1.0000000e+00  -6.9289382e-01  -8.3083166e-01   8.4925722e-01   8.7045046e-01   3.7674372e-01   2.0695541e-01  -2.8438770e+00   1.9979463e+00  -2.7671034e-01  -1.9431643e-01   4.4767030e-01  -9.0788563e-01   3.9852160e-01   2.6647851e-01  -1.5000647e+00  -4.4710745e-01  -4.9505960e-01  -5.1687885e-01
   1.0000000e+00  -3.7996646e-01   7.6101819e-02  -1.9172954e+00  -3.3198614e-01   4.8733590e-01  -1.2461876e+00   7.2992043e-01   5.3937375e-01   1.7972252e+00   2.1639023e-01  -1.1926309e+00   6.4721658e-01   7.0081503e-01   1.1745914e+00  -3.2131900e-01  -1.0800109e+00   4.5329400e-01  -1.8781234e+00
   2.0000000e+00  -5.1158666e-02  -3.3140718e-01   1.7690283e+00   3.4016427e-01  -1.6314752e+00  -1.6484010e+00  -7.6556443e-01   1.2009342e+00   1.2414812e+00   4.0183638e-01  -5.7443428e-01  -1.4461410e+00   1.1601249e+00  -1.1515291e+00   5.7773858e-01  -8.1497628e-01   8.8345232e-01   1.9122703e+00
   2.0000000e+00  -9.0875771e-01  -8.8336839e-01  -1.0647591e-01  -1.7005838e-01   7.4877928e-01   8.3504586e-01  -1.1790023e+00  -1.1172476e+00   9.3956126e-01   3.1503630e-01   2.4275172e-01  -2.5418368e-01   2.6594406e-01  -2.3176101e+00   1.6181406e+00   1.9454834e-02  -9.3626162e-01   1.1921955e+00
   2.0000000e+00  -7.9943997e-01   7.6378380e-01   1.6389274e-01  -1.2197352e+00  -1.1074892e+00  -1.0473877e+00  -1.3708040e-01  -4.4743034e-01  -3.0690656e-01  -1.5389301e+00   1.6880526e+00   5.5341262e-02   4.1343063e-01  -8.3347405e-02  -1.3454899e+00   1.0714544e+00   4.9490604e-01  -9.3106323e-01
   2.0000000e+00   1.5973515e+00   2.1134972e+00  -1.3490606e+00   1.0327912e+00  -1.5924713e-02  -4.0102657e-01   1.9044610e+00  -8.5745291e-01  -8.7556354e-01   2.0717189e+00  -8.6255983e-01  -5.4019572e-01  -9.9588348e-01   7.5761286e-01  -1.1539505e+00  -1.4299222e-01  -1.8743583e-01  -2.0156135e-01
   1.0000000e+00  -1.5318525e-01   5.3828119e-01   1.7787791e-01  -9.0713146e-01   8.0803663e-01   8.4007245e-01  -2.7240663e-01   1.9814504e+00  -4.9019363e-01   7.3834634e-01  -5.2730981e-01   2.4182179e-01  -1.0474958e+00   2.8588557e-01  -1.9022545e+00  -3.2622637e-01  -4.4406083e-01   2.5796898e-01
   2.0000000e+00   9.9124716e-02   7.2895146e-01   3.8016478e-01  -6.3388934e-01  -4.8890432e-01  -2.0125715e+00  -8.5841331e-01  -1.4734991e+00   2.4526027e-01   4.3092495e-01  -5.1599167e-01   1.1804526e+00   7.2058134e-01  -8.8433684e-01  -5.6926835e-01   7.4697667e-01  -4.3200995e-01  -4.6461121e-01
   2.0000000e+00   6.1236649e-01  -2.4908503e-01   8.3094523e-01   1.0602864e+00  -5.3840249e-01   9.2944043e-01   3.3149224e-01   1.0175251e+00  -9.7766298e-01   3.7624449e-01  -1.8077792e+00  -8.5066996e-01   1.4411681e+00   8.3651574e-01   2.0082073e-01  -6.5033991e-01  -1.4399962e+00  -1.1736130e+00
   2.0000000e+00   7.5064058e-01   5.4792598e-01   1.3268232e-01  -1.9882805e+00  -1.9242659e+00  -3.4495758e-01   2.0240254e-01   1.1243875e+00   6.5207457e-01  -1.0584290e+00  -9.3891660e-01   2.6447504e-01   6.2411757e-01  -4.0011016e-01  -2.6727058e-01   1.5775305e-01   2.6884404e-01   7.1038765e-03
   2.0000000e+00   6.9838383e-02  -1.9930031e+00   7.3687952e-01   8.1170765e-03   8.3733007e-01  -1.1255826e+00   2.0236007e+00   2.4919938e+00  -1.0340587e-01   1.0212945e+00  -6.6177954e-01  -1.0454583e+00   7.7796578e-01   2.9399641e-01   9.3382439e-01  -7.1083067e-01   1.1317235e+00   2.2550277e+00
   1.0000000e+00  -9.4977936e-03   6.2906370e-01  -2.1282612e-01  -1.5043325e-01   1.2834509e-01   1.3313267e-01   1.3227058e-01  -1.6548669e+00   7.6052434e-02  -1.4759121e+00   6.9340825e-01  -8.1033385e-01   1.6078538e+00   4.7755952e-01   7.5649265e-01   3.6515050e-01  -6.2773713e-01   5.3179835e-01
   1.0000000e+00  -4.4900007e-01   1.1514470e-01   7.7388570e-01   1.8054340e+00   4.0039668e-01  -7.2930710e-01  -1.9451353e-01   1.1498307e+00   1.3930715e-01  -1.2060520e+00   3.4867375e-01  -6.1551592e-01  -7.9739389e-01  -9.1521836e-01  -1.4977561e+00  -1.8337959e+00  -2.8203819e-01  -1.8962358e+00
   2.0000000e+00   1.5376265e+00  -1.0221726e+00   5.8289440e-01   1.1047652e+00  -4.9098923e-01   4.4380237e-01  -2.4281516e+00  -8.8522360e-01   8.5655265e-01   3.4796050e-01  -1.3321404e+00  -1.3320200e+00  -6.6024398e-01  -1.7029919e+00  -9.7967356e-03   1.6303921e+00   8.6525491e-01  -6.2029631e-02
   2.0000000e+00   1.4036200e+00   1.6580074e+00   2.0069111e+00  -7.0941085e-01   1.6926073e-02  -1.1696799e+00  -1.7411931e+00  -2.7134057e-01   9.3412355e-01   5.0566948e-01   9.4172302e-01   9.6225584e-01   1.1374438e+00  -1.4463044e-02  -9.8763547e-01   8.0394674e-01  -1.0281337e+00   1.2727639e+00
   2.0000000e+00  -7.5035152e-01  -7.7476176e-01  -5.0538582e-01   8.9583722e-01  -4.8168418e-01   5.3668320e-01  -1.6410371e-02   1.0552820e+00  -1.8080833e-01   6.0459471e-02  -1.9473764e+00   1.5401670e+00   1.5907141e+00   6.5624041e-01   3.6674964e-01  -1.9337989e+00   1.6779500e+00   1.9864723e+00
   1.0000000e+00  -1.2504786e+00  -1.2351911e-01   2.7898217e+00  -1.1663077e+00   3.1369863e-01  -4.0725608e-01  -2.6200639e-01  -1.7939874e-01   2.1204602e+00   5.5276801e-01  -1.3386503e+00  -2.5838273e-01   6.7181488e-02   6.4851379e-01   4.3315910e-01  -6.9196854e-01  -2.3413886e-01   1.3869552e+00
   1.0000000e+00  -6.9114665e-01   4.0708200e-01   1.2991979e+00  -4.6804332e-01   1.9230998e-01   8.1804511e-01  -1.1321035e+00   7.1953978e-01   1.2818669e+00  -7.4671049e-02   7.3333668e-01   1.0480104e+00   7.9015870e-01  -8.2243813e-01  -6.1764713e-01   4.8393604e-01   4.3758870e-01  -4.8899885e-01
   2.0000000e+00  -7.8818983e-01  -4.2518754e-01  -1.2593417e-01   6.9012701e-01  -1.1615499e+00  -5.5195695e-01  -4.1455381e-01   4.6494632e-01   3.1562515e-01   1.6404722e+00   8.0053254e-02  -1.2431333e+00  -7.6600619e-01  -9.5994491e-02   7.1826871e-01   2.7733079e-01   4.2186545e-01  -3.1166905e-01
   2.0000000e+00  -1.6193732e-02   1.8162043e+00  -9.7318600e-01  -7.2439839e-01  -4.6016992e-01   6.8745708e-01  -4.4270038e-01  -1.9581918e-01  -5.0194402e-01   2.5432121e-01   8.9719536e-01   8.6102907e-01   1.9196253e-01   3.1212409e-01   1.6330041e-02  -1.9158979e+00   1.0816871e+00   1.1431004e+00
   2.0000000e+00  -2.0307135e-02  -1.6422944e+00   1.2557857e+00  -1.0369231e+00  -8.0396509e-01   1.0299085e+00   6.9114345e-01  -1.5365625e+00   3.0012911e-01  -4.3747157e-01  -3.9297819e-01  -1.0310545e+00   2.4631964e+00  -1.0475002e+00  -2.0511345e+00  -2.9435177e-01   1.0066294e+00  -1.2077942e+00
   2.0000000e+00   1.8894466e-01  -5.1587624e-01  -4.4304839e-01   1.7282709e-01  -1.6194274e-01  -1.0561089e+00   1.5398836e+00   3.0606666e+00  -1.3390933e-01   1.5970343e+00  -9.6448046e-01  -9.0989212e-01   1.7726462e-01  -2.2784484e+00   7.3158580e-01   1.2356370e+00  -1.2954190e-02  -1.6466671e+00
   2.0000000e+00   7.8861813e-01   1.0437291e+00   7.3863307e-01  -4.6112267e-01   6.2646579e-01  -9.3332754e-01   2.1442695e+00   2.3959971e-01  -3.2819467e-01   2.5908856e-01  -1.0471057e+00  -2.3253424e-01   3.6498223e-02   1.1077698e+00   2.1618604e+00  -1.0692958e+00   1.5335275e+00   1.9380186e+00
   2.0000000e+00   8.7341366e-02  -7.6545868e-01   5.0417631e-01   6.8269806e-01  -9.7591693e-01   1.7875678e-01  -1.5754601e+00  -1.8178961e-01  -7.8517362e-01  -6.8895925e-01  -2.0203435e-01   1.5753832e-01   1.0426716e+00   4.5125952e-01   6.4166950e-01  -9.5447976e-01  -8.6806354e-01   8.1356800e-01
   2.0000000e+00  -1.4901747e+00   1.9579065e+00  -9.4136158e-01  -2.0645736e-01  -8.5796165e-01  -3.5786662e-01  -2.9893951e-01  -1.5509902e-01   5.5885945e-01  -9.1161102e-01  -9.9253912e-01  -6.8209663e-01   7.5725151e-01  -5.8191561e-01  -3.6678895e-01   2.1963560e-01   1.5953098e+00  -9.4342400e-01
   2.0000000e+00   1.1083165e-02   5.2853874e-01  -4.6097236e-01   7.2237475e-03   9.7359598e-01  -4.9143198e-01  -6.7088173e-01  -1.2310938e+00  -2.5864091e-01  -4.5114517e-01   5.0752470e-01  -2.5634999e-01  -2.5115196e-01  -6.1974177e-01   1.0714613e+00  -9.0531845e-01   1.3868344e+00   1.9252482e+00
   2.0000000e+00  -1.9528805e+00   3.2954939e-01  -1.6583619e+00   1.4818369e+00  -6.9278050e-01   4.9387221e-01  -7.8314274e-01  -7.3027591e-01  -1.7935337e+00  -3.6888389e-01  -5.6222495e-01   1.5913528e+00  -9.7973107e-02  -1.0633091e+00   7.0913292e-01  -2.0988174e+00  -1.6706262e+00   1.5786250e+00
   1.0000000e+00   1.5510057e+00  -8.7017368e-01   2.7017988e-01  -8.1159327e-01   3.9264255e-01  -8.8856486e-01   5.4168427e-01   3.3973683e-01   3.8008195e-02   6.2733773e-01   9.4513966e-01  -1.5309078e-01   1.8997032e-01  -4.2361971e-01   7.1788001e-01   1.1959537e+00  -4.4601553e-01  -1.0959956e+00
   2.0000000e+00   8.8489588e-01  -6.6275184e-01   1.0514879e+00   1.0792726e+00  -7.3854990e-02  -3.0596936e-01   9.9311033e-01  -1.0532101e+00  -9.2207621e-01   6.6519397e-01   1.4189239e+00  -6.8626534e-01  -6.0324678e-01   2.1981356e-01  -7.1821869e-01   3.7181285e-01   7.2212355e-01   6.1052369e-01
   2.0000000e+00  -7.5102027e-01   1.9990535e-01   1.0122916e+00  -2.6492159e-01   1.4408602e+00   1.8819858e+00  -1.6769007e+00   8.0889026e-01  -8.2723000e-01  -4.6781555e-01  -1.7596273e+00   3.4906523e-01   7.1157828e-01  -1.6212170e+00  -7.9061510e-01  -1.0562511e+00  -1.0269065e+00  -1.4258820e+00
   2.0000000e+00  -4.8295896e-01   2.5237123e-01   1.2050714e+00   2.8564986e-01  -4.4237089e-01   1.4168820e-01   4.2477718e-01  -2.0392813e-01   6.4186609e-01   3.2226495e-01   1.3822869e-01   1.9134909e+00   1.2157721e+00   1.5450378e+00  -8.3092730e-02   1.5308475e-01   2.7096754e-01  -4.0843237e-01
   2.0000000e+00  -1.4056108e+00   1.7128488e-01  -1.3165823e+00   6.5154902e-01  -2.4559697e-01   1.3003604e+00   5.8967236e-01  -6.3171277e-02   3.0178691e-02   1.3468971e+00   7.0840485e-01  -1.3242737e+00  -1.1640607e+00   8.0332331e-02   2.4192519e-01  -2.5955509e+00   1.6519281e+00  -2.4929901e+00
   2.0000000e+00  -8.2708723e-01  -1.1504977e-01  -2.1041550e+00   5.7658132e-01   3.7033617e-01  -6.9633059e-01  -8.1401039e-01  -8.5323478e-01   3.3631394e-01  -7.7066141e-01   1.1024235e-01  -2.3733506e+00   4.3570797e-01   9.7450641e-01   8.9373357e-01  -6.6552044e-01  -1.2377194e+00   1.9391417e-03
   2.0000000e+00   1.8234066e+00  -5.6899859e-01  -3.8292637e-01  -7.0629472e-01   2.7183915e+00   2.3065226e+00  -4.0273296e-01   8.7962432e-01  -1.9558043e-01  -5.7959538e-01   1.3936991e+00   9.9603657e-01  -6.1778906e-01  -1.7000333e+00  -1.6394404e-01   1.0711181e+00   1.6336077e+00  -1.1569142e+00
   2.0000000e+00   1.1534771e+00  -2.1366533e-03  -1.1617671e-02  -8.3692015e-01   8.1694794e-01  -1.5494768e-01  -6.2852295e-01   1.4721411e+00   8.0506947e-01  -1.5549373e-01   1.4450176e+00  -9.4008983e-01   4.9478940e-01  -4.0643704e-02   2.2360790e+00   8.7357952e-01  -8.4320979e-01   6.3829871e-01
   2.0000000e+00   1.2633035e+00   7.8890784e-01   8.1437145e-01   6.1879413e-01  -9.9676727e-01   1.2188011e+00  -2.0191122e-01  -3.4113345e-01  -8.0288845e-01  -9.2052238e-01   8.7212684e-01   1.1550924e-01  -3.3650509e-01   7.3614997e-01  -1.1495466e-01   9.7137145e-01  -3.4642615e-01  -7.7594077e-01
   2.0000000e+00  -6.0633640e-01  -6.0634817e-02   2.3088462e+00  -8.2660571e-01   7.0548521e-01  -9.4375217e-01   4.1279519e-01  -1.1058444e-01   8.7949600e-01  -4.3112216e-01   1.3892506e+00   2.6910256e-01   2.7484128e-01  -2.0739594e-01   3.4714234e+00   2.6094128e-02   8.0529064e-01  -3.4658402e-01
   2.0000000e+00   1.4524507e+00  -1.9324134e-01  -8.3790922e-02   4.1963432e-01  -3.2910449e-01   8.1553863e-01   1.2740492e+00  -1.8746828e+00  -2.3495824e+00   2.1831013e-01   3.6954513e-02  -1.3766354e+00  -8.1587755e-01   4.6037778e-01  -3.0849329e-01  -5.7982555e-01  -1.2292011e+00   1.0155235e+00
   2.0000000e+00   1.2551250e-01   9.3403577e-01   2.3851321e+00  -4.5019894e-01  -3.8081200e-01  -3.2876004e-01  -6.0321744e-01   1.7205185e+00   3.4551761e-01   2.7082457e-01   1.8398671e+00   9.0281149e-01   1.0665781e-01  -1.0270777e-01  -4.7331624e-01  -1.5303943e+00  -1.0808757e+00   1.3389710e+00
   2.0000000e+00   6.6028822e-01   7.6475263e-01   1.4774893e-01  -7.0407287e-02  -8.1675526e-01  -1.2910036e+00   1.2561787e+00  -1.8179380e-01  -9.9035632e-01   6.5256185e-01  -6.5501545e-02  -5.4487682e-01  -2.3074364e-01   1.4775313e+00   8.0149845e-02  -1.0769759e+00   7.1691362e-01  -1.9755904e+00
   2.0000000e+00   1.1236569e+00   1.2813612e+00   2.3604925e+00  -1.3497476e-01   1.6044348e+00   2.7135703e-01   1.3281287e+00  -1.7995634e+00  -8.4632682e-01   9.2440740e-01   8.1128499e-01  -1.4055442e+00   1.3809286e-02   3.0555185e-01   2.2479267e-01  -2.9945361e-01  -1.2480032e+00  -5.3541854e-01
   1.0000000e+00  -2.0397536e-01   2.5225778e-01   9.0356134e-01  -5.5377495e-01   3.0496916e-01   5.2716525e-01   1.5008966e+00   6.9683953e-01  -1.6592314e+00   3.0824749e-01   1.0840221e-01  -1.1536666e+00  -7.8476117e-01  -4.8696551e-01  -1.2749081e+00  -8.8027987e-02   6.5481080e-01   9.1150393e-01
   2.0000000e+00   7.7138293e-01   7.4999100e-02  -1.0668989e+00   3.8452651e-01  -3.6665064e-01  -8.8885554e-01  -9.8666408e-02  -1.2339747e+00   1.8501980e-01   4.0979615e-01  -2.9949062e-01  -3.6824035e-01  -7.7230385e-01  -8.7659578e-01   1.7847516e+00   5.9174582e-01  -1.2118947e+00   1.6711063e+00
   2.0000000e+00   9.4962344e-01   1.6325412e+00  -9.0171617e-01  -2.4778592e+00  -1.1217303e+00   1.7609817e+00   1.2662070e+00  -1.6072851e+00   1.4281699e+00  -1.9745937e+00   1.0203152e-01  -4.1685443e-01  -8.5575458e-01   2.4473306e-02   1.4310077e+00   2.2388679e-01   4.7082092e-01  -4.8728207e-01
   2.0000000e+00   3.0857578e-01   1.1830226e+00  -1.3277632e+00   1.3879436e-02  -1.1014497e+00  -1.5440880e+00  -6.0671299e-01   9.1666895e-01  -8.6787652e-02  -1.8257798e+00   8.1104258e-01  -7.0107802e-01  -2.0860804e+00  -8.2659807e-01   3.0022525e-01   1.3660528e+00  -1.1692973e-01   6.0190249e-02
   1.0000000e+00  -5.4015502e-01  -1.2971829e+00  -2.7438719e-01   1.3730133e+00   5.2996217e-01  -1.1422515e+00   1.8893045e+00  -2.0145768e+00   1.0985190e+00  -5.1930494e-01  -1.2031020e+00  -2.5948596e-01   1.2109789e-01   8.5129006e-01  -7.7607560e-01   1.9973416e+00   5.0413529e-01   8.4825034e-01
   2.0000000e+00  -1.4073741e-01  -3.6445599e-01   1.2356412e+00  -1.0576939e+00   3.1512593e-01   3.8771083e-01  -4.1182967e-01   8.6213385e-01  -1.2505775e+00   9.1421561e-01  -2.4693530e-01   3.2388259e-01  -3.7220298e-01   1.4151328e+00   7.6223590e-01  -7.2810345e-01  -1.7885108e+00   1.3351775e+00
   2.0000000e+00  -7.5177606e-01  -3.1606075e-01  -2.5942168e+00  -3.0086832e+00   1.7165764e+00  -5.9494101e-01  -9.6334070e-01  -2.7863892e-01   2.4230079e-01   2.1148201e-02   2.0409713e-01   3.8558140e-01   9.2436919e-01  -3.6087242e-01  -7.7302563e-01  -1.6351574e-01  -1.3853117e+00   1.9232108e+00
   2.0000000e+00   1.2998180e+00   1.4308517e+00  -2.0915927e-01  -6.0125236e-01  -8.4273229e-01  -1.4263275e+00  -7.0909688e-01   4.9478586e-01   1.9911951e+00   6.8231103e-01   5.1526666e-01   1.0077859e+00   5.8891797e-01  -3.0620437e-01   1.6101853e+00   6.5586217e-01  -5.9435109e-01  -8.9215421e-01
   2.0000000e+00  -6.7270162e-01   1.8302235e+00  -9.1751790e-01   2.4576623e-01   1.0327894e+00  -1.9674385e+00   1.2794395e+00  -4.3131638e-01   2.4335370e-01  -6.1969954e-01   1.9362744e-01  -3.2610341e-01   3.3201869e-02  -9.1535396e-01   5.3594180e-01  -5.2502726e-01   1.8136684e-01  -1.2516788e-01
   2.0000000e+00  -1.4173564e+00   3.9204705e-01   1.4830268e+00   1.5884690e+00  -5.8451379e-01  -7.4034943e-02   9.1425493e-01  -6.9399433e-01   1.1437329e+00   1.9871524e+00   1.4111265e-01   1.7141392e-01  -1.7249725e-01  -1.0979503e+00  -1.9075099e-01   1.0534749e+00  -1.4127201e+00   1.8989290e-01
   2.0000000e+00  -1.0988463e+00   2.8490826e-02  -3.5704862e-01   6.3666041e-01  -1.1920845e+00  -1.0889172e-02   9.7596763e-01   9.9367993e-01  -1.3974266e+00   6.1914301e-01  -4.1663277e-01  -1.5025370e+00  -2.5340982e+00   9.4263805e-01   5.0878321e-01  -1.7805369e+00   3.0592666e-01  -7.1271163e-01
   2.0000000e+00  -3.6772734e-01   1.0574991e+00  -3.7689970e-01  -1.5135179e-01  -5.2999103e-01   8.3972274e-02  -4.3816172e-01  -6.6277079e-01  -1.9902733e+00  -3.1868301e-01   4.7395032e-01  -1.2038387e+00   2.3554830e+00  -1.4793004e+00   6.0858983e-01   2.4777179e-01  -7.6752226e-01  -1.3436231e+00
   2.0000000e+00   9.1201938e-01  -1.2002890e-02  -2.0158307e+00   6.7979475e-01   1.1209677e+00   1.8303373e+00  -6.5495828e-03  -1.3162314e-01  -5.8058907e-01   7.3320592e-01   7.6871973e-02   1.1052558e+00  -6.2040444e-01  -5.8287223e-01   2.3059422e+00  -1.3557788e+00  -5.8446043e-01  -9.7836357e-01
   2.0000000e+00   1.0466884e-02   2.8029175e-01  -7.4688830e-02  -6.2286376e-01  -1.3289521e+00  -6.2989670e-01   9.9392122e-01   7.3791383e-01   1.2120508e-01  -7.4619145e-01   1.1353047e+00  -8.2293074e-01   2.7163263e-01   1.7600972e+00  -1.3553619e+00  -3.9581412e-01   7.6493408e-01   1.1099836e+00
   2.0000000e+00  -6.9532580e-01  -1.8978777e-01  -8.0069133e-01   1.0329894e+00   1.5469139e-01   1.0515668e+00   6.7584966e-01   2.3688997e+00  -2.2544184e-01  -1.4018085e+00   1.9518134e-01  -1.0875363e+00  -7.1451997e-01   1.4125722e+00   5.0413561e-01   4.8343563e-01   1.2138348e+00  -5.1765520e-01
   2.0000000e+00   1.0143167e+00   2.2944813e-01  -1.9370563e+00  -6.4899834e-01   5.9365528e-01   9.0338521e-01  -5.6869271e-01   4.0152740e-01  -1.2226748e+00   1.1086376e+00  -8.5006054e-01   1.3990663e-01  -1.1784656e+00  -2.0827687e-01  -6.3653534e-01   1.6577589e+00   1.3086664e+00   2.1040665e-01
   2.0000000e+00   1.0822812e+00  -8.6297943e-02   1.0768609e+00   2.1386357e+00  -5.9479013e-01  -9.7627545e-02  -2.7611709e-01   7.7398519e-01   5.5897743e-01  -1.5451183e+00  -7.6404273e-01   3.5021900e-01   2.0942622e+00  -2.0201292e+00   1.5174051e+00   2.3021788e-01  -1.2672452e+00   9.8920888e-01
   2.0000000e+00  -9.6480180e-01   2.0602087e-01  -2.9406997e-02   1.8308416e+00  -1.1785307e+00   9.0307229e-01  -5.8065550e-01  -1.3840485e+00  -1.4506125e-01  -2.1126481e-01   1.2689856e+00  -8.3670780e-02  -5.1914231e-01   1.3041404e+00   2.0354075e-01  -4.1762280e-01   7.0623239e-01   1.3321843e-01
   2.0000000e+00  -8.5814791e-01  -4.0644794e-01   1.5259006e+00  -4.2804002e-01   3.4410130e-02   1.1115227e+00   1.7317832e-01   1.2859000e+00   2.8193081e-01  -4.6755979e-01  -2.1856356e-01   1.0997642e+00   6.3989452e-01  -2.7219013e-01   3.2894294e-01  -9.2567732e-01   2.2537920e+00  -8.3525972e-01
   2.0000000e+00  -2.2709351e-01   9.3783595e-01   2.0864523e+00  -2.3338474e-01  -6.5659690e-01  -1.6120516e+00   1.2787740e+00  -1.6859800e+00  -3.8075325e-01   1.9232924e+00   6.8947392e-01   1.0209559e+00  -1.1002018e+00  -6.2259735e-01   1.3285273e+00  -1.7390272e-02   9.3070909e-01   2.6128324e-01
   1.0000000e+00  -4.3732027e-01   6.9476645e-01  -8.3629442e-01  -6.7394236e-01   5.2685071e-01  -2.2356720e+00  -6.3942690e-01  -2.1014672e+00   8.4694651e-01  -1.2689739e+00  -2.0913246e-01   4.6342117e-01   3.0497723e-01  -1.7536135e-01   1.1851975e+00  -9.0586389e-01   7.5764408e-01   1.4298175e+00
   2.0000000e+00   2.0393334e+00  -1.2065019e+00  -2.1665702e-01  -5.6463080e-01  -1.0913393e-02   2.4587552e+00  -1.3046640e+00   4.4431304e-01   4.8642963e-01   1.6280601e+00   1.4605893e+00  -9.5594384e-01   2.2936841e-01   2.6317686e+00   9.2275377e-01   3.9207427e-01  -1.8234718e+00   1.2836404e-02
   2.0000000e+00   4.2469753e-01  -4.8243249e-01  -5.2953115e-01   3.7949943e-02  -1.9743272e+00  -3.7484576e-01  -8.9314564e-01   9.2064284e-01  -6.1371921e-01  -2.1914019e+00  -3.0999622e-01   2.1743878e-01  -1.2131644e+00   2.6126438e+00   1.6187197e+00   1.0198344e+00   1.4795165e+00   1.1408479e-01
   2.0000000e+00  -6.0432067e-01  -4.8140990e-01  -7.3007270e-01   6.7781217e-01  -2.9918429e-01   2.6413371e-01   3.8533712e-03  -5.3653309e-01   2.4095888e-01   1.6862533e+00   1.9754081e-01  -2.2531257e+00   8.5811491e-02  -1.0707461e+00  -6.1528053e-01   3.2984235e-01  -3.6143907e-01   8.0246273e-01
   2.0000000e+00  -1.4752590e+00   2.8645255e-01  -7.0823823e-01  -1.6207211e-01   7.2744763e-01  -1.3698751e+00  -5.8135165e-01  -3.2504321e-02  -1.0484931e+00   6.2876271e-01   1.4828059e-01   6.2523402e-02  -1.0455937e+00  -4.9839927e-01  -7.7929633e-01  -8.3474189e-01  -8.8303239e-01  -2.4675650e+00
   2.0000000e+00  -9.6758296e-01   5.4123973e-01  -4.5026066e-01   1.2854252e+00  -8.4528425e-01  -4.3002644e-01  -5.2995033e-02   3.5646554e-01   3.4520873e-01  -2.6269729e-02   1.5538256e-01  -7.4740882e-01  -9.4163051e-01  -1.6036675e-01   9.6878719e-01  -2.1739595e+00   1.4202793e+00  -1.6651934e+00
   2.0000000e+00  -4.5083919e-01   1.9241376e+00  -1.0577180e+00  -7.4570384e-01  -6.3472087e-01   6.8925213e-01   2.3586031e+00   6.7398148e-01   1.4788237e+00   6.0282578e-01   8.5330432e-01   1.4603713e+00  -2.2094320e-01  -1.4925202e+00  -1.5991479e+00   4.3979091e-02  -4.5835288e-01  -1.1988492e+00
   2.0000000e+00   1.2473023e+00  -9.2932563e-01   1.3257015e+00  -7.2256969e-01   4.9413014e-01  -5.8268081e-01  -3.7551041e-01   7.2250776e-01   1.9622071e-01   2.1090949e+00   6.0984840e-01   3.5393385e-02  -6.6720152e-01  -6.6042107e-01  -1.6028694e-01  -5.7692675e-01  -1.0312273e+00   4.5348709e-01
   1.0000000e+00   4.9537365e-01  -1.4204700e-02   8.1361105e-02  -3.6455256e-01   6.7094087e-01   2.8709278e+00  -1.6065780e-02   9.5367898e-02   1.1240633e+00  -2.0516517e-01  -1.5170956e+00   2.5150458e-01   8.9885545e-01   1.1496804e-01   1.3345709e+00  -1.0991184e-01  -2.6959169e-01   2.8284751e-02
   1.0000000e+00   1.2626983e+00  -1.1654455e+00   1.0821225e+00  -1.2962301e-01   3.2385768e-01  -5.1883956e-01   5.7693403e-01  -1.3205920e+00  -2.0054533e-01   1.5161968e+00   2.1199406e-01   2.1402127e-01  -1.1189751e+00  -1.1158695e+00   5.1694202e-01  -8.7176676e-01   5.3088733e-01   4.3207094e-01
   2.0000000e+00  -1.3060119e-01   1.2007321e+00   1.2715639e+00   7.0429825e-01  -1.5284881e+00   9.8333274e-01   3.7641577e-01   7.0883233e-01   7.2793088e-01   6.7326200e-01   3.5061495e-01  -1.4084650e+00  -7.1851441e-02  -4.8227318e-01  -8.0697079e-01   1.0936638e-01  -1.2218517e+00   1.1275807e+00
   2.0000000e+00  -2.9716645e-01  -2.1528712e-02   2.8283832e+00   1.8353472e+00   5.7828103e-01   1.0584699e+00   1.3444412e+00  -6.3933772e-01  -1.3110632e+00  -1.9488947e+00   7.4985344e-01   5.5739388e-02   8.4578050e-01   3.2894222e-01  -1.6562340e+00  -1.3179023e+00  -1.2772317e+00   1.4065747e+00
   2.0000000e+00  -1.2778358e-01   5.7306211e-01   9.2103346e-01   6.6945892e-01   1.2145195e+00   5.7235442e-01   1.0161900e+00  -9.9215822e-01   7.1067038e-01  -1.4497550e+00  -3.3253585e-01   3.6162927e-01  -5.8938130e-01   4.6488331e-01  -1.5418032e-02   1.7050726e+00  -1.3763813e+00  -1.3387531e+00
   2.0000000e+00   2.3321356e-01   3.9765723e-02   1.0991140e+00   1.1653369e+00  -3.3940397e-01   2.0228671e+00   8.1967392e-01  -7.5405423e-01   4.9920242e-01   5.9930266e-02  -1.0986668e+00  -7.5221584e-01   5.1353590e-01  -5.2300027e-01   1.8927576e+00  -1.9988914e-01   1.0513671e-01   8.1195379e-01
   2.0000000e+00   1.6672357e+00   1.1244474e+00  -1.2731933e+00   5.1035710e-01  -1.9971698e-01   7.9398336e-01   3.4597893e-01   8.3740381e-01   1.0464644e+00   2.2808157e-01  -1.1318619e+00  -7.0973573e-01  -9.3730317e-02  -4.1811511e-01   4.9571468e-01   3.0795204e-01  -5.0102906e-01  -8.7839502e-01
   2.0000000e+00   9.5202861e-01   1.1955532e+00   1.4184369e+00   4.5582396e-01   1.7438736e+00   1.7808559e+00   1.6659795e+00  -2.3494487e-01  -6.7439648e-01   1.2694253e+00   4.2642216e-01  -1.0874541e+00   2.7970912e-01  -3.7871097e-01   2.1762982e-01  -9.4209481e-01  -1.3619456e+00   1.2085710e+00
   2.0000000e+00  -1.1957424e+00  -2.5489964e-01   2.2561300e+00  -4.5072366e-01  -1.2324826e+00  -4.7597352e-01  -1.3121656e+00  -1.6946900e+00   9.5639509e-01   3.6890964e-01   1.6402837e-01   3.8151789e-01   8.9658933e-02   1.5144776e+00   1.2513335e+00   1.6995851e+00   7.5232895e-01  -3.1380734e-01
   2.0000000e+00  -9.1803041e-01   9.4986881e-01   1.6318466e+00  -2.7135676e-01  -6.3065043e-01   1.0428242e+00  -1.2317244e+00  -5.9862929e-01   1.7015035e-01  -1.1529381e+00   9.0610197e-01  -9.0722924e-01   8.4781876e-01  -8.1181441e-01   1.8704272e+00  -8.2248786e-01   4.5304978e-01   1.3175474e-01
   1.0000000e+00  -9.0610339e-01   1.0871021e+00   5.8836593e-01  -2.8498122e-01   5.6879906e-01   8.7896937e-01   8.5346250e-01  -4.0021440e-01  -1.0862687e+00  -7.3097597e-01  -7.9795119e-01  -5.9247446e-01  -6.4520385e-01  -7.7289304e-01  -7.7241486e-01  -1.5042202e+00  -6.0321975e-01  -2.8827739e-01
   2.0000000e+00  -1.1500880e+00   5.8905938e-01   2.9761963e-01  -6.6363268e-01   2.6443718e-01   4.9615581e-01  -1.2720271e-01   3.4654901e-01   1.6669797e-01   2.5076630e-01  -8.9437387e-01   5.5154832e-01  -1.7763764e+00   7.8760072e-01  -5.7888431e-01   1.0078665e+00   1.0356756e+00  -1.1260164e+00
   2.0000000e+00  -8.7003554e-01   1.0479735e+00   4.3578301e-01   1.6293844e+00   1.1500645e+00  -8.8411030e-01   7.7377427e-01   4.3175419e-01  -2.2953806e+00  -1.4463165e+00  -2.3319290e-01  -2.4089201e-01  -9.6042248e-01  -1.0729496e-01  -2.3514225e-01  -1.3301006e-02  -1.5178251e+00   2.3013636e-01
   2.0000000e+00   9.9721340e-01   8.9525754e-01   1.2564384e+00   3.4731639e-01  -4.7847396e-01  -2.6309680e+00  -4.6429520e-01  -1.5830384e+00  -1.9603932e+00  -9.7449359e-01  -8.6395552e-01   5.4287235e-02  -4.2945388e-01   7.5207802e-01   1.1994841e+00   1.3044696e+00  -1.3013140e+00  -9.9122189e-01
   2.0000000e+00   2.6543598e-01   5.7629543e-01   3.8779171e-01   3.9910975e-02  -7.4365547e-01   2.1343860e-01   9.7703883e-01  -4.8168218e-01  -1.7425679e-01  -6.5767639e-01   1.3259850e+00   1.9609817e-01  -8.8282305e-01  -9.4851713e-02   3.2718252e-02   1.7864019e+00  -1.6989060e+00   1.9190643e-01
   1.0000000e+00   1.2090964e+00   5.8298145e-01  -5.0912713e-01   3.8627334e-01   1.8604964e-01  -8.9679005e-01   8.1858189e-01   9.5063727e-02   1.6663885e-01   1.2581278e+00   1.6064629e+00  -9.5782485e-01  -6.3031427e-01  -4.3162808e-02  -5.5207397e-01   2.6038377e-01  -7.0265686e-01   1.6462791e-01
   2.0000000e+00   1.5479660e-01   8.1683984e-01  -5.1403590e-01   3.7265818e-01   2.0125915e+00  -9.1973118e-01  -6.2842748e-01   1.0273975e-01  -6.9505026e-01  -2.5627344e-01   2.4826591e+00   6.9131112e-01   1.3361927e+00  -4.5140797e-01  -5.1129352e-01  -1.2697088e+00   2.2123136e+00   7.2889262e-01
   1.0000000e+00   8.3113597e-01   1.3324830e+00   2.5592713e-01   7.1710652e-01   5.7944205e-01   2.0970529e+00   2.3122213e-01   2.9831214e-01  -1.1069487e+00  -9.8584959e-01  -1.0193649e-01  -3.9062091e-01  -3.7600765e-01  -8.0329457e-01   9.3852566e-01  -5.9782549e-01  -4.5909962e-01   1.2331083e+00
   1.0000000e+00  -1.2966619e-01   1.7157658e+00   7.4202838e-01  -8.8275461e-01   2.0809701e-01  -1.1256614e-01   9.3545957e-02  -8.9331334e-01  -2.8428534e-01  -2.8520075e-01  -2.0972723e-04   7.9203789e-02   3.6471240e-02   5.4589162e-01  -1.9328689e+00  -9.1303346e-01  -5.0578844e-02   1.0587410e+00
   2.0000000e+00   1.1348117e-01  -2.4441324e-01  -2.9531169e-01  -4.5833477e-01  -1.5510771e+00  -1.9119166e-01   1.0610790e+00   8.9381993e-02  -4.3249364e-01   1.3088253e+00  -1.1196817e+00   1.4005156e+00   6.7205200e-01  -1.6069926e+00  -1.1522633e+00   6.1316723e-01   4.2884905e-01   1.6876442e+00
   2.0000000e+00   1.6516283e+00  -7.1354896e-01   6.9612654e-01  -8.3152141e-01   3.9029931e-03   7.8537117e-01  -2.3233601e+00  -1.4583041e+00   6.8525570e-01   1.0404900e+00  -5.2448829e-01   4.1019419e-01   9.5246724e-02  -1.8194967e+00   1.1325105e+00   2.3427670e+00  -3.1081058e-01  -2.5614536e+00
   2.0000000e+00  -3.5873483e-01  -1.0707284e+00  -7.2112304e-01   1.7164065e+00  -7.9463019e-01   1.2178186e+00   1.1576627e-01  -1.6148754e-01   3.8132782e-01  -1.2770586e+00  -9.1137623e-01  -3.5767658e-01  -1.3854541e+00  -8.6149680e-01  -1.3915643e-01  -6.3825065e-02   4.6518558e-01   1.5896385e+00
   2.0000000e+00  -1.9850367e+00  -9.0062617e-01   2.3767073e+00   1.3702722e-01  -1.0544190e+00   6.7647510e-01  -4.0629133e-01  -8.6566170e-01  -3.9308297e-01  -6.0328606e-01  -1.3031132e+00  -2.4888717e-01  -4.6862332e-01  -8.7040331e-01   8.9301539e-01  -6.1019955e-01  -4.5995054e-01  -1.4594300e+00
   2.0000000e+00  -7.7958802e-02   1.4771035e+00   1.6266194e+00   1.0523839e+00  -1.0535889e+00  -2.8817256e-03   8.7390041e-01  -1.8450762e-01   2.1141100e+00  -1.7346478e-01  -2.2713566e-01  -4.5580484e-01   5.3818731e-01  -1.0437667e-01   6.3551538e-01  -8.4461021e-01  -4.1767281e-01   1.3523301e+00
   2.0000000e+00   2.5421200e-01   8.3869949e-01  -6.3529104e-01  -8.1273026e-01   1.6369783e+00   1.5453500e+00  -2.8466304e-02  -1.7557856e+00   5.0065912e-01   2.8014050e-01  -1.0443248e+00  -9.1378303e-01  -8.9612868e-01  -1.8918884e-01  -6.5097907e-01   9.5170218e-02  -6.0580027e-01  -5.6069711e-01
   2.0000000e+00   4.1534826e-01  -1.9395649e-01   1.5367271e+00   3.7016138e-01  -5.9468628e-01   1.0316779e+00   3.2216395e-01   4.7516942e-01  -4.6591659e-01   2.8932081e-01  -1.8559381e-02   6.2167400e-01  -3.0017207e-01  -6.4345308e-02  -8.9252864e-01   7.0440072e-01  -2.4150114e+00  -2.6991872e+00
   2.0000000e+00   1.0520167e+00  -1.1295816e+00   2.4434181e+00   8.1294320e-01   2.1620301e+00   4.9069876e-01  -2.5983809e-01  -9.0546263e-01  -9.4711168e-01   1.2999883e+00   1.3864516e+00  -2.0343864e-01  -1.3407986e+00   1.4464434e+00   1.6547119e-01  -8.5489986e-01  -8.2442923e-01  -1.2711771e+00
   2.0000000e+00   1.6666869e-01   8.4053017e-01   1.9462000e+00  -2.0620202e-01  -2.2994603e-01   9.6914452e-01   1.2879190e+00   1.2126522e+00   3.7939921e-01   1.0602128e+00  -1.3562205e+00   1.3378197e-01  -4.4600122e-01   1.0025653e+00   1.5063260e+00  -1.3812177e+00  -6.3662143e-01   2.4981764e-01
   2.0000000e+00   6.9341065e-01   1.3464614e+00   9.0034970e-01  -6.5102381e-01   1.3450817e+00   3.6203582e-01  -7.2570031e-01  -1.5066224e+00  -1.0740388e-01  -1.0849837e+00   5.5453364e-01   5.0059114e-01   8.7794358e-01   8.7836892e-02  -2.6412577e-01   2.6140635e+00   9.9476279e-01  -7.6975128e-01
   2.0000000e+00  -7.3330053e-01   4.7581453e-01   6.7411994e-01  -1.6490779e+00  -5.1286584e-01  -1.2939575e+00   1.7967286e-01   9.9271254e-02   1.4613537e+00   4.2875185e-02  -1.2042737e+00  -2.9397133e+00  -9.8513231e-01   4.4139969e-01  -4.3085375e-02  -1.8395802e+00  -1.6422875e+00   4.8479942e-01
   1.0000000e+00   8.0323842e-01   1.6369274e+00  -2.4725965e-01  -6.2009842e-01   2.9978032e-01   2.2156380e+00  -1.4113159e+00  -2.2312581e-01  -5.7379678e-02  -7.4587932e-01   2.0447834e-01   9.0011705e-01   5.7127995e-01   3.3858437e-01  -1.4726123e+00  -3.6221285e-01   4.1375966e-01   5.2869470e-01
   1.0000000e+00  -2.2754707e-01  -9.1782789e-01   8.2728340e-01   5.6594232e-01   6.1105441e-01  -2.2674635e-02  -2.1258555e+00   3.8906580e-01   2.4571523e-01  -6.5225354e-01   8.6475396e-02   6.9014534e-01   2.9097209e-01   2.6802934e+00  -1.8279143e+00  -1.3317088e-01   8.1009392e-02  -7.4257104e-02
   1.0000000e+00  -4.9948012e-01  -3.4357942e-01   1.3375670e+00   1.2169785e+00   3.6040963e-01   9.5237971e-01  -5.8251212e-01  -5.7665224e-02  -9.3393494e-01   1.1258388e+00  -7.7021640e-01  -2.5435915e+00   4.4887435e-01   1.3040658e+00  -1.4881992e+00  -2.2064160e-01   2.4611489e-01  -1.1196124e-01
   2.0000000e+00   2.5517918e-01   1.8859442e+00   1.5315083e+00  -1.0416538e+00  -8.4271999e-01  -7.3801677e-01   1.8659699e-01   5.5989956e-01  -5.6532760e-01  -2.0642584e+00   2.6500381e+00  -1.2778650e+00  -6.5095129e-01   5.9028150e-02  -5.4022758e-01   1.0063523e+00  -1.6882743e+00   8.7651825e-01
   2.0000000e+00   1.4101744e+00   2.1580949e+00  -9.6117626e-01   3.6381590e-01  -9.0672143e-01  -5.5660037e-01   1.0519990e-01   2.2808215e-01  -1.2380528e+00   4.8130552e-01   1.9811078e+00   1.0937154e+00  -1.6687542e-01  -5.8988781e-02   6.2484624e-01   3.4573746e-01   3.4082720e-01   1.9481033e-01
   1.0000000e+00  -5.7138211e-01  -2.2153453e+00  -6.5207038e-01   3.0627000e-01   6.2636330e-01   1.3831734e-01  -9.0532656e-02  -7.2799564e-01   2.2767853e+00   6.9363967e-02  -6.5846405e-01  -9.5976829e-01  -2.3066486e+00   9.4458325e-01   2.2204722e-01   8.5921485e-01  -1.2893420e-01   5.3802195e-01
   1.0000000e+00   3.4928910e-01   9.8212165e-01  -8.2736399e-01   6.1316823e-02   9.3883680e-01   9.1410982e-01  -1.1541859e+00  -8.1690296e-01   4.4986105e-01   1.3849789e+00   1.3391094e+00   3.6679858e-02  -4.8471009e-01   1.4411432e+00   8.0037166e-01  -1.0515874e+00  -2.1644197e-01  -1.3190475e+00
   2.0000000e+00   1.5810803e+00  -2.4880957e+00  -2.9713141e-01  -2.7608762e-01   1.2298462e+00   7.1461199e-02   2.7498334e-01   1.0225021e+00   6.2809435e-02  -1.1531799e+00  -7.9767139e-01  -6.7589122e-01  -9.9694410e-01  -2.8953884e-01  -1.2076291e-01   2.4376558e-01   9.4171332e-01  -7.1304480e-01
   2.0000000e+00   1.1924955e+00   6.4416037e-01   2.7671071e-01   1.6057971e+00  -1.0635407e+00  -1.1311863e+00   2.6172103e-02   4.1247633e-01  -1.2221217e+00   8.3705758e-02   5.8988488e-02  -1.7748117e+00  -3.8412008e-01   6.7046305e-01   2.6836755e+00  -4.0106121e-01  -3.5292595e-01  -1.7083538e+00
   2.0000000e+00  -2.6488652e-01  -1.1207292e+00  -2.4359901e+00   1.6206915e+00   9.2247277e-01   2.2214321e-01   2.6573255e-03   2.1952564e-01  -5.5088396e-01  -1.5637658e+00  -6.8928961e-01  -1.6942398e+00   1.5901688e+00  -1.1433351e+00  -7.0426852e-01   1.0685676e-01  -1.2722280e+00  -1.0073089e+00
   2.0000000e+00  -8.9033469e-01  -5.2715814e-01   2.0730610e-01  -5.0489838e-02   2.6743404e-02  -8.3518567e-02  -4.5918017e-01  -5.2227486e-01  -1.2863761e+00   8.5489110e-01  -1.6456880e+00   1.2690768e+00   1.7803701e+00  -1.2610337e-01   1.3374000e+00   6.8363958e-01   1.0714533e+00   1.2097270e+00
   1.0000000e+00  -4.7834034e-01  -2.3767692e-01  -1.6174399e+00  -3.4589942e-01   2.2607273e-01   3.5286139e-01   5.7489308e-01  -1.1254560e+00   1.6485081e-02   1.2772798e+00  -9.0504457e-02  -1.4560463e-01  -9.9745473e-01   5.5419768e-01   4.5669755e-01   1.1408284e+00  -4.7006809e-02   7.0118253e-01
   2.0000000e+00  -2.1782376e-01  -3.4802225e-01   1.1851376e-01   7.4459926e-01  -3.0242181e-01   5.0748099e-01  -1.2905057e+00   8.5759493e-01  -1.8537551e-01  -3.6125239e-01   6.6569787e-01  -8.0592660e-01  -1.0281185e-02   1.3187125e+00   1.3162958e-01   4.2566250e-01  -5.4801608e-02   2.8251066e-01
   2.0000000e+00   1.3492207e+00   8.0524068e-01  -1.7010553e-01  -2.3111780e-01   7.6793892e-01   8.2135994e-01   2.1061592e+00   5.8314063e-01   1.1362520e+00  -1.2506324e-01  -1.8974722e-01   8.7388921e-01  -1.2729530e+00   3.0866914e-01  -8.1591771e-01   1.2997327e+00   1.8245259e+00   1.1081073e+00
   2.0000000e+00   1.1140130e+00  -3.8929434e-01   6.8987302e-01  -1.5839936e+00  -1.6496282e+00  -3.6160185e-02  -1.0826507e+00  -8.8407326e-02  -1.0506612e+00   5.9368742e-01   1.0824241e+00  -6.5662195e-01  -8.0071681e-01   9.1114511e-01  -9.2921288e-01   3.5276970e-01  -1.3343739e+00   1.7549364e+00
   2.0000000e+00   6.5286959e-01  -1.8648196e+00   6.2412765e-02   7.9854159e-01  -2.6235384e-01   2.5378236e-01  -1.9149888e+00   2.2092324e-01   1.6598918e+00  -9.3300353e-01   1.1589256e+00   3.1911805e+00  -5.7824133e-01   5.8153064e-01  -4.7761511e-01  -5.4750716e-01  -3.4009713e-01  -7.4469573e-01
   2.0000000e+00   2.9566728e-02  -2.8136463e-01   1.0878876e-01   2.7193632e-01   2.4817422e-01   1.6315554e+00  -1.5677130e-01   6.1515315e-02   1.7854706e-01  -1.0175965e+00   2.4477806e-01   4.1714381e-01   4.8225616e-01  -4.8273368e-01  -1.8427989e+00   8.7396837e-01  -1.2336027e+00  -6.6461971e-02
   2.0000000e+00  -1.3696725e+00  -7.0325879e-01  -1.5233320e-01   5.5435552e-01  -3.4956444e-01   2.0670374e-01  -9.7954111e-01   1.8644849e+00  -1.6516394e-01   5.9612796e-01   4.6472284e-01   7.3834411e-01  -8.9871259e-01  -9.4383057e-01   8.4294520e-01   4.9438933e-02   9.1980218e-01   1.1789042e-01
   2.0000000e+00   1.1127949e+00   5.8004871e-02   4.4672239e-01  -3.8273434e-01  -1.3277475e+00   1.6667619e-02  -1.6814394e+00  -4.0958109e-03  -6.0708199e-01   5.6333865e-01   5.6062972e-01  -9.1197891e-01   5.2249763e-01  -3.8759236e-01  -6.8210419e-01  -4.7030036e-01  -1.3495942e+00  -7.9082202e-01
   2.0000000e+00   1.2081706e+00   9.0833029e-01   2.3447886e-01  -5.4482228e-01   2.2172365e+00   1.3434980e-01  -7.5743287e-01   1.1573785e+00  -5.5428934e-01  -6.5079710e-01   1.2765625e+00  -5.3738334e-01   1.1628997e+00   1.1847896e+00  -9.4345676e-01   3.7648335e-01  -5.5713001e-01  -1.6551295e+00
   1.0000000e+00   4.9786140e-01   1.5905535e-01   9.2429729e-03   3.6015943e-01   5.8537101e-01   3.4362795e-01   1.4810634e-02   1.3203638e+00   2.6706734e-01  -5.5389705e-01   1.4177107e-01  -1.8521205e+00   1.4740751e+00   1.1005441e-01  -4.4143176e-01  -8.7268535e-01   5.3487258e-01   1.0171312e+00
   2.0000000e+00   1.7280337e+00   2.5990682e-01  -1.1923035e+00  -7.4489273e-01  -1.5267980e-01   1.2323307e+00   7.2584730e-01   1.5947297e+00   1.7361817e+00   1.8173160e+00  -8.3870806e-01  -4.3160142e-01   9.9963604e-01  -1.5789179e+00   1.4585216e-01  -2.5704010e-01  -4.2893078e-01  -9.4576619e-01
   2.0000000e+00  -6.2885266e-01   1.2654390e+00  -8.3113246e-02   1.0549888e+00   1.2230770e+00   2.6909734e-01   1.1292568e+00   2.0040521e-01   3.3290452e-01  -1.6153590e+00  -8.3953251e-02  -1.0883610e+00   1.5024869e+00   3.6858212e-03  -1.0778687e+00   8.5646107e-01   6.6044484e-01   1.2266414e+00
   2.0000000e+00  -6.8334607e-01  -6.3673733e-01  -1.5970645e+00   3.6423141e-01  -1.1914980e+00   5.7852118e-01  -1.6532524e+00  -1.3844918e+00  -5.8211621e-01   8.9640963e-03   3.9903963e-01  -1.2683630e-02  -1.4410161e+00   3.7988330e-01  -1.8600964e+00   1.9699658e-01   4.2938649e-01  -6.9784969e-01
   2.0000000e+00   2.0919926e-01  -2.1452383e+00  -3.8772896e-01   4.7979466e-01  -6.5091726e-01   1.1600561e+00   2.3207430e-01   5.3496002e-01   2.8704638e-01   9.5642165e-01  -1.3707766e+00   3.0418991e-01  -2.7740268e-01  -1.1488518e+00   3.3052822e-01   3.9861540e-01   1.7085785e-01  -1.1601348e+00
   2.0000000e+00  -6.8764671e-01   1.1068915e+00   1.1572616e+00   1.8546364e+00  -6.7711468e-02  -1.3396711e+00   9.0590820e-01  -7.0286084e-01   1.3299691e+00  -2.4929202e+00  -2.6870444e+00   1.4192593e+00   1.1400239e+00   3.8611573e-01  -1.8756332e+00   2.3914964e-02  -1.1479560e+00  -1.0255970e+00
   2.0000000e+00  -1.3999608e+00   1.3374864e-01  -9.6312088e-02   2.1343183e-02   1.6510490e+00   3.7590534e-01   1.1388477e+00  -1.5683011e+00   4.5817435e-01  -5.5070913e-01  -3.5479294e-01  -4.9449767e-01  -3.7788177e-02  -1.6271953e+00  -2.2121490e-01   1.3904886e+00  -1.1972358e+00  -4.8126727e-01
   2.0000000e+00  -2.0467868e-01   9.0631956e-01   4.3317772e-01  -1.9395345e+00  -5.5818640e-01   6.2932607e-01   1.1446754e+00   1.9389126e+00  -6.6725073e-01   1.3272065e+00  -7.2584125e-02  -9.1109002e-01   2.4783223e-01  -8.0087976e-01  -6.6460597e-01   9.8387073e-01   6.2969836e-01   6.7604817e-01
   2.0000000e+00  -1.1472305e+00   1.6536166e+00   6.9218022e-01  -5.1212383e-01  -9.0642680e-01  -1.1922198e+00  -5.0992144e-01   1.7089525e+00  -1.7493489e-01   6.7161704e-01  -1.5933330e-01  -1.4156988e+00  -2.7170127e-01  -1.7315016e+00   1.3572940e+00   1.6573976e+00   9.8857949e-01   3.4742166e-01
   2.0000000e+00  -9.0678598e-01  -9.8698027e-01   1.0349687e+00  -2.9407606e-01  -1.2262125e-01   6.1340425e-02  -4.3399885e-01   1.8045068e+00  -1.8702876e+00   1.4669094e-01  -8.9874191e-01   2.4944041e-01   4.1518312e-01   2.1804018e+00   1.0625678e+00   7.1576987e-02   1.8606028e+00   4.7141115e-01
   2.0000000e+00  -8.3464926e-01  -1.1981354e+00   3.0203106e-01   1.1315612e+00   5.3735181e-01  -1.1570844e+00   1.7327494e-01   2.1019011e+00   1.5349259e+00  -1.9261035e-01   4.4310232e-02  -1.2190503e+00   6.6140726e-01  -1.4262650e+00   3.9260244e-01   1.6750396e-02   8.7370508e-01   9.1889754e-01
   2.0000000e+00   8.4986699e-01  -1.3696546e+00  -1.6830638e+00   9.7618599e-01   1.5458362e-01   1.2916517e+00   2.4986571e+00  -2.9264824e-01   1.2462689e-01   2.9178319e-01  -1.0427870e-01  -3.1960025e-01  -2.8913022e-01  -2.1744915e-01   6.1490486e-01   5.7999307e-01  -2.4794091e+00   4.5976958e-01
   2.0000000e+00   1.6607915e+00  -4.0049483e-01   3.9886036e-01  -5.9340472e-01   4.9992673e-01  -6.6588527e-01   9.7204476e-01   1.4923359e+00   3.2572533e-01  -2.7550955e-02   2.9990082e-01   2.0196704e-01  -2.8064353e-02   1.1214551e+00  -5.9448335e-01  -6.7327557e-02  -9.2360862e-01   1.2929373e+00
   2.0000000e+00   8.7040793e-01  -2.2016460e-01  -7.9862614e-01  -2.7466314e+00   9.4098072e-01   9.9193851e-01  -1.7101157e+00   6.0229091e-01  -4.0528663e-01   2.0282519e+00   2.1947886e+00   1.1261186e-01  -1.9919468e+00   1.6258333e+00   1.1729208e+00  -1.4296852e+00   9.7606486e-01   4.9337800e-01
   2.0000000e+00   1.4202453e-01  -9.1873869e-01   1.1327250e+00  -3.4325621e-02  -2.1041032e-01   3.3427874e-01   2.5907265e-01  -1.6167152e+00  -1.1741986e+00  -3.4717440e-01  -1.3176500e-01   2.0374047e-01   3.2261495e-01   6.3118242e-01   4.7935876e-01  -1.0701971e+00   2.6633187e-01   5.2969195e-01
   2.0000000e+00   9.4677644e-01  -7.3614455e-02   2.0241227e+00  -2.4973549e-01   6.9297734e-01   1.7508138e-01  -5.1480753e-01  -1.1358450e+00   1.4876828e+00   2.2404059e+00   1.6902615e+00   1.2944142e+00   3.0023439e-01   1.8491685e+00   1.0429168e+00   8.1226371e-01   1.8645942e+00   3.8963673e-02
   2.0000000e+00  -8.9923540e-01   1.5311265e+00   1.3995875e+00   1.0808209e+00  -1.1469829e-01   6.7690735e-01   9.5381557e-01  -5.4148754e-01   9.3807557e-01   1.6248702e+00   1.4742521e+00  -1.9290917e-01  -6.4027329e-01   4.6477925e-01  -2.3817385e-01   1.6698163e+00  -1.8356795e+00   1.4800404e+00
   2.0000000e+00   6.1139929e-02  -8.6044560e-01  -1.7357443e-01   9.5378458e-01  -2.3116486e-01  -1.1877889e+00   1.2676581e-02  -7.5899180e-01  -7.5149409e-01  -1.3169211e+00   1.6025565e+00   1.2203961e+00  -5.8064982e-02   1.3005110e-02   1.3436716e+00   1.2563038e+00  -4.4167349e-01  -8.4161516e-01
   2.0000000e+00  -1.0806209e+00   7.1013323e-02   6.2564067e-01   1.4395461e+00  -1.2943407e-01   2.8550539e-01   1.9965171e-01   7.5584089e-01  -8.0947796e-01  -2.8496132e-01  -8.3016470e-02   3.3148790e-01   8.6757836e-01   2.7574791e+00   2.2118157e-01  -5.2199948e-01  -1.5062190e-01  -5.2991449e-01
   2.0000000e+00  -2.5151187e-01  -7.8161536e-03   1.2787909e+00   9.8407792e-01  -7.5023356e-01  -1.5809022e-01   1.3291007e+00   4.2651660e-01  -1.0190810e+00   1.7770171e+00   5.8804236e-01  -6.0603789e-01   5.9072345e-01  -1.7244063e-01   3.0444391e-01  -1.8328943e+00  -8.3819149e-01   9.9326088e-02
   2.0000000e+00   1.6844034e+00  -1.5940996e-01  -8.6373153e-01   4.1519949e-01  -2.2497535e+00  -5.0014385e-01  -2.2867382e+00   9.8998174e-01   1.9547917e+00   7.2089454e-01   1.2355348e+00   3.1485319e+00   5.9155992e-01  -3.0537953e-01   1.5735345e-01  -9.1124633e-01   8.2218883e-01  -1.1477963e+00
   2.0000000e+00  -2.0427159e-01   7.1607497e-01  -3.8405440e-01   3.0121018e-01  -8.5810517e-01   1.7460140e-01  -3.8543197e-01   1.7366397e+00  -1.3293615e+00  -1.8066909e-01   1.0035059e+00  -5.1366504e-01   9.1671672e-01  -1.5537729e+00  -6.9543848e-01  -1.1637095e+00  -1.9102587e-01  -4.5382315e-01
   1.0000000e+00   2.0098629e+00  -9.1880749e-01  -1.2179564e+00  -1.0216600e+00   2.7293629e-01  -1.4624933e+00  -1.7207056e-01  -1.6718453e+00   7.9463257e-01  -2.7611458e+00  -8.2702555e-01   4.4841137e-01  -3.8217075e-01   7.1208968e-01  -1.7409862e-01   1.5419181e-01   2.3362934e-01  -5.1464585e-01
   2.0000000e+00   2.0339271e+00   1.8993975e-01  -9.8336257e-01   6.3573306e-01  -5.3187907e-01  -9.3930456e-02  -8.7550059e-01   8.5491585e-01  -3.3090713e-01  -6.1192638e-01  -3.1696509e-01   3.9316232e-01  -2.4810740e-01  -3.2716821e+00   5.3548333e-02  -4.7531442e-01   2.1397644e-01   1.7006539e-01
   1.0000000e+00  -3.2618552e-01   8.1644094e-01   5.7870139e-01   2.2202360e-01   7.1682187e-02   1.0961927e-01   5.9076338e-01  -2.5829379e-01   1.7305264e+00   1.9194766e-01   1.6799610e+00  -2.3245775e+00   4.1299204e-01   1.0237317e+00  -5.0240850e-01  -1.3169903e+00  -9.3904628e-02  -5.9757834e-01
   2.0000000e+00  -3.7493519e-01   1.0932632e+00   2.0579614e+00  -2.1205180e-01  -1.0995822e+00  -8.0353738e-01   6.7371887e-01  -6.9112784e-01  -3.1863480e-01   1.3956326e+00  -1.8531270e+00  -2.0813054e+00   1.2619239e+00   6.0574014e-01  -1.1516714e-02   1.0524007e+00  -3.6000320e-02   1.0464101e+00
   2.0000000e+00   3.0325247e-01  -2.9124736e-01   4.8188792e-01   1.3661189e+00  -5.0572409e-01   1.2001104e+00  -6.5124278e-01  -1.2804790e+00   9.2595910e-01  -1.6176575e-01  -1.1709523e+00  -4.9957808e-01   2.5155355e-01  -3.4754163e-01   1.1969004e+00  -4.7209351e-01  -4.9141109e-01  -2.0167546e+00
   2.0000000e+00   1.0595102e+00  -1.0786595e+00  -6.9903417e-01   1.2385529e+00  -1.7090714e+00   1.6588643e-01  -1.2686490e-01  -3.0849614e-02  -1.5823791e+00   2.0300233e+00  -5.3681993e-01  -7.8019183e-01   3.0852578e-01  -4.3130691e-01   4.8291565e-01   2.3427389e+00  -1.6644752e+00  -3.3617187e-01
   2.0000000e+00  -1.9587183e+00  -4.6262504e-01   5.3909664e-01  -3.5916005e-01   1.4145465e+00  -2.3213748e+00   1.0871355e-01  -7.8717331e-01   3.0417667e-01   7.7948545e-02   1.2872734e+00   1.2768082e-01   2.6300062e-01   8.1675865e-01   1.6617387e+00  -3.9841864e-01   1.4598789e+00  -7.2268483e-01
   2.0000000e+00   9.6528007e-01  -6.4110703e-01   2.9646558e-01  -3.7848136e-01  -6.3278022e-01   2.1301824e+00   6.6444595e-01  -1.0041255e+00  -1.9486122e-01   1.7020985e+00   6.5158538e-01  -3.0921498e-01  -8.6510545e-01  -6.2392134e-01  -2.8823735e-01   1.5340497e+00   8.5238835e-02  -4.3597214e-01
   2.0000000e+00  -8.3299649e-01   2.5784502e-01   1.1673369e+00   4.2209260e-01   9.4384367e-01   4.6154671e-01   1.1082058e+00  -5.5925453e-01   1.7059663e+00  -8.7459240e-01  -2.0340208e-01  -1.1255972e+00  -1.3537248e-01   1.4366299e-01  -6.6384481e-01   9.7783650e-01   3.8977277e-01   2.0137890e+00
   1.0000000e+00  -1.0722152e+00   8.4133189e-01   1.8577094e+00   7.1611325e-01   6.9569593e-01   2.3007033e-01  -2.1123815e+00  -1.3827322e+00  -5.5115470e-01   1.1867159e+00  -8.0898587e-01   3.8405717e-01  -1.0244435e+00  -1.1497687e+00   4.6537906e-01  -7.2559360e-02  -4.4147197e-01  -4.4198580e-02
   2.0000000e+00   8.1861988e-01   1.4125383e-01  -4.7454129e-01   5.8292746e-01  -2.8158313e-01  -8.7858715e-01  -7.8482869e-01  -5.0945713e-01   1.1328934e+00  -1.3061028e+00   8.8496558e-01   7.9461505e-01   2.3009888e+00  -5.4212005e-01  -9.4918928e-01   3.5738769e-01  -1.0256473e+00  -1.0035315e+00
   2.0000000e+00   5.1252406e-01   4.8306328e-01   6.3935599e-01  -4.5023688e-01  -1.1419187e+00  -1.2280329e+00  -4.8234083e-01  -1.2154268e+00   4.2162202e-01  -1.5633270e+00   1.1621334e-01   9.5037425e-01   9.2444917e-02   4.7846361e-01  -5.2222962e-01  -1.1445353e+00  -2.4347067e-01  -2.2482216e-01
   1.0000000e+00  -9.5656323e-01   1.4283933e+00  -7.5011174e-01   2.0018686e-01   7.9420264e-01   2.8654540e-01  -6.1284498e-03   4.3827028e-01   6.2026935e-01   4.1103750e-01  -8.4500943e-02  -1.0428056e+00   5.6294614e-03  -5.6309506e-01   1.8226577e-01   1.3273009e+00  -5.1772183e-01  -1.2261159e+00
   2.0000000e+00   1.0693086e+00   1.3242470e+00  -1.0665664e+00   6.7926933e-01  -7.4529087e-01  -1.3841990e-01  -6.1481372e-01  -4.7288412e-01  -6.3878102e-01   8.5930549e-01  -5.4381446e-01  -9.0390883e-02  -1.0118945e-01   9.4260389e-01   4.6091963e-01  -5.8004865e-04   1.0305623e-01   1.0197317e+00
   2.0000000e+00  -4.3784586e-01  -1.0556819e-01   3.4492528e-01   1.4978020e-01   5.8975576e-01  -7.6688880e-01   9.0444337e-01  -4.8450072e-01  -3.0474359e-01  -7.5811492e-01   4.3939657e-01  -1.0837094e+00  -1.0478611e+00  -1.1336283e+00   2.1387044e+00  -1.0435050e+00   1.7237206e+00   5.9801265e-01
   1.0000000e+00   1.5191466e+00  -5.0679171e-03   6.2226089e-01  -1.3940682e+00   1.5031045e-01  -2.1939693e-02   4.1195675e-01  -8.8469539e-01   1.7142502e-01  -1.2834230e+00   2.1009004e-01  -4.8342391e-01  -1.4857317e+00  -2.2858757e+00   1.5395545e-01  -8.6697224e-01  -3.3178623e-01   1.2184499e+00
   1.0000000e+00   4.2565535e-01  -1.4483979e+00   1.1006452e+00  -1.3526672e+00   4.0535635e-01  -3.0140066e-01   4.2956065e-01  -1.4588191e+00  -1.4324072e-01  -1.1657434e+00  -1.3878144e+00   5.7512248e-01  -1.1702123e+00   2.8855197e-01   9.5482894e-01  -2.1854116e-01   2.4887158e-01   6.4932904e-01
   2.0000000e+00   5.7359646e-01   6.9906484e-02  -6.3118523e-01   4.7004102e-02   1.2660728e+00  -1.4237210e+00  -5.7223732e-01   4.8182275e-01   7.7088636e-01  -5.1143166e-02  -7.9292162e-01   9.6076467e-01  -2.9895937e-01  -7.3969538e-02  -1.6186718e+00  -4.2082324e-01   9.7486396e-01  -7.8206137e-01
   2.0000000e+00  -1.4307132e+00  -9.4349205e-01   1.1397655e+00  -1.1664588e+00  -7.9338503e-01  -3.4262762e-02   1.5187504e+00   1.3133121e+00   1.3633851e+00  -4.0958883e-01   2.4266345e+00  -9.7124360e-01  -9.3145251e-01   2.4721401e+00   1.8836586e+00   2.0782431e+00  -3.4432393e-01  -6.0852281e-01
   1.0000000e+00   1.6101908e+00   1.2959756e+00  -4.8173203e-01  -1.4073799e+00   4.6945338e-01  -4.7018125e-01  -2.8285272e-01   1.8218114e+00   7.0755118e-01  -1.2149937e+00   5.0136297e-02  -1.0078064e+00  -3.3688879e-01   1.0550439e+00  -1.0651419e+00  -1.4322063e+00   4.9044435e-01   9.1029470e-01
   2.0000000e+00   3.9888148e-01  -1.3606725e+00   8.6600393e-01   1.1325732e+00  -5.2733530e-02  -1.2360921e+00  -2.1904915e-01   1.0129897e+00  -2.8742837e-01  -2.4464579e-01  -4.9425289e-01  -4.9707769e-01   2.4894826e-01   1.8001867e+00   1.4182275e+00   7.9530414e-01  -3.5490446e-01  -1.1355106e+00
   1.0000000e+00   3.4371620e-01  -3.0417109e-01  -8.7177544e-01   3.9550084e-01   3.9854064e-01   1.0292327e+00   9.8539384e-01  -1.0347797e+00  -9.3607562e-01  -3.1508202e-01   1.3881180e+00  -2.9493952e-01   7.8397639e-01   1.6659706e+00   8.8679767e-01  -1.0205581e-01   1.0939237e-01  -4.7033372e-01
   2.0000000e+00   5.8031705e-01   3.6273998e-02   8.8249158e-01   8.1242587e-01   1.2276636e+00   5.2469511e-01  -2.6872497e-01  -1.8433824e+00   1.1512064e+00  -8.4798645e-01  -5.7807946e-01  -1.3636936e+00  -1.8495304e+00  -4.0331831e-02   1.2850428e+00  -4.9887158e-01   1.3005555e+00   7.6621904e-01
   1.0000000e+00   7.4141692e-01   1.9775908e-01  -8.6680517e-01   1.3526463e+00   5.9822480e-01  -3.3225089e-01  -1.1179878e+00   5.9486099e-01   7.0645761e-01  -7.0388125e-02  -7.0445672e-02   8.1978776e-01   5.8959026e-01   8.0528611e-01  -4.7923831e-01   1.4153572e+00   5.6638274e-01   6.3930622e-01
   2.0000000e+00  -1.2458176e+00   2.8795409e-01   1.1601200e+00  -8.7082349e-01  -9.0016713e-01   6.9735354e-01   9.8609161e-01  -2.6915979e-01  -9.8223156e-01   1.8581346e-01   2.1068488e-01  -1.2148726e+00   5.1332517e-02  -7.1049000e-01  -1.1034597e+00   4.3465187e-01   1.2023614e+00  -3.5949775e-01
   1.0000000e+00   5.1627634e-01  -3.6433472e-02  -7.1020996e-01   1.5843692e+00   4.5870817e-01  -1.9133850e+00   1.3914937e+00  -2.7612512e-01  -1.0853708e+00  -2.9651903e-01   8.2696922e-01   1.9668963e+00  -4.5366949e-01  -3.5619572e-01   9.1975838e-01   7.4785155e-02   1.6681020e-01  -3.8803338e-01
   2.0000000e+00  -3.7927429e-01  -1.3754673e+00  -3.0607224e-01  -4.6245702e-01  -6.3630395e-01   9.8268828e-01   5.6443972e-01   1.0789829e+00  -9.9790741e-01   1.7899470e-01   2.7066176e+00   9.4785697e-01   3.3844198e-02   1.5343413e+00  -2.5751666e-02   7.3485908e-01  -1.5921686e+00   1.6211389e+00
   2.0000000e+00  -1.3015375e-01  -1.4675587e+00   8.5036023e-01   4.8770313e-01  -8.5441521e-01   7.0598919e-01   6.0220073e-01   8.6996125e-02  -3.4192273e-01   3.7642709e-01   2.2790937e-01  -1.1692891e+00  -1.1556287e+00   7.1830428e-01   1.4322667e-01   1.5434559e-01   8.0203317e-01  -3.3865357e-01
   2.0000000e+00   7.7431907e-01  -1.0843139e+00   9.9386495e-02  -4.0194974e-01  -8.8272749e-01  -1.6934637e-01  -2.6141521e-01   1.4353132e+00   5.3061102e-01  -6.1172716e-01  -9.4836512e-01  -3.2470322e-01   2.2424751e+00  -4.7058221e-01   3.4026408e-01  -2.1275470e-02  -2.0755489e-01   4.5553257e-01
   1.0000000e+00  -1.9170163e-01  -7.7762140e-01   1.8514850e-01   4.7765521e-01   5.5628053e-01  -4.2583381e-02  -9.9469950e-01  -1.0048661e-02   1.1464349e+00   1.4373600e+00  -7.6969929e-02  -8.2378110e-01   8.4634231e-01  -6.5103594e-01   6.6166194e-01  -2.4851203e-01   2.5331706e-01   3.3906867e-01
   2.0000000e+00  -4.3349906e-01   2.4879607e-01   5.2067178e-01   1.2025870e+00   7.7730252e-01  -3.8923663e-01  -4.2615380e-01  -7.1288493e-01  -1.2052537e+00  -8.1736156e-01   7.3190381e-01   9.1722001e-01  -1.6299688e-01  -1.8555364e+00   1.0077657e+00  -2.6556329e-01  -7.8483891e-01  -8.6560516e-01
   2.0000000e+00  -1.0264358e+00   7.4031177e-01  -1.1218225e+00   7.1895801e-01   9.7457459e-01   9.7801861e-01   6.5493364e-01   2.6738342e-01  -7.7702450e-01   5.7835082e-01  -1.2959214e+00  -1.0391169e-01   1.8675917e-01  -8.6698882e-01  -1.8405131e+00  -9.2016091e-01   9.5280663e-01   1.6787503e-01
   2.0000000e+00  -3.3632014e-01   2.0283486e+00  -2.0150227e+00   1.9329877e+00  -1.0826020e+00   1.5768671e+00  -5.5139582e-01   1.4434528e+00  -3.8784775e-01  -1.3935620e+00  -2.2371900e-01  -4.1867728e-01   4.6752375e-01  -1.7094151e+00   8.2554863e-01   7.6155684e-01   2.5367662e-01  -1.4620398e+00
   2.0000000e+00   1.6058574e-01   3.3568682e-02  -1.1898245e+00  -2.5994717e-01  -1.7865020e+00   6.9000300e-01  -8.4899706e-01  -2.8748502e-01   4.4377566e-02   2.0973080e+00  -1.8901552e+00  -4.8274201e-01  -5.8011234e-01  -4.2996509e-01  -1.5979058e+00  -1.7146744e-02   1.4801683e+00   5.7327916e-01
   1.0000000e+00   1.1488989e+00   9.5651962e-01   1.2530480e+00   3.4057329e-01   8.7461530e-01  -6.2660158e-01   3.5197909e-01  -7.3224134e-01   3.9542199e-01  -9.9095226e-01  -1.4965544e-01   5.3103986e-01  -1.7794465e+00   2.7705502e-01  -1.6562457e+00  -1.1261952e+00  -1.0895343e-02  -6.5928752e-01
   2.0000000e+00   5.4061581e-01   2.0920062e-01   5.7317376e-01  -6.9833840e-01   9.7561177e-01  -3.8868447e-01  -2.1804909e+00  -8.4320026e-02  -9.7905098e-01   4.0608762e-01   1.3785280e+00   2.8094273e-01   5.6678259e-01  -4.1920503e-01  -1.1290795e+00  -2.3609891e+00  -6.9146071e-01  -5.7429347e-01
   2.0000000e+00  -1.8455077e+00  -1.7853634e-01   1.1684485e+00  -6.4823703e-01  -1.6643333e-01   2.1134557e+00   6.1273928e-01  -4.0645187e-01   1.4889595e+00  -1.4408767e-01  -5.2202603e-01   1.8679912e+00   8.0999341e-01   2.5732230e+00  -7.8260975e-01  -9.1174773e-01   5.1951109e-01   4.0024390e-01
   2.0000000e+00   4.0210769e-01  -4.0132905e-01   7.5076788e-01   2.9784203e-02  -1.2169481e+00   4.0220020e-01   2.0344221e+00  -1.0473351e+00   2.7139186e-01  -6.1504558e-01   6.5419387e-01  -8.2888936e-01  -1.5413577e+00   7.3879184e-01   1.1486276e+00   8.1566079e-02   1.2367007e+00   6.9072528e-01
   2.0000000e+00  -2.9841089e-01   1.7019325e-01   5.2496922e-01   1.2407639e+00  -1.5439747e+00  -7.4824088e-01   1.3758876e+00  -1.0343147e+00  -5.3439508e-02  -7.0447344e-01  -1.2234717e+00   5.0555860e-01   1.1465888e+00  -8.9106954e-02   2.1231278e+00   1.1409728e+00   7.5021756e-01   3.0666949e-01
   2.0000000e+00  -1.6428671e+00  -3.5688684e-01  -8.8490746e-01  -7.1400968e-02  -1.2352282e+00  -4.4210099e-01   1.9820300e+00   5.2766563e-01   1.6012026e+00  -8.0698527e-01   2.3793121e-01   6.4451141e-01   1.2477128e-01   1.6501042e+00   6.9943467e-01  -6.1649730e-01  -7.6223365e-01  -1.1398150e+00
   2.0000000e+00   1.3341186e+00  -1.3157624e+00  -2.0865487e-01   1.3036011e+00  -1.1269722e+00   1.5144988e+00   1.4912611e+00   5.9466390e-01   8.1885250e-01   1.4831197e+00  -3.1005160e-01   1.5958835e-01   1.1134644e+00  -5.2308821e-01  -1.1531539e+00  -5.9920405e-01   1.3509327e+00   5.4573690e-01
   2.0000000e+00  -1.2098004e+00  -7.1213885e-01   1.7373593e-02   1.2989498e+00  -3.0232606e-01   2.7813768e-01  -3.4751554e-01  -9.9246669e-02   5.6774040e-01  -4.0316904e-02   4.3992429e-01  -1.1176612e+00   1.2009613e+00   1.2040262e+00  -1.0546131e+00   5.1892532e-01  -1.1897685e+00   1.1027183e+00
   2.0000000e+00   1.1502728e-01  -2.0894091e+00  -8.7720388e-01  -3.7511063e-02   5.2442564e-01  -1.0938198e+00  -8.3748538e-01   1.2914703e-01   9.0549762e-01   7.8076115e-01   4.8885432e-01   6.6273777e-01  -9.0506869e-01   6.0536546e-01  -1.3685407e+00  -1.8325098e-01  -1.9327520e+00   1.8061223e+00
   1.0000000e+00  -6.0359654e-01   1.8971393e-01   4.1577799e-01   1.5821351e+00   5.3575854e-01  -3.8976380e-02   1.2401532e+00  -1.1497683e+00  -1.4745735e+00  -5.9468102e-01  -2.1306136e-01  -1.0810704e+00   5.2026020e-01  -3.5495934e-01   1.1534782e-01  -4.3236857e-02   5.6151652e-01  -9.1186279e-01
   2.0000000e+00   1.2802853e+00   2.7811551e-01   9.5625887e-01   6.3295270e-02  -4.5237198e-01  -1.0855058e-01   2.2707840e-01  -1.7218110e+00  -7.2820351e-01   9.7404430e-01  -3.1085237e-01  -1.2328344e-01  -2.5007899e-02   1.4225765e+00   1.6584414e+00   1.8368675e-02  -6.2678755e-02  -4.6906066e-01
   2.0000000e+00   8.7001836e-01   2.3543896e+00  -2.5693888e-01  -1.6952727e+00  -2.4727441e+00   1.2573998e+00  -1.0616453e+00  -3.6166321e-01  -1.4232211e+00   6.0226051e-01   1.4009191e+00   1.0007091e+00   1.3537345e-01   1.4372242e+00  -1.0044798e+00  -1.5994508e-01  -6.5619849e-02   8.3449191e-01
   2.0000000e+00   1.6027803e+00  -5.0211820e-01   2.1443609e-01  -1.6940428e-01  -1.3397641e+00  -3.7867624e-01  -7.8403898e-02   8.2439197e-01  -8.4118259e-01  -7.6750213e-01  -1.2702518e+00   1.5752775e-01  -5.7764147e-01  -8.4620926e-01   1.5145453e+00   1.3872342e+00   9.8411335e-01  -1.2754274e+00
   1.0000000e+00   7.0805520e-01  -9.3829254e-02   7.4859988e-01   2.3949690e+00   4.2718777e-01   5.0970428e-01  -3.4357945e-01  -5.5941211e-01  -1.8251898e+00  -9.0866527e-01   9.1265594e-01   2.0808255e+00  -1.1408079e+00  -5.3630183e-01   6.4327980e-01  -1.2079027e+00   8.1329412e-01  -6.9443931e-02
   1.0000000e+00  -2.4820751e-01  -6.9856109e-02   1.1962100e-01  -1.8869591e-01   1.4562178e-02  -1.3111115e-01   1.9548558e+00   4.4567398e-01   1.0224763e+00  -1.0488190e+00  -1.1669946e+00   8.9069153e-02   9.5328204e-01   2.3249594e-01   2.7097697e-01  -9.6076561e-01   8.7137486e-01  -1.7742259e+00
   2.0000000e+00  -1.8944382e-01   6.0674666e-01  -1.4924515e+00  -5.5357460e-01  -6.7433255e-03   1.1112620e+00  -9.1452722e-01   1.4347664e-01  -5.8890738e-02   1.4012215e-01  -6.7865580e-01  -7.1281764e-01   4.6227179e-01  -1.9164815e+00   2.0026758e+00   2.2429998e+00  -7.0309449e-01  -1.1321105e+00
   1.0000000e+00   1.2108903e+00  -1.0871372e+00  -1.0511995e+00   9.9975757e-01   5.4265363e-02  -3.7331000e-01   4.3244945e-01  -1.7224166e-01   1.1787563e+00   1.2705602e-01  -1.9429322e+00   9.5127996e-02   7.6457685e-01   1.9157049e-01  -1.6812372e-01  -9.8830367e-01   6.2840372e-01   1.0499187e+00
   2.0000000e+00  -5.9322099e-01   1.1230305e+00   6.6606146e-01  -1.2016782e+00  -1.8204114e-01   3.9288387e-01  -3.4455214e-01   3.2391737e-01   7.9001302e-01   1.7981892e+00   2.2698679e-01  -1.7634788e-01   8.0995498e-01  -7.7907276e-01  -1.0046986e+00  -3.2681887e-01  -2.3650219e-01  -1.4270899e+00
   2.0000000e+00   5.0374660e-01   7.7992541e-01   3.2732865e-01  -6.8547128e-01   1.9161944e+00   6.3027172e-01   6.1740064e-02  -9.5145800e-01   9.3615404e-01  -7.1109176e-04   2.1191633e-01  -1.9005343e+00  -4.8735809e-01  -1.3959267e+00  -1.4116397e-01  -2.1630673e+00  -8.7186616e-01  -1.2836918e+00
   2.0000000e+00   6.1094151e-01   9.4937718e-02  -1.1918016e+00  -2.1689204e+00  -1.0416597e+00   2.6097142e-01   9.1107659e-01  -6.7395818e-01   1.6330436e+00  -4.1644526e-01   1.5182240e+00  -1.1111568e+00  -4.9654960e-02  -3.7860983e-01   3.5741259e-01  -1.0289210e-01  -3.2966069e-01   6.8772282e-01
   1.0000000e+00  -6.5160226e-01  -2.6356343e+00  -4.2159822e-01   1.9956874e+00   5.9087397e-01   9.8806802e-02  -3.0733032e-01   3.0451361e-01   9.1017088e-01   1.7220791e+00   6.6693731e-01  -2.2340777e+00  -4.0956935e-01  -3.3968062e-01   4.7074009e-01   3.8326435e-01   5.2574584e-01  -9.0566328e-01
   1.0000000e+00  -6.8144339e-01  -9.9117744e-01   1.6724273e+00   1.2693826e+00   2.3590003e-01  -6.3973813e-01   1.2128347e-01   1.5429165e-01   1.5408681e+00  -1.5328107e+00  -1.0794342e-01  -4.9521939e-01  -6.1491830e-01  -2.2842596e-01   1.2439328e+00  -1.4534794e-01   7.4409096e-02  -5.7357313e-01
   2.0000000e+00   8.0574654e-01   1.2471257e+00   3.0540383e-01   1.2591060e+00  -1.5787314e-01   1.4654849e+00   1.4462098e+00  -1.6440409e+00  -6.1395321e-01  -1.4629190e+00   8.3250493e-01  -3.3366155e-01  -6.5057776e-01   2.5439605e-01   2.0640880e-01  -9.2153361e-01  -6.7094026e-01  -1.9147239e-01
   1.0000000e+00  -2.2502679e-01  -2.8622673e-01   7.1337764e-01   8.2835843e-01   2.5618558e-01  -1.8036908e+00   1.0598007e-01   5.4286947e-01  -4.0241365e-01  -3.1172725e-01  -5.7042473e-01   2.8437676e-01   1.1999732e+00  -2.4212236e-02   1.5029814e+00  -6.6909135e-01  -9.1394489e-01   1.5033682e+00
   1.0000000e+00   1.3846125e+00  -6.1968125e-01  -4.9332884e-01   1.2372428e+00   7.5403935e-01  -3.0353479e-01   6.4932856e-01   4.9268745e-01  -1.1092509e+00  -2.2770754e+00   1.9884391e-01   2.1132775e+00   4.6593130e-01   2.9421251e-01  -4.6799420e-01   6.6181093e-01   6.2199092e-01   1.4268676e-01
   2.0000000e+00  -4.4146635e-02  -1.2170871e+00   5.0979053e-01   8.0068954e-01  -5.6923629e-01  -4.7588706e-01   2.4175137e-01  -6.9438052e-01  -8.3102284e-01   3.0885059e-01   1.0593621e+00   4.0304895e-01   6.9700408e-01   8.6963114e-02   4.4246510e-01  -2.0506837e-01   1.4728248e+00   3.3635076e-01
   2.0000000e+00   7.7616512e-01   1.5345906e+00  -5.1854421e-01  -8.7906500e-01  -8.9357349e-01  -9.2630032e-01  -5.9789806e-01  -3.3752377e-01  -3.3135868e+00  -1.5388939e+00   2.5774311e+00  -6.0594177e-01   7.7459092e-01   7.7754626e-01  -2.0858177e+00   3.4342150e-01  -1.2193109e+00  -1.3362245e-01
   2.0000000e+00  -5.8285088e-01   3.0143624e-01   2.0198353e-02   1.9701735e-01   9.9610313e-01  -2.6115915e-01   3.2658250e-01   1.7189868e+00  -1.7634932e+00  -1.3228981e+00  -2.8910368e-01  -6.1768751e-01  -4.8718633e-01  -1.7976859e-01  -3.1290568e-01   1.9862661e-01   1.8478946e-01  -1.6032362e-01
   2.0000000e+00   1.7338479e+00  -1.8926400e-01   3.0428826e-01  -5.8184380e-01  -5.3728125e-01  -1.0092123e+00  -8.1885997e-01   1.2070282e-01  -6.0282507e-01   3.3700320e-01   1.6112266e+00   7.7755508e-01  -4.7608044e-01  -1.5328505e+00  -1.3198001e+00  -5.6478068e-01   2.2521075e+00   1.7430973e-01
   2.0000000e+00   9.6805594e-01  -6.3345843e-01  -2.4104440e+00   2.7539347e-01   9.0975754e-02  -4.3843870e-01   1.1052321e+00   6.1231872e-01   2.0155604e+00   4.1274353e-01   4.8432010e-01   1.1221990e+00  -1.9078712e+00   1.3400758e+00  -3.3345091e-02   9.5564509e-01  -1.4968391e+00   7.4706272e-01
   1.0000000e+00  -1.1027722e-03  -6.5490885e-01   8.6506216e-01  -1.2257877e+00   1.6326495e-01  -1.3972659e-01   6.0742363e-01   6.4660142e-01   6.4517568e-01  -1.1543096e-01  -7.2068928e-01   8.0601665e-01   5.8296062e-01   1.6004284e+00  -8.5455303e-02  -1.9264908e+00   6.2398325e-01  -1.0704425e+00
   2.0000000e+00  -5.7665512e-01  -1.3445368e+00  -8.6875485e-01  -1.1812181e+00  -1.1442601e+00   7.4667340e-01  -8.9151755e-02  -9.0986399e-01  -1.2266549e+00  -1.5978359e+00  -1.4946546e+00  -3.7201070e-01   8.8652677e-02  -1.5104086e+00   6.8225981e-02   1.4776768e-01   2.8559598e-01  -2.8362305e-01
   2.0000000e+00   9.2781338e-01   5.1709364e-01  -7.5358370e-01   4.0279933e-01   3.7412052e-01  -8.3078358e-01   8.7069069e-02   3.9677995e-01  -9.9543748e-01   1.0772020e+00   1.6478391e+00  -2.3874989e-01  -9.2039470e-01  -9.0476348e-01   3.0687036e-01   2.6791970e-01   1.4489661e+00   7.2705627e-01
   1.0000000e+00  -4.0347378e-01  -1.9140013e-01   5.1664528e-01  -7.5378738e-01   8.5345328e-01   1.2910204e+00   8.3827423e-01   6.2370114e-01  -3.6880635e-02  -1.1753806e+00  -5.0016735e-01   5.5144590e-01  -4.7347840e-01   5.6708822e-01   4.1614752e-01  -3.1487254e-01  -2.0188169e-01  -6.7330027e-01
   2.0000000e+00  -3.5964855e-01   1.3859016e+00  -3.3215839e-01  -7.1637965e-01   9.4044111e-01  -3.1541870e+00  -1.1802572e+00  -6.7313405e-01   6.0606319e-02  -1.8447375e-01   1.1789597e+00  -8.9359095e-02   6.7263883e-01   1.7191455e-01  -1.4203970e-01   7.7115645e-01   6.0882351e-01   2.5611332e-01
   1.0000000e+00   2.4939940e-01  -6.6955164e-01  -9.3392584e-01  -1.3142245e-01   5.2080096e-01  -1.0927408e+00  -5.6875640e-01  -2.9675425e-01   1.3565731e+00  -2.4796508e-01  -8.5178344e-01   3.4745465e-01   1.7623547e-01  -7.5723532e-01  -6.4703080e-01   1.6849227e-02   1.9710723e-01  -1.8951530e-01
   2.0000000e+00  -8.1555056e-01  -6.8527054e-01   2.0856842e+00   1.5506148e+00  -1.1210233e+00   1.1573488e+00  -7.8676810e-01   1.0754935e+00   1.0496051e+00  -1.8082038e-01   9.4038824e-01  -1.3396765e+00  -5.9485452e-01  -1.2419652e+00   4.1602607e-01   9.4971527e-01  -1.0765189e+00   1.4762250e+00
   2.0000000e+00   2.9585135e-01   4.6677933e-01   2.1194653e+00  -7.9927270e-01  -3.1860564e-01   2.3387240e+00   8.7286041e-01   2.1608944e+00  -5.0252805e-01  -8.9378174e-01  -1.1811453e+00   4.8048264e-01   1.2942218e+00   3.7991168e-01   5.4909602e-03  -1.1360580e-01  -5.9589172e-01  -6.5625457e-01
   1.0000000e+00   7.8907572e-01  -5.0757517e-01   7.1232978e-01  -4.5786148e-01   2.7756795e-01  -1.1935017e+00  -1.9484245e+00   9.2636864e-03   1.0206914e+00   1.6805859e+00   6.8884163e-01   7.0105812e-01  -5.2764355e-01  -7.6374480e-01   1.5346365e+00  -1.0788315e+00  -2.3595172e-01  -9.9225481e-01
   2.0000000e+00  -5.6707095e-01   3.4007237e-01  -2.6354120e-01  -6.7048515e-01   1.5232903e+00   1.4728596e+00  -1.2577064e+00   6.3749348e-01  -1.1596012e-01   6.9202598e-01   4.4744979e-01   1.6821584e+00   1.0738175e-01  -1.6026998e+00  -1.1169812e+00  -1.2876178e+00   9.7123105e-01   2.7377547e-01
   2.0000000e+00   1.9049561e-01  -2.8584323e-01  -9.4934302e-01   6.1011056e-01   1.3973379e+00  -2.4058870e-01  -9.6530484e-01   3.3196872e-01  -7.9123067e-01   3.5539814e-01   4.2773880e-01  -8.3843487e-01  -9.4375591e-01   4.1593424e-01   3.1572162e-02  -1.1077297e+00   5.5093174e-01  -2.4020217e+00
   2.0000000e+00  -1.9319186e+00   6.8895331e-01   1.6349904e-01   9.2387153e-01  -1.7229139e-01  -3.6115237e-01  -1.4008026e+00   4.9162711e-01  -2.5193720e-01   8.2146416e-01  -9.1371550e-01   7.3174083e-01   9.0672953e-01  -3.5962514e-01  -1.3456535e+00  -1.4323022e+00   1.1488606e+00   9.2801196e-01
   1.0000000e+00   4.6935618e-01   5.7584442e-01  -7.2648885e-01  -7.9367960e-01   7.7142664e-01  -5.9486905e-02   2.2979948e+00   2.3993360e+00  -1.2960520e-01   1.9713931e-01  -5.6233193e-01   1.0662403e-01  -3.7175096e-01   1.0897089e+00   1.1538636e+00   1.3788892e+00   2.2729669e-01   2.3095213e-01
   2.0000000e+00   1.0293883e-01   4.6134111e-01   1.7559157e-01  -1.5579074e+00  -4.7936145e-01   9.7010185e-01   7.3997412e-01  -1.5634365e+00   1.3148973e+00  -1.2987582e+00   3.2649282e-01  -7.4060921e-01   1.4024881e+00  -1.4881977e-01  -3.4934588e-01  -2.8041513e-01  -4.4786378e-02   8.8298325e-01
   1.0000000e+00  -1.4775310e-01  -1.2527457e+00  -8.8885329e-01  -1.4741144e+00   5.2609807e-01  -1.4495522e+00   7.3529476e-02  -3.8077002e-01   8.0909051e-01  -8.8563391e-01  -1.6911177e+00  -1.1900060e+00  -2.5316209e-01   2.1439498e+00   8.1575672e-01  -1.4457430e+00  -1.7239712e-02  -4.8430923e-01
   2.0000000e+00  -2.0799591e+00   5.4543700e-01  -1.1656350e+00  -3.2407381e-01   1.0461433e+00   2.4401314e-01  -1.3601468e+00   7.2471564e-01   6.3494202e-01  -1.6406252e+00   1.3186439e-01  -5.5294257e-01  -2.4704642e-01  -1.2678544e+00   2.0903978e+00   7.0013159e-01  -1.5392280e+00   6.4002367e-02
   2.0000000e+00   3.2845057e-01   7.2088449e-01  -3.2411419e-01  -2.9421631e-01  -3.7200697e-01  -1.1063839e+00   9.1661788e-01   9.4038063e-01  -6.7497749e-01  -2.5018949e-01  -7.0796168e-02  -5.9647472e-01   6.0444875e-01   2.3033482e+00  -5.7618330e-01   2.5328896e+00   4.0711131e+00   2.0887725e+00
   2.0000000e+00  -6.3545731e-01  -2.2155870e-01  -1.8765355e+00   5.9032956e-02  -2.1054584e+00   1.8915260e-01   1.1019163e+00   9.9612429e-01  -1.2721153e-01   3.1819012e-01  -1.1162528e+00   1.0495194e+00  -8.4989192e-01  -1.9112212e+00  -2.5288115e-02  -7.3816852e-01  -3.4584060e-02  -4.4823084e-01
   1.0000000e+00   1.5873545e-01  -5.6829460e-01  -1.5919097e+00  -7.4859551e-01   5.0770028e-02   3.6370283e-01   1.8357452e+00  -3.2906302e-01   5.9285159e-01  -3.2640547e-01  -9.2701193e-01  -6.9538822e-01  -1.0112696e+00   4.0685936e-01   3.0499282e-01   1.1298642e+00  -6.9889708e-01  -1.8322693e+00
   2.0000000e+00   8.7779185e-01  -1.8063662e+00  -8.8572731e-01   2.2631923e+00  -3.2759042e-01  -3.0146597e-01  -1.2304833e+00   3.1926040e-01  -8.3012557e-01  -4.3512638e-01   2.6582613e+00   3.6268486e-01  -4.2852477e-01  -9.9632112e-02   1.6924311e+00   7.2860591e-01   1.0169569e+00   9.3761541e-01
   2.0000000e+00  -3.1773766e-01   4.2623669e-01   5.9102934e-02   1.0232227e+00  -4.4640933e-01  -5.8091316e-01  -1.7604316e-01  -1.2106514e+00  -5.1115957e-01  -1.4730321e+00  -1.1994899e+00   7.2525672e-02  -6.3617734e-02   5.0614669e-02   4.5953758e-01  -3.6645072e-01   8.2442072e-01  -7.0899886e-02
   2.0000000e+00   1.0772611e+00   1.3794974e-01  -1.9262491e+00   2.5170635e-01  -1.7770320e-01  -1.2407957e+00  -6.0393862e-01  -1.1583871e-01   5.7487657e-01   1.3800998e+00  -2.0795095e-02   6.4161640e-01   7.0507051e-01   2.4215976e-01   1.0271858e+00   8.8417828e-01   9.9705488e-01   1.2935025e+00
   2.0000000e+00   3.1806542e-01  -7.0771617e-01   1.2332555e+00   2.1459649e+00  -2.0777563e+00   3.0768062e-02  -1.8868360e+00  -1.9124182e-01  -6.7489049e-01  -8.2168685e-01   2.9559630e-01  -3.5054070e-01   2.5217944e+00   9.7037232e-01  -1.2542325e+00  -4.6244684e-02  -2.6724754e-01   1.5009760e+00
   1.0000000e+00   1.9180532e+00   1.8343372e+00   1.1390471e+00   4.0875239e-02   1.7275426e-01   2.7910118e+00  -6.0587994e-01  -1.1849663e+00  -1.8171172e-03   2.5992773e+00   1.3192673e-01  -5.4966915e-01  -2.6851360e-01  -1.2503024e+00  -1.1515761e+00  -5.7817862e-01  -6.7622079e-01   1.6223863e+00
   2.0000000e+00   1.4185733e+00   4.5255433e-02  -6.5555650e-01  -3.8139646e-02   1.3667339e+00   9.1624567e-01   9.4654818e-01   1.6684694e-01  -4.8794763e-01   3.2567068e-01  -5.9890822e-01   9.6371739e-01  -5.1394780e-01   8.3560723e-01  -5.8598971e-01  -1.2891868e+00   6.3723023e-01  -8.5262459e-01
   2.0000000e+00   6.5637392e-01   5.3460422e-01  -7.6650131e-01   3.3367273e-01   1.9518916e+00   5.3789625e-01   6.5956531e-01  -1.0153269e+00  -1.0543792e+00  -1.3622704e+00  -8.3979452e-01  -2.7865014e-01   2.6375611e-01   2.6264418e-01   7.0025047e-01  -2.2442688e+00   1.3489587e+00  -7.1037238e-01
   2.0000000e+00  -1.4196823e-01  -8.9337437e-01   6.2961299e-01  -9.8290577e-02  -2.5600661e-01   4.8414497e-01   1.6183200e+00   3.4235669e-01   2.6324210e+00   1.7454454e+00  -2.5976952e-01   3.0928195e-01   2.6064545e+00  -1.4172533e+00  -1.5832066e+00   9.3571604e-01   1.1546528e+00   1.2382639e+00
   2.0000000e+00  -3.1982014e-01  -1.1496186e-01   3.7016405e-01   5.3777140e-01   1.0524961e+00   1.4352323e+00  -5.0626317e-01   1.2782888e+00  -4.3244856e-01   1.0466842e+00  -1.4684732e-03  -1.0012389e+00   2.2968481e+00  -3.5517944e-01  -2.4670823e-01   3.6133753e-01  -4.1982712e-01  -1.5152156e-01
   1.0000000e+00   1.0762722e+00  -7.1432397e-01   5.8994451e-01  -9.9846568e-01   3.1624502e-01   3.5409034e-01   1.3933811e+00   1.1772277e+00  -9.4752999e-02  -1.0956318e+00  -3.3226346e-01   1.7030658e+00   1.1546926e-01  -4.7556306e-01  -2.2933835e+00  -8.2990651e-01  -2.4415731e-01  -1.2100414e+00
   1.0000000e+00   2.2540273e+00   9.5968511e-01   3.2370438e-01   1.0490505e+00   6.6489891e-01  -4.7817658e-01  -2.3804443e-01   1.4896399e+00   3.2551443e-01  -8.8384388e-01  -1.5128066e-01   4.5007025e-01  -1.5306213e-01   2.2851079e-01   1.3158012e+00   1.3272061e+00  -5.0908765e-02  -1.3436491e+00
   1.0000000e+00   5.0803777e-01  -5.1673511e-01   8.1996006e-01  -1.2817617e+00   7.0217121e-01  -4.6719523e-01  -8.1372338e-01  -2.1150651e+00   4.0779634e-01  -9.6205358e-01   6.9810562e-01   6.8292796e-02   6.4458150e-01   1.7758570e+00  -6.6477850e-01  -4.7561501e-01   2.6901866e-02   1.7289137e+00
   2.0000000e+00   1.5806043e+00   6.6203397e-01   1.1828587e+00   8.8787902e-02   1.1495233e+00  -3.6813897e-01  -7.3983619e-01  -8.8236047e-01  -6.7996147e-01  -1.2662514e+00   1.1363752e+00  -3.1783171e-01   1.9428778e-01   1.7443471e+00  -8.5839895e-02   1.2429316e-01   4.7477072e-01  -2.7796880e+00
   1.0000000e+00  -5.4416470e-02  -2.0555006e+00   2.9299005e-01   9.4513260e-01   3.2276141e-02   8.4200246e-01   8.2964176e-01   4.8455535e-01   1.3555632e+00  -8.2813429e-01  -1.5019065e+00   4.9965703e-01  -1.8184267e+00   8.1402367e-01  -1.0230758e-01   5.1117010e-01   1.6342291e-01  -8.5143859e-01
   2.0000000e+00   9.2037648e-01  -9.4609724e-01   2.6367427e-01  -5.8451682e-01   3.0348007e-01   2.1808363e-01   8.3360271e-01  -8.2484579e-01  -8.9383610e-01  -1.1087566e+00  -1.4945885e+00   4.8400534e-01  -6.7826004e-01   6.0273585e-01  -2.0676536e+00  -1.0996942e+00   1.4404387e+00  -5.7414712e-01
   2.0000000e+00   7.0698157e-01   3.7432461e-01   1.0985748e-01   5.0730336e-01   1.7567048e+00   1.1373347e+00   7.6141961e-01   6.7574702e-01  -1.3939625e+00  -1.6906951e-01   1.6943884e+00  -5.0316909e-01   1.0496439e-01   4.7563178e-01   5.4211179e-01   1.4844559e+00  -1.9291988e+00  -4.4130111e-01
   2.0000000e+00   4.3201128e-01   7.4439140e-01  -2.6382090e+00   9.7830791e-01  -1.0530190e+00  -4.0032527e-01   1.1976125e+00   1.1499129e+00   2.2251011e+00  -3.3789193e-01   6.9569834e-01   2.4493876e-01  -1.5339165e-01  -3.7646008e-01   1.0252029e+00  -1.2294914e+00   2.4355560e-01  -9.3342355e-01
   1.0000000e+00  -6.7611670e-02  -1.5710106e-01  -7.9556481e-01  -2.3206281e+00   6.1443320e-01   6.9980903e-01   9.4058965e-01  -1.6633586e+00   3.7683167e-02  -1.3551595e+00   2.7129774e-01  -1.9345931e+00   8.1958793e-02   1.8598250e+00   8.0272489e-01  -1.0253699e+00   2.3983173e-01   8.9048687e-01
   2.0000000e+00   1.4990980e+00   9.6571766e-01   5.4119956e-01  -5.3942100e-01  -1.3987294e+00  -9.4414771e-02   1.0294971e+00   3.1150435e-01  -1.2605666e+00   1.7630217e+00   1.5093131e+00  -1.1554978e+00   1.5450965e+00   9.7511468e-01   1.5929546e+00  -2.9039969e-01   2.9481140e-01   2.2051809e-01
   1.0000000e+00  -2.4189122e-01  -3.7944429e-01  -7.5976870e-01  -5.9053992e-01   4.8120430e-01   9.3790095e-01   2.7716117e-01  -7.5735574e-01   3.6142993e-01  -2.4070495e-01  -2.7834642e-01  -1.0462304e+00  -1.3440784e+00  -1.2379796e+00  -7.5371058e-01  -3.2036507e-01  -6.7078448e-01  -2.3071191e-01
   1.0000000e+00  -3.8988413e-01  -7.1446316e-01   8.1715893e-01   1.1214488e+00   4.6282555e-02   7.7860484e-01   8.9976621e-01   9.3081169e-02  -1.5901271e-01  -9.7816425e-01  -5.1828615e-01  -1.4116597e+00  -2.9394244e-02   7.2727896e-01  -1.3954302e-01   8.0694793e-01  -5.6906127e-01   1.2176183e+00
   2.0000000e+00  -7.2508312e-01  -1.3277359e-01  -9.3599241e-01  -5.5865771e-01  -7.6445730e-01   1.5634758e+00   1.6263768e-02  -1.4294014e+00  -1.8373398e+00  -2.9679988e-01   1.0053376e+00   5.5348119e-01  -3.3599399e-01  -3.0399461e-01   7.5539004e-01  -1.5014704e+00   2.9873669e-01  -2.1077582e-02
   2.0000000e+00  -8.1896517e-02  -1.8297752e+00   1.7898899e+00  -1.8256010e-01   1.7438581e+00   2.4185238e-01   7.2524528e-01   6.8574248e-01  -9.0748987e-01   4.8632360e-01   1.9401863e-01   9.7651478e-01  -1.2004933e+00   4.4970202e-01  -5.6398045e-02   9.1219183e-01  -7.3633841e-01  -2.0640160e-01
   2.0000000e+00  -1.8778762e-01   1.4583586e+00  -1.0173723e+00   5.8359454e-01   1.2556099e+00  -4.4632455e-01  -1.5835343e+00   1.0279010e+00  -6.6260147e-02  -4.5073521e-01   1.0777623e+00   2.9306597e-01  -1.7206217e+00  -1.5464693e-01   3.0302046e-01  -4.7940216e-02   5.0803882e-01  -4.4948641e-01
   2.0000000e+00   1.3579761e+00   1.4913472e+00   4.0455855e-01  -7.5567656e-01  -9.1384291e-01  -1.2059626e+00  -6.5915973e-01  -2.8880522e-01   5.6518747e-01   1.4182201e+00   4.1818755e-01  -1.1900379e+00   5.8476035e-01   7.7309257e-01  -6.7976046e-01  -1.2002232e+00  -1.0663298e+00  -1.1818871e+00
   1.0000000e+00   5.2996711e-01  -1.7277420e-01  -1.1156739e+00   9.9054307e-01   3.2266515e-01  -1.7244523e+00   4.3929165e-01  -1.8271719e-01  -1.6002965e+00  -4.0464117e-01  -6.7726920e-01   6.2959300e-02   1.2181506e+00   9.9767255e-01   4.3393084e-01   6.5580544e-01   5.1113464e-01  -5.6243753e-01
   2.0000000e+00   1.6356071e+00   1.2418858e+00   7.2888570e-01  -5.9825387e-01  -3.6765996e-01   7.5592255e-01  -2.4236259e-01  -8.3838060e-01   7.2628534e-01  -9.0239117e-01  -8.6106201e-01  -1.3275408e+00   1.2512276e+00  -1.9184850e-01   3.8517484e-01   1.6273481e-01   2.4830148e+00   8.7009988e-01
   1.0000000e+00   7.4818521e-01   2.7631035e-01  -1.7542619e+00   1.0351768e-01   3.8187208e-01  -1.7156282e-01  -1.2250679e+00  -1.3627612e+00  -1.3832216e+00   4.6890728e-01  -1.3820295e+00   7.4883754e-01  -2.9519819e-01  -1.7679003e+00  -3.8630954e-01  -7.7124609e-01   5.7250054e-01   6.2348422e-01
   2.0000000e+00   1.2726985e-01   4.6620634e-01  -1.1956008e+00   3.2740022e-01  -3.8769525e-01   1.5421508e+00  -1.5645641e+00   1.4150169e+00  -1.1340680e+00   4.2419638e-01  -5.4235873e-01   1.2694560e-01   5.9407087e-01   2.3921704e-01   3.0458401e-01  -1.2420621e+00  -1.0015295e+00  -3.7904498e-01
   2.0000000e+00  -9.0099937e-01   5.5620349e-02   1.5283371e+00   5.6614654e-01  -1.8649248e-01  -3.0501667e-01  -1.1719330e+00  -1.6384433e+00   1.8570166e-01  -4.1082629e-01  -1.0642020e+00  -6.8040832e-01   1.7622953e-01   4.2497536e-01  -3.2417303e-01  -3.2885074e-01  -5.6341286e-01   3.0117063e-01
   1.0000000e+00   1.0238762e+00  -4.0609725e-02   2.3889089e+00  -7.1281625e-01   2.9931324e-01   7.0644784e-01   3.4611461e-01  -1.4924979e+00  -5.2719521e-02  -8.1440087e-01   1.0046075e-01  -4.8807339e-01   5.2580659e-01  -1.1254849e-01   6.4413357e-01   3.4179053e-01   1.3634262e-01   8.2458685e-01
   2.0000000e+00   5.0989166e-01  -4.4703894e-01   5.3946393e-01   6.4836104e-01  -1.3309047e+00  -4.7581620e-01   5.9013980e-01  -1.6544674e+00   1.5519735e+00  -1.3443439e-01   1.2140752e+00   3.8637354e-01  -3.2338956e-01   1.1778101e+00  -4.1034245e-02   1.4652155e+00  -3.1275183e+00   7.9472669e-01
   2.0000000e+00  -1.8563346e-01  -5.4980876e-01  -5.2884325e-01  -2.3441292e-01  -1.8690328e+00  -9.2455381e-02  -5.6385080e-01  -1.0036644e+00   6.5172549e-01  -1.0248264e+00   8.5666125e-02  -3.4188374e-01   6.6197484e-01  -1.5887416e+00  -1.2850790e-01   1.3026787e+00  -1.2111832e+00   1.4539656e+00
   2.0000000e+00   1.7201081e-01  -1.9017867e+00  -6.8286725e-01  -5.9474182e-01   1.3003247e+00   5.9382468e-02  -2.3094613e-01   9.2492407e-01   1.6992023e-01  -1.2428354e-01  -1.3670164e+00   9.3413462e-01   4.9618900e-01  -1.6636473e+00  -1.5605886e+00  -1.1074857e+00  -9.4491118e-01  -1.1162036e+00
   2.0000000e+00   3.3423586e-01  -5.4618373e-01   1.8978300e-01   6.9231980e-01  -1.7992837e+00   7.0807206e-01  -8.5578910e-01  -7.3358654e-01   1.4896800e+00   1.8254449e-01  -5.8181035e-01   1.1911557e+00  -1.0674546e+00   1.1521630e+00  -8.3448994e-01  -1.3784639e+00   1.3766996e+00   1.6289960e+00
   1.0000000e+00   1.0126694e+00   1.0528170e+00  -1.0834783e+00  -1.3735034e+00   5.2873436e-01  -7.3231623e-01   1.6279993e-02   1.3381414e+00  -1.5628609e+00  -4.5490618e-01   6.0530499e-02   1.2804101e+00   1.1687169e+00   1.2128071e+00  -1.8885899e+00  -6.8276880e-01   8.0485969e-01   1.3056804e+00
   2.0000000e+00   1.9390300e-01  -1.4759710e-02   1.2603010e-01   5.3401272e-01  -9.6108698e-01  -1.3365866e+00   2.2768002e+00   1.4085870e-01  -1.0820394e+00   3.3819506e-01  -2.3818397e-01   1.0398400e+00  -2.0029036e+00   3.2993980e-01  -8.2837459e-01   1.0271878e+00  -1.0140155e-01   8.2972894e-01
   2.0000000e+00   1.9843185e+00  -1.4126414e+00   6.4003704e-01   5.0821405e-01   2.0400624e+00  -3.5954522e-01  -1.5278394e+00  -1.9093244e-01   1.3266513e+00   1.3190223e+00  -1.5274229e-01   2.9320589e-01  -1.1672198e+00   1.3787651e+00   1.7798544e+00   7.9927437e-01   8.8332789e-01  -3.2370805e-01
   2.0000000e+00  -8.9154006e-01   2.0738063e+00  -3.9247860e-01  -1.1071919e+00   9.2310837e-02  -5.9489177e-01  -7.6601071e-01  -4.3055448e-01   1.9707626e+00   8.5269586e-01   1.2336125e+00  -4.7756279e-02  -9.3241427e-01   3.3633212e-01  -4.5477388e-01  -1.8294697e+00   1.5703269e+00   6.1541997e-01
   2.0000000e+00  -1.3812835e+00  -4.3070099e-01  -8.8468488e-01  -8.3455715e-02   1.4920858e+00  -7.1707976e-01   4.0140110e-01   1.4809496e+00   1.2745743e+00  -1.7012351e+00   2.1399938e+00   8.9056056e-01  -1.9154755e+00  -5.3026658e-01  -1.3364823e+00   1.0074859e+00   1.0941602e+00   6.5618155e-01
   2.0000000e+00  -5.8348263e-01  -1.8266574e-01  -1.1935656e+00   2.8937294e-01  -1.8515496e+00  -1.4828007e+00   5.9441754e-03  -1.8373291e-01  -2.0093851e+00   5.6270277e-02  -1.6573815e-01   2.6243926e-01   2.3512570e+00   7.2109282e-01   4.6810394e-01   8.7945510e-01   1.1180442e+00  -2.5587771e+00
   2.0000000e+00  -8.4032925e-01   7.1535325e-01  -5.4127634e-01  -1.0647983e+00  -3.0565139e-01  -1.2198290e-01  -5.0345756e-01  -2.2972912e-01   3.1886404e-01  -5.4232449e-01   1.8282552e-01   5.8599412e-02   2.0065284e-01  -2.5420143e+00   8.0688332e-01  -1.0998527e+00   1.0218078e+00  -2.5226672e-01
   1.0000000e+00   1.3608263e+00  -1.2370936e-01  -1.2853746e+00  -1.6310101e+00   6.1377676e-02  -8.3732006e-01   1.1511267e+00   7.3751409e-01  -4.0969354e-02  -1.2130598e+00   6.7050740e-01   1.7541964e-01   1.2394671e+00   2.3180514e-01  -9.8367561e-01   8.9952844e-01   8.2816565e-01  -4.2765112e-01
   2.0000000e+00  -4.0642885e-01  -5.5266821e-01  -8.1089536e-01  -1.1252485e+00  -1.6770372e+00   8.0571208e-01   3.6520239e-01  -2.7387649e-01   1.1195273e+00   5.3944770e-01   1.3423471e+00   1.3743479e-01  -1.1983564e+00  -1.3973265e+00  -1.1150540e+00   2.5019653e-01   1.0652658e+00   8.5254408e-01
   2.0000000e+00  -9.0879365e-01  -5.8506557e-01  -1.9385164e+00  -2.6091358e+00  -8.8695201e-01  -2.0679811e-01  -2.1484732e+00   1.6484023e-01  -1.3513671e+00  -9.8068335e-01   4.6505172e-01  -8.4922056e-01  -3.5692515e-01   1.8812240e+00  -3.6723970e-01   1.6495113e+00  -1.6884775e-01  -2.8967660e-01
   2.0000000e+00  -4.7069880e-01  -2.1065364e-01   1.2746346e+00   1.0594962e+00  -1.4022099e-01  -1.1173244e-01   4.0223191e-01  -1.2121720e+00   1.1008909e-01   1.9365906e-01   9.8984336e-01  -8.5130007e-02  -1.0741276e+00  -4.8059670e-01  -7.6555602e-01  -5.5246202e-02  -3.1865746e-01   5.8298617e-01
   2.0000000e+00   7.3119121e-01  -1.0278145e-01   1.1311045e+00  -6.0837523e-01   6.5492556e-01  -9.9964568e-02  -1.7775780e-01   2.7179500e-01  -1.7366447e-01  -3.3395809e-02   1.0040040e+00  -3.9810799e-01   1.0834803e-01   2.5722681e-01   1.1517560e+00  -4.2709526e-01   1.0959219e+00  -1.3777505e-01
   2.0000000e+00   5.1175279e-01  -1.1935617e+00   2.4526984e-01  -8.8806165e-01   9.4905812e-02  -1.0292540e+00   2.8401068e-01  -6.2598513e-01   1.0790615e+00  -9.5173479e-01   2.5461908e+00   8.9167081e-02  -3.0790270e-01  -4.4268684e-01   9.2684603e-01   8.1756516e-01   1.0395302e+00   1.3041929e+00
   2.0000000e+00   6.3610880e-01   3.1859008e-01  -1.5959018e+00  -3.1134038e-01  -4.3072985e-01   7.1356811e-02   1.0256611e+00   1.5282756e-01  -2.6414013e-01   6.0319370e-01   4.8623608e-01  -1.0523179e-03   7.8952126e-01  -7.7041366e-01  -8.4445988e-01  -2.2840603e+00   8.3417282e-01  -1.4438503e+00
   1.0000000e+00   1.1187407e+00   2.3923050e-01   8.3581897e-01  -1.2117704e-01   2.1818194e-01   1.7842924e-01   1.9841074e-01  -5.5713645e-01   7.0015043e-01  -6.2971294e-01  -1.0028003e+00   1.3401345e-01   9.0670680e-01   2.9077435e-01  -1.7065991e+00   1.3055082e+00   8.8530653e-01   3.0024811e-01
   2.0000000e+00   1.7287366e+00   9.6222956e-01  -7.0873232e-01   9.5305250e-01   1.1767981e+00   3.4880400e-01   5.3964630e-01   1.1270358e-02   2.1988063e+00   6.2303037e-01  -7.1622937e-01   4.8519036e-01  -6.6713353e-01  -5.5417762e-01  -6.8400333e-01  -6.3473260e-01   5.8518096e-01   9.9415857e-01
   2.0000000e+00  -5.8635708e-01   2.4283655e-01  -1.3126697e+00  -1.0045749e-01   4.6753031e-01  -1.1023263e+00  -2.3012727e+00  -1.8309894e+00   1.2151001e-01   8.0808528e-01   7.6812025e-02   6.3000876e-01   1.0400079e+00  -4.3385232e-01  -1.6731343e+00  -1.0119211e+00   1.4349101e+00  -1.5125409e-01
   2.0000000e+00   8.2382272e-02   1.9363618e+00   3.7175057e-01  -3.1041234e-01   1.0211466e+00   8.1370035e-02  -7.8268250e-01  -2.4283263e-01  -1.8178715e+00  -2.3336361e+00   6.5658571e-01   1.2379158e+00   3.5299664e-01  -4.0689073e-01   6.9686153e-01   1.0620584e+00   9.0167651e-01  -3.8861792e-01
   2.0000000e+00   8.9511901e-01  -2.0600217e-01   3.1030991e-02  -2.9512461e-01  -1.8184938e+00  -1.1764388e+00   5.0160955e-01  -2.0231834e-01   1.0385885e+00  -5.5568718e-01   1.5106257e+00  -2.5037865e-01   4.1065940e-01  -9.8042175e-01  -1.6812273e-01   8.4094748e-01   8.6597084e-01   2.4918443e+00
   2.0000000e+00  -6.5917865e-01  -9.4339753e-01  -7.2340416e-01  -7.2810341e-01   1.5431201e+00  -4.6465474e-01   7.1256962e-01  -5.8751746e-02  -4.2369782e-01  -1.6295245e+00   1.2336691e-01   3.5779562e-01  -9.9019805e-02   2.6684463e-01  -1.3563229e-01  -8.1343752e-01  -1.7630537e-01   1.5508805e-01
   2.0000000e+00   1.9279897e+00   8.2232270e-02   1.0168395e+00   1.1520170e+00  -1.3183459e+00   8.8560425e-01   2.2402502e-01   1.4857245e+00  -1.8667473e-02  -8.4410908e-02  -1.1397764e+00   3.4686163e-01  -3.8962915e-01  -2.7851641e-01  -2.3612710e+00  -1.6209184e+00   7.6038631e-01   6.7406159e-01
   2.0000000e+00  -2.1392374e+00  -1.0252497e+00   3.2582569e-01  -1.2275857e+00   1.0988558e+00  -3.7698970e-02  -2.7264169e-01   1.2010797e+00  -7.1550056e-02  -3.9985162e-01  -4.7244590e-03   6.7001600e-01  -3.1444081e-01  -1.0529703e+00  -2.3650088e-01  -1.5821379e+00   6.6067438e-01  -1.1185370e+00
   2.0000000e+00   1.3633111e+00   2.9533553e-01   1.5638791e+00   8.8711355e-01  -6.6014524e-01   3.5732911e-01   1.4768354e+00   3.3177866e-01   1.7182812e+00   3.8361710e-01   1.7641031e+00   7.8575703e-02  -1.1463618e+00  -1.8743883e+00  -4.2329972e-01  -8.1091786e-01   1.8228163e-01  -4.6703852e-01
   2.0000000e+00   9.4936946e-01  -3.2864725e-01   3.3822107e-01   8.7239761e-01  -1.8939776e+00  -7.0391768e-01   9.7566843e-01  -1.2484818e+00  -6.6585377e-01   1.3446116e+00  -3.2711697e-01  -4.6026266e-01  -1.4783088e+00   1.1092011e+00  -5.4235874e-01   5.4335892e-01  -4.2865420e-01  -7.2113820e-01
   2.0000000e+00  -1.1129481e+00   5.9240888e-01   8.2383574e-02   2.3901086e-01   9.6727348e-01   4.5055082e-01   2.0133193e+00   1.0046607e+00   4.7662622e-01  -8.5273986e-01  -1.3780375e+00   9.0589323e-01   1.3879827e-01  -1.1288356e-01   6.0180330e-01   3.5727833e-01  -3.3949251e-01   2.4668411e-01
   1.0000000e+00  -1.1403497e+00  -1.0745808e-01   1.2170473e+00   1.3814220e+00   2.7419123e-01  -1.0096040e+00  -9.0003398e-01  -3.8980738e-01   7.8896094e-01   1.0187189e+00   4.1605612e-01  -1.0446325e+00  -1.3478745e+00  -1.1651323e+00   8.2452656e-01   7.2489474e-01   2.6664134e-01  -1.7484344e+00
   2.0000000e+00  -4.5853882e-01   6.7894430e-01  -6.0865196e-01  -8.4206631e-01  -1.1763293e+00   2.3433887e+00  -6.2103663e-01   5.3464588e-01  -3.1879992e-01  -6.1257206e-01  -8.5156539e-01  -6.8050601e-01  -1.0422153e+00  -2.1274525e-02   1.8526637e-01   1.4153686e-01   5.1326419e-01   1.7345431e-01
   2.0000000e+00   4.1283678e-01   1.0479664e-01   1.7203799e-01   6.6201519e-01   6.6034070e-02  -9.4348120e-01  -5.9085973e-01  -2.2506755e+00  -1.3240486e+00   2.0888747e+00  -5.5846660e-01   7.9209776e-01  -1.2848277e+00  -1.1024712e+00  -6.9735499e-01  -3.6812578e-01  -1.2192617e+00   3.0375031e-01
   1.0000000e+00  -1.1890460e+00   1.0928357e-02  -1.0120920e+00   1.2284384e+00   2.1853044e-01   1.0405183e+00   2.6870620e-01   1.0741766e+00   2.4984357e+00   1.0914717e+00  -1.3451791e+00   9.1393536e-01   1.0259499e+00  -3.2770358e-01  -6.3239650e-01  -8.4927200e-01   1.3455555e-01  -2.4480446e-02
   1.0000000e+00  -4.0271018e-01  -2.8249559e+00  -8.2772424e-02   1.6953673e+00   1.0420916e-01  -3.4697180e-01   1.1158931e+00  -2.9125263e-01  -1.1708941e+00  -1.2738216e+00  -2.5519685e-01  -6.2265507e-01   1.5853198e+00   5.4314349e-02  -9.4367654e-01   1.1011588e-01   2.3409735e-01  -8.9926052e-02
   1.0000000e+00   2.0094318e-01   1.9126714e+00   4.3889659e-01  -1.8689547e+00   2.7247377e-01  -1.0922490e+00  -1.3893540e+00   1.6614510e+00  -1.4458519e+00   6.2199952e-01  -2.0774552e-01  -2.6229474e+00  -8.1857727e-02  -9.4418847e-01   1.5124703e+00   2.5017446e-01  -7.3770634e-01  -1.5325221e+00
   2.0000000e+00  -6.6080322e-01   7.9495587e-01  -8.9459086e-01  -6.7591158e-02   9.4696990e-01   5.5802850e-01   9.9065554e-02  -8.6221104e-01   2.0090885e+00  -1.5247722e+00  -1.6277733e+00   8.3618547e-02  -1.2376284e+00   8.8653176e-01   1.9113232e+00   2.6996313e+00   8.1372045e-01  -4.1706446e-01
   2.0000000e+00  -1.2389325e+00  -4.5432554e-02  -7.1769062e-01  -6.3979110e-01  -3.3344217e-01  -1.6873230e-01   1.3636513e+00   6.7529492e-01   1.0132263e-01  -1.0907045e+00  -1.1567191e+00  -9.1275064e-02  -1.4586986e+00   3.1899659e-01   7.3935649e-02  -4.9666521e-01  -2.9654400e+00   2.8237660e-01
   2.0000000e+00   1.6949434e+00  -1.2567038e+00   8.7289579e-01   9.2066935e-01   1.5717002e+00   2.8296569e-01   4.4679147e-01  -1.1957258e-02   1.5654033e+00  -7.6272504e-01  -3.6372185e-02  -8.8725514e-01  -8.0124957e-02   4.9623764e-01   5.0136481e-01  -2.9986343e-01   1.0087922e+00  -1.9783474e+00
   2.0000000e+00   1.0735502e-01  -1.9098847e-01  -7.0632968e-01   1.0712266e+00   1.2365065e-01  -6.9263766e-01   1.8058521e+00  -1.9616455e+00   2.6739074e+00  -1.7635958e+00  -6.7192331e-01  -5.4023084e-01   1.0169884e+00   2.2101746e+00  -1.8554394e-01  -1.0507295e+00  -2.0182908e+00   1.3811095e-02
   2.0000000e+00  -4.4556123e-03  -6.9701906e-01  -6.6491824e-01   1.8889956e+00  -4.5717107e-01   2.5975571e-01  -3.2456111e-01   1.8819066e+00   3.1389351e-01   2.6563918e-01   9.6804063e-02  -3.7460107e-01  -1.0077957e+00  -1.7809213e-02   3.0258060e-01  -4.3975939e-01  -4.6720172e-01  -1.0301178e+00
   1.0000000e+00  -1.3666032e+00  -7.8775842e-01  -1.6326959e-02   2.1268443e-01   8.4556082e-01  -1.5701639e+00   1.3716269e+00   1.2514858e+00   5.4982566e-02  -6.9785861e-01   3.5453888e-01   1.1864524e+00   3.9684242e-01  -1.0047539e+00   5.9262003e-01  -9.2272101e-01   3.6069761e-01  -4.9050738e-01
   1.0000000e+00  -8.7511829e-01  -2.0608796e+00  -1.5441527e-01  -3.6657841e-01   3.4281272e-01  -2.4755864e+00  -6.2944169e-01   2.6505559e-01  -2.1377808e+00   1.5611560e+00   4.6328175e-01  -5.6597573e-01  -2.4885598e-01   9.8159168e-01  -1.0319172e+00   5.1982492e-01   4.8956641e-01  -4.4672440e-01
   2.0000000e+00  -3.7076846e-01  -1.4681749e+00  -8.9886142e-01  -2.1115126e+00  -2.2456057e+00   2.4613528e+00  -5.4248783e-01  -5.5903363e-01  -8.8604052e-01  -4.1470177e-01  -1.0447991e+00   9.4276860e-01   1.5908304e+00   1.4530639e+00   1.8875163e+00   9.6387213e-03   7.3318124e-01   1.3258659e+00
   2.0000000e+00  -1.5528710e-01  -1.1255328e+00   7.7702001e-01  -6.6580689e-01  -3.5019064e-01   1.1684221e+00  -6.0460319e-01  -1.1421619e+00   2.3007593e+00  -3.3246488e-01   1.2436690e-02  -4.8188141e-01  -9.3243982e-01   8.0361065e-01  -5.1093319e-01  -4.1196565e-01   2.2424587e+00   1.5892160e+00
   2.0000000e+00  -1.2244405e+00  -8.9587758e-01   1.4583014e-01  -8.7327197e-01  -4.5757056e-01  -1.1305086e+00  -2.0039924e+00  -5.2862737e-01  -1.4235456e+00   1.9285238e+00  -7.6899262e-02   1.8862778e+00  -1.7034384e+00  -1.5905665e+00  -1.1285036e+00  -4.2053147e-01  -2.5903262e-01  -4.4810053e-02
   2.0000000e+00  -1.3161784e+00  -9.9096225e-01   1.3940532e+00   2.2818653e-01   1.1012640e+00  -1.8438825e-01  -1.5793520e+00  -8.3145896e-01  -6.2578522e-01   5.7861277e-01   1.3933964e+00  -3.3663902e-01  -1.0150765e+00   1.4663239e+00  -4.9905182e-01  -3.2408086e-01  -4.0520876e-01  -3.4049567e-01
   2.0000000e+00  -2.4020470e-01   2.1216000e-01   2.3919768e-02   1.2625695e+00  -9.9911333e-02  -1.8562537e+00   1.2834155e+00   1.3852906e+00  -3.1902935e-01   1.1590734e-01   9.1639059e-01   1.1424575e+00   1.1758784e+00  -2.5072495e-01  -6.7215858e-01  -2.8638799e-01  -7.6640234e-01   1.0703558e+00
   1.0000000e+00   3.2026871e-01  -2.3575529e+00   7.1731407e-01   9.2717924e-01   4.7832225e-02   6.5430085e-01   5.3300742e-01  -4.4324275e-01   1.3701467e-01  -1.4707751e+00  -5.4806519e-01   6.9273974e-01   5.6488467e-02   4.7165803e-01  -1.5232974e+00   9.0218118e-02  -5.8440272e-01  -1.5213271e+00
   2.0000000e+00   9.2823151e-02   3.1964771e-01  -1.7944641e-01   1.3781085e+00   2.2868191e-01   8.7384908e-01   6.0289708e-01   6.7638853e-01   3.0055932e-02   8.6573455e-01   5.0172875e-01  -1.7274731e+00   3.4902638e+00   2.3439815e-01   1.1440421e+00  -1.7746570e-01  -1.3876073e+00   8.2354318e-01
   2.0000000e+00   6.2804715e-01   3.0127288e-01  -2.3736620e+00  -2.8387561e-01  -7.1090947e-01   2.8381453e+00  -1.3692317e+00   9.6901917e-01  -7.3677083e-01   1.8393127e-01   1.1275081e+00  -2.8093180e-01   2.7186492e-01  -8.8223164e-02  -1.0203880e+00   3.4872642e-01   3.4708524e-01  -9.1159055e-01
   2.0000000e+00  -4.5400646e-01  -1.2797913e+00   1.8608266e-01  -5.4883798e-01   8.3125325e-01  -1.4967343e+00  -2.4235497e+00  -1.5054682e+00   6.1926646e-02   1.2378505e+00   4.2997336e-01   1.4361230e+00  -6.9785684e-02  -1.0107224e-01  -8.1741999e-01  -9.1818802e-01   8.0103712e-01  -1.3409933e+00
   2.0000000e+00  -6.6123576e-01   1.0337908e+00  -7.9337226e-01   7.9561748e-01  -3.7312351e-01  -6.5465938e-01   9.9704308e-01  -1.7167165e+00  -3.6759826e-02  -8.5714890e-02   1.9016298e+00   1.0473291e+00  -2.2233849e-01  -1.0929556e+00   3.5126862e-01   2.2588062e+00  -8.8809622e-02   2.0387212e+00
   2.0000000e+00   2.7738136e-01   1.0982156e+00  -6.1716835e-01  -2.3941716e-01   8.7773404e-01   1.5398734e-01   1.1611914e+00   5.3877592e-01   4.1401593e-01   1.3693878e+00   7.5648754e-01  -2.1733069e-01   2.1658416e-02  -8.7351104e-01  -9.3743386e-01   1.6195522e-01   6.7484853e-01  -1.1290811e+00
   2.0000000e+00   2.2813622e-01   1.1392968e-01   1.1185408e+00   3.8780290e-01   1.1012262e+00  -4.7343387e-01   1.4091503e+00   1.0943532e-01  -4.2400967e-01  -3.1895406e-01  -1.0842806e+00  -8.8662228e-01  -5.9599731e-01  -1.4042980e+00   1.8702321e+00  -2.7840452e-01   8.7574333e-01   7.1623268e-01
   2.0000000e+00   4.1078831e-01  -1.3632846e+00  -1.3951994e+00   4.5076134e-01   2.3810014e-01  -7.7577816e-01  -6.8577416e-01  -1.8152722e-01  -4.1951802e-01  -1.2835939e+00  -3.4057279e-01   1.1160676e-01   7.3334735e-01   1.5753121e+00   1.9423384e+00   1.1541585e-01  -1.1349814e+00   5.3807983e-01
   2.0000000e+00   3.9826030e-01  -3.8949017e-01  -1.4547672e+00   9.3845115e-01   1.0244383e+00   7.1591572e-01  -1.4675532e+00   8.9825470e-01  -8.9895437e-01  -2.1922111e+00   4.7820827e-01   4.6913622e-02   5.5119452e-01  -3.9142750e-01  -1.6343256e+00   3.8163566e-01   1.0393564e-01  -1.9015255e+00
   2.0000000e+00  -7.2294642e-01   1.5106887e+00  -7.0763892e-01  -1.5563904e+00  -3.0905308e+00  -3.5291086e-01  -3.0783593e-01   8.5540228e-01   5.9983781e-01   2.3086380e-01   3.4776834e-01   1.2548036e+00   2.6902813e-01   9.1478958e-01  -8.9052491e-01  -7.8837747e-01  -6.7357729e-01  -3.1176494e-01
   1.0000000e+00   4.0970900e-01   1.3626670e+00   2.5428488e-01  -9.4560007e-01   4.7697193e-01   4.2507313e-01   4.1124190e-01  -1.5956258e-01   1.9818161e+00   2.4530024e-01  -9.5563085e-01   4.0998894e-01  -1.3306682e+00  -2.5490571e-01   1.3355610e+00   8.1035248e-02   8.0741196e-01   1.1858580e+00
   2.0000000e+00   1.0760441e+00  -1.0894396e+00  -1.1002910e+00  -7.1083723e-01  -4.5046346e-01   2.7895462e-01   4.0003301e-02   7.6780863e-01  -9.5703482e-01  -2.8663459e-01  -5.3466560e-01  -5.0327151e-01  -5.0460197e-01   1.0638648e+00   8.1946961e-01  -7.3243554e-01  -4.4263728e-01  -1.4768856e+00
   2.0000000e+00  -2.3322837e+00  -7.2200429e-01   1.8372597e-01   2.3172999e-01   1.6890886e+00  -1.7056644e+00  -1.3407992e+00   9.3726995e-01   7.1033373e-02  -6.9184103e-01   6.2906397e-01  -1.2053265e-01   4.3536529e-02   1.4142056e+00   6.8266341e-01   3.4166273e-01  -4.5568804e-01  -3.0161365e+00
   2.0000000e+00  -1.0432409e+00  -1.1620991e+00  -1.0072539e+00   1.3055654e+00   1.9699845e+00   4.6557660e-01  -1.4485215e+00   1.3853719e+00   1.8057811e+00  -3.4781730e-01  -1.3625053e+00   5.0960202e-01  -5.3792419e-01  -5.1607673e-01  -6.7809654e-01   6.5048467e-01  -1.1792578e+00   8.6124681e-01
   2.0000000e+00   8.3817240e-01   1.5969597e+00   1.7512039e+00  -1.1300187e+00  -1.1020158e+00   5.1200513e-01  -1.1882947e-01   1.3409712e+00  -7.4953194e-01   1.1761716e+00   1.1135930e+00  -1.7012404e-01   5.6523128e-01  -1.9500316e+00   1.3955123e+00   1.3708126e-01   9.6766028e-02  -2.2922365e+00
   2.0000000e+00  -5.0150911e-01   9.0812237e-03  -1.1405211e+00   9.3847059e-01  -1.4038687e+00   5.5697326e-01   5.7522721e-02   1.2362323e+00   1.1319979e-01  -3.4001806e-01   3.1197718e-01   1.2047918e+00  -1.2500971e+00   4.0121602e-01  -5.0282130e-01  -2.4342591e-01  -6.7939650e-01  -5.6849086e-01
   1.0000000e+00   5.8274301e-01  -1.4363990e-01   8.2165885e-01   7.7143294e-01   9.7056274e-01  -8.2804578e-01   7.7011688e-01   3.1569349e-01  -1.6898464e+00  -6.5748278e-01  -1.8177037e+00   6.0565616e-01  -2.1307434e-01   1.5980670e+00   3.6389822e-01  -1.7383985e+00   1.6799549e-01  -5.7301586e-01
   1.0000000e+00   1.4121451e+00   1.7513125e+00   6.1871296e-01  -1.8592791e+00   8.2710638e-01  -5.1874649e-01  -7.8534737e-01   2.0323190e+00  -1.2037613e+00  -7.9759509e-01   2.0693874e+00  -1.9079592e+00  -3.7941237e-02  -5.5120788e-01   1.4521335e+00   1.3522684e+00   3.1207900e-01   8.8766814e-01
   2.0000000e+00   7.4845034e-01  -1.7519362e+00   5.3412416e-01  -4.3708342e-01  -6.5402370e-01  -4.1031984e-01  -1.0855464e+00   3.7739832e-01  -1.6201977e+00  -2.1263649e+00   1.1647691e-01  -6.8414913e-01   5.1937306e-01  -5.5759030e-01  -8.2953478e-01   3.7288071e-01  -1.1807856e-01   8.5727160e-01
   2.0000000e+00   1.1745132e+00  -8.1154809e-01  -3.4908185e-01  -9.6014593e-01  -1.4831618e+00   1.1843888e-02  -7.1954099e-01   8.9614330e-01   7.3325521e-01  -1.3290094e+00   4.9523484e-01   1.4385735e+00  -7.0873513e-01  -7.9828990e-01  -1.1208987e+00  -8.1364770e-01  -3.4407162e-01   8.3963500e-02
   2.0000000e+00  -3.5694791e-01   3.2818626e-01   2.1110974e+00  -1.8987775e-01   4.5985788e-01   1.0369838e+00   9.6377077e-01   7.8679323e-01  -4.4567974e-01  -1.5521466e+00  -2.5093865e+00  -5.2590105e-01   7.3597091e-01  -5.2792871e-01  -1.5395798e-02  -7.8055747e-01  -3.5555378e-01   2.5369372e+00
   2.0000000e+00  -1.0055485e+00   1.5627093e+00   5.7331595e-01   1.5123069e+00  -2.0054062e+00   1.0617079e-01  -9.3648355e-01   5.7630605e-01   3.5349185e-01   5.8434527e-01   1.3352843e+00  -9.4967855e-02  -6.6057139e-01   1.5304235e+00  -1.0575822e-01  -3.3059390e-01   4.2262603e-01  -7.3478980e-01
   1.0000000e+00   4.5059675e-01  -1.6756200e+00  -1.5109239e+00  -6.0794933e-01   3.0473195e-01  -1.5077119e+00   7.7849519e-01  -7.8006287e-02  -6.9467116e-01   1.2274467e+00  -5.1748814e-01   8.6576413e-02   4.8553982e-01   1.3152775e+00  -1.1935746e+00  -1.0040499e+00   2.6087395e-03   4.8831892e-01
   1.0000000e+00  -3.0520562e-01  -3.2358332e+00   3.1701963e-01  -2.2096820e+00   9.2508955e-01  -3.1713745e-01   5.2725824e-01   1.7988588e+00   8.0676817e-01  -1.6857586e-01   1.7917701e+00   1.2812328e+00   1.3499777e+00   1.6575175e+00  -7.3470318e-01   3.4964632e-01  -4.4999638e-02   3.1276153e-01
   2.0000000e+00   1.5738205e+00  -1.5443865e-01   6.8274146e-01  -3.5784382e-01  -2.1770377e-01   3.6608369e-01  -7.0543882e-01   3.2643565e-02   1.0697447e+00  -9.8722629e-01   1.2225447e-01   5.3039092e-01  -1.0313850e+00  -2.2864162e+00   3.4805011e-01   3.1471316e-01  -1.9640000e+00   2.8216089e-01
   2.0000000e+00  -3.5609573e-01   1.7164922e+00  -8.0495488e-01  -5.7357876e-01   1.7771456e-01   3.4815172e-03   3.5646630e-01   1.8036540e+00  -4.4953864e-01   4.4230384e-01  -1.2024393e+00   1.4456658e-01  -3.0368146e-01   8.2849082e-02  -1.6033125e-01   8.7912562e-01   9.6712500e-02   2.1568378e+00
   2.0000000e+00  -1.0294750e+00   1.1141719e-01   5.3690711e-01  -4.0837380e-01   1.1411847e+00  -1.0999713e+00  -1.7134860e+00  -1.0026215e+00   2.5739863e-02  -8.6999984e-01   1.6684285e-01   3.9197790e-01  -6.1574945e-01   3.5291440e-01   1.4840193e-01  -8.1831050e-01   7.1619471e-01   1.0066441e+00
   1.0000000e+00   4.8463350e-01  -1.8074502e-01   9.9223927e-02   9.3750085e-01   8.0831826e-01   8.1943883e-03   1.6733121e+00  -2.3930244e-01  -2.4182804e-01  -8.5551419e-01   1.6557327e+00  -9.9972116e-01  -7.6922692e-01   1.3479568e+00   1.7350547e+00   4.9609381e-01   2.0113774e-01   1.4345079e+00
   2.0000000e+00  -1.0095070e+00  -9.6212455e-01   3.0762160e-01   1.7028352e+00  -3.6743650e-01   5.4803964e-01   1.6589180e+00  -3.2549553e-01  -1.1238560e+00  -1.4015924e-01  -4.6052060e-01  -3.3699300e-01  -5.2455880e-01  -5.7817195e-01   7.9062084e-01   6.8774207e-01  -7.1378499e-01  -4.8369701e-01
   2.0000000e+00  -7.6257337e-01   5.6500227e-02  -8.9147709e-01  -4.9414902e-01   1.1095076e+00   7.0208366e-01  -6.2399551e-02  -6.7551021e-01   6.9533476e-02  -1.4606881e-01  -3.6476118e-01   3.4259095e-01  -4.4823881e-01  -8.4745794e-02   1.6213203e+00  -1.1602818e+00   4.4965076e-01   1.5291689e+00
   2.0000000e+00  -3.6522710e-01   9.0231205e-01   9.6126839e-01  -2.9406579e-01  -5.7684399e-01  -7.8438626e-01   1.3707335e+00  -1.3533351e-01   1.9576396e+00  -7.2817550e-01   6.8492615e-01  -2.6091122e-01  -7.9693784e-01  -2.3748968e-02  -1.6644565e+00   6.4543451e-01  -1.3050850e+00  -4.2916536e-01
   2.0000000e+00   8.7723496e-02  -1.8393547e+00   1.9875032e-01   5.6190068e-01  -1.7538399e-03  -1.6084590e+00   1.2176088e+00  -3.1780124e-01   1.5827214e-02  -1.9926943e-01   1.0191592e+00   1.9422782e+00  -5.3567540e-01   1.2664085e+00   1.5506512e+00   2.6554510e-01   7.9550386e-01   9.2093560e-02
   2.0000000e+00   5.0825035e-01  -1.7059513e+00  -3.8676402e-01  -2.1370418e+00   8.9748701e-01  -1.1501777e+00   1.3480475e-01  -3.5628711e-01  -1.0351249e-01   1.2730542e+00   1.7069462e-01   8.8401077e-02  -2.2899936e+00  -1.3354974e+00   1.8453825e-01   4.9688913e-01   7.3434931e-02  -2.2362419e+00
   2.0000000e+00   5.1356773e-01  -7.1539094e-02   4.4925815e-01  -1.9165605e+00  -4.3704971e-01  -9.8853488e-01  -1.2705950e+00  -3.4047973e-01  -2.3708225e+00  -1.3150902e+00  -9.1673446e-02  -1.5615854e+00  -4.8927184e-01   1.5561289e+00  -1.5062925e+00  -6.0083138e-01  -1.3313988e+00   8.3400785e-01
   1.0000000e+00   4.7996445e-01   5.9053906e-01   9.3024159e-01  -1.6124864e-01   4.0357572e-01   5.0650708e-03   1.4361610e-01  -4.8848344e-01  -3.6133824e-01   3.4557134e-01   2.1724221e+00   6.9261188e-01   1.7263264e+00  -1.3527183e-01  -1.1251459e-01   9.0237649e-01  -4.9673493e-01   1.6973706e+00
   1.0000000e+00   2.0506948e+00   8.7072332e-02   4.1486691e-01   1.3154927e+00   2.8876016e-01  -4.0990444e-01   1.1864111e+00   6.8403743e-01   7.8830884e-01  -1.0694314e+00  -9.4797748e-01  -1.2198689e+00  -1.1633952e+00  -1.2155136e+00   9.7278923e-01  -4.9593503e-01   6.4178585e-01  -1.1602121e+00
   2.0000000e+00  -6.6771489e-01  -4.2350221e-01   5.1990100e-01  -7.1026413e-01  -9.2315827e-01   1.6436411e-01  -1.4139291e+00   7.6453980e-01  -2.1908045e-02   1.5505490e+00   1.5588563e+00   1.3057269e+00   6.4190920e-01  -1.0625048e+00   1.3119504e+00  -1.3403941e+00   6.4164100e-01  -1.0089992e-01
   2.0000000e+00   3.0991294e-02  -1.8508006e-01   5.3972971e-02   2.0367437e+00   1.6315247e+00   1.2983643e+00  -1.5085066e+00   8.0435961e-01   5.9363838e-01  -3.1190160e-01  -6.9686434e-01  -1.3418490e+00   9.7220786e-01   2.8542241e-01  -8.3136898e-01  -6.6459353e-01   8.5758674e-02  -1.0220161e+00
   2.0000000e+00  -1.4128193e+00  -1.1715850e-01   2.3228200e-01  -5.5137467e-01   1.5963363e+00  -6.5757824e-01   1.2471855e+00   4.3286397e-01   1.0433028e+00  -3.4322916e-01   8.0623508e-01   2.3423152e-01   5.3989146e-01  -3.5906193e-01  -3.8306259e-01  -9.3920754e-01  -1.2763319e-01  -4.6674510e-01
   1.0000000e+00   1.1644337e+00   5.8713608e-01   1.8452651e+00   8.1986153e-01   2.1678590e-01  -1.1172973e+00   3.0187758e-01   6.4075467e-01   5.8546036e-01  -8.6618489e-02  -1.0794864e+00  -1.5092993e+00   1.0878427e+00   1.1586924e+00   2.0921485e-01  -8.2909916e-01  -2.7504919e-01  -1.5394041e+00
   1.0000000e+00  -4.7468874e-01  -2.9058065e-02  -1.4360082e-02   1.5647185e-01   7.1960427e-01   7.0394302e-02  -5.0358551e-01   3.5438560e-03   1.1344648e-01   1.1472618e+00  -5.7378927e-01   1.9206614e+00  -5.4653968e-02  -3.7440226e-01   1.4299277e+00   1.0932410e-01   1.6722199e-01  -4.7674579e-02
   2.0000000e+00  -6.8726523e-01   3.0688045e-01  -2.0184558e+00  -6.2058258e-01  -1.5194297e+00  -5.5046613e-01   4.1202188e-01   1.9066968e-01  -1.4441556e+00  -2.3268107e+00  -3.1357969e+00  -2.2167878e+00  -1.2262642e+00  -6.0214226e-01   1.5525501e+00  -1.4225469e+00  -9.0828105e-01   5.8514373e-01
   2.0000000e+00  -1.9736067e+00  -4.0099020e+00  -9.6189236e-01  -3.5153135e-01  -3.5128601e-01  -8.1606723e-02   9.2400902e-01   5.5403460e-03  -1.2332539e+00   3.8643489e-02   2.6273476e-01  -4.1481542e-01  -3.7748929e-01   1.1604588e+00   6.6179029e-02   1.2715233e+00   5.0657975e-01   7.6451871e-01
   2.0000000e+00   1.6215429e+00   1.2703881e+00  -1.4785707e-01  -5.1810827e-01   1.0752287e+00   1.6902697e+00   2.0551168e-01  -5.7208060e-02  -1.4391237e+00  -9.7113472e-01  -1.3166273e-01   1.1353993e+00  -1.1895582e+00   4.7270347e-01   7.3257202e-01  -1.5243221e+00  -1.1073381e+00   2.1223424e+00
   1.0000000e+00   2.0211545e+00  -1.8297300e+00   3.6471776e-02  -1.4139503e-01   4.7921889e-01   1.3092802e+00   8.3157826e-03   6.9290035e-01   1.9799719e+00  -4.4528771e-01   2.1980937e+00  -7.1326491e-02  -1.5857711e-01   3.5711018e-01  -8.1972981e-01  -5.3265230e-01   3.5219152e-01  -9.9561226e-01
   2.0000000e+00   1.9960633e+00   9.5287974e-01  -4.4040268e-01   4.7069443e-01   2.8149668e-02  -3.5564237e-01   2.5433858e+00  -3.9955609e-01  -9.5297360e-01  -2.1839542e+00   1.1720325e+00  -4.0705093e-01  -2.3102901e-01  -6.7089654e-01   6.6768725e-01   1.1624281e+00   1.4225228e+00   1.6119333e+00
   2.0000000e+00  -1.3667792e+00   1.5322661e+00   7.4249928e-01   8.3932783e-01   2.1356249e+00   6.9876295e-01   5.5282952e-01  -1.7805725e+00  -6.3148612e-01  -1.1044885e+00   1.4043485e-02  -2.2215152e-01   6.9154393e-01   5.7987894e-01   4.4838065e-01  -8.6600465e-01   2.8463646e-01   8.7845668e-01
   2.0000000e+00  -3.7031316e-01  -2.8586620e-01   2.6865783e-01  -2.1809331e+00  -7.4170452e-01   1.9597260e-01  -7.4761412e-01   3.6178268e-01   7.3201729e-01   1.5318963e+00   3.8676488e-01  -1.3066332e-02  -1.3657979e+00  -3.7255038e-01  -6.1944316e-01   8.8573607e-01  -1.8353267e-01  -1.4391598e+00
   2.0000000e+00  -9.1512413e-02   7.5551715e-01   9.1826689e-01  -3.3962481e-01  -1.4177256e+00   5.7891189e-01  -8.8198481e-01   9.1035176e-01   1.8476837e-01  -4.5860768e-01   2.2449183e-01   9.2376398e-01   7.8206843e-01   2.4883505e+00  -1.7127031e+00   2.7773814e-01  -4.6900038e-01   6.1602721e-01
   2.0000000e+00  -1.4272837e+00  -1.8739807e+00  -7.9337622e-01   2.3545082e-01  -1.1565432e+00  -3.5299922e-01   8.7087386e-01   8.7434641e-01   1.8083927e+00  -1.8377942e+00   9.1524464e-01   2.9154043e-01   5.8110228e-01  -5.2740301e-01   1.4224984e+00   1.6937095e-01   4.2477233e-01  -1.8039535e-01
   2.0000000e+00  -6.1938047e-01   8.4714370e-01  -9.2180502e-01   9.8987191e-01  -4.3080476e-02   1.5207862e+00  -5.9867868e-01   1.3632363e+00   1.0534070e-01   2.7908069e+00   1.5566071e+00  -5.8836073e-01   8.6973245e-01   5.2536057e-01   2.6278086e-01   5.0710428e-01  -1.6488370e-01  -2.0893819e+00
   2.0000000e+00   9.9657279e-01  -6.1279181e-01   4.2763976e-01  -4.6505940e-01  -1.2688585e+00   8.3968558e-01  -1.4001980e+00  -7.0042031e-01   1.0055599e-01  -4.0903152e-01   5.2833645e-01  -3.2072058e-01  -1.0366591e+00  -6.0501545e-01   7.6581512e-01   5.6031073e-01  -1.6125559e+00   1.7757324e+00
   2.0000000e+00   7.0354388e-01   9.4264562e-02  -6.9089952e-01   9.6637673e-01   1.1970864e+00   2.3370650e-01  -4.4503050e-01   1.1084173e+00  -6.2246790e-01  -1.6125850e+00  -1.4085730e+00  -1.2286959e+00   1.6240073e-01   2.4413796e-01  -3.8689155e-01  -2.5683972e+00  -7.8336013e-02  -1.7361601e+00
   2.0000000e+00  -9.6485035e-01  -1.5508500e+00  -1.0300933e+00   4.2169959e-01   6.4496587e-01  -5.7284091e-01   6.7943637e-01  -4.2542483e-01  -8.4568817e-01   8.0321260e-01   8.9816279e-01   1.1300972e+00   1.9091034e+00  -5.1413789e-01  -1.4603577e+00  -1.7243891e-01   2.0388396e+00  -7.4831536e-01
   2.0000000e+00   1.9079832e+00   9.5174363e-01   2.4208825e+00  -6.7307340e-01   1.1669092e+00  -1.5672371e+00   7.6704199e-01   6.8014344e-01  -6.7618301e-01  -3.1738420e-01  -1.5684506e+00   1.8406309e+00  -8.9628094e-01   1.0610004e+00  -2.3776584e-01   7.7531582e-01  -9.9404563e-01   6.0914238e-01
   2.0000000e+00  -7.1076618e-01   1.2073948e+00   7.5502013e-01   1.4723364e+00  -1.0351923e+00   4.3397059e-01   1.2311645e+00   1.0430937e+00   9.9638998e-01   1.1257387e+00   1.0042533e+00   2.9181506e-01   1.7913654e+00   9.0964847e-01  -6.1792322e-01   1.3822405e+00  -2.6927907e+00   5.6086507e-01
   2.0000000e+00   3.0836708e-01   1.6522117e-01  -1.1106482e-01  -4.9562157e-01  -2.4412800e-01   2.2488366e+00   5.4253912e-01   7.5287369e-01  -1.5402255e-01  -2.5272057e-01  -2.4024820e-01   4.5158032e-01  -2.6748205e-01  -1.3017193e-01  -6.3109994e-01   2.3438383e-02  -7.9947956e-01   1.4122958e+00
   1.0000000e+00  -3.2027175e-01  -3.5983473e-01  -1.1923326e+00  -1.6032403e-01   2.2879845e-01   5.4211070e-02   9.3214288e-01  -1.5180670e+00   3.5564442e-01   8.2921405e-01   1.3495775e+00   7.4458327e-01  -3.0781676e-01  -2.9546786e-01   1.7454313e+00   1.0135314e+00   4.2656231e-01  -1.5226378e+00
   2.0000000e+00  -1.9048420e+00  -8.7086178e-01   2.0630653e-01   5.1843665e-01  -2.7414355e+00  -6.1260628e-01   1.2155317e+00   1.2647339e+00   1.4894726e+00  -8.9713920e-01  -1.1712051e-01   1.8021990e+00   7.6955363e-02   5.9695374e-01   1.1091186e+00   2.6936268e+00  -3.9625530e-01   1.4478480e+00
   2.0000000e+00  -1.1024138e+00   7.7996247e-01   7.4903415e-01   4.0744014e-01   7.1644190e-01  -6.0493454e-01   1.6138878e+00   1.2690779e-01  -1.8047533e+00   1.4992831e+00   9.9529082e-02   1.4926928e+00   1.9507524e-02  -3.6477027e-01  -2.0095064e-01  -1.0202846e-01  -1.9773807e+00   1.0204902e-01
   2.0000000e+00  -1.1341097e-01  -2.2403891e+00  -2.5470551e-01  -8.5481860e-01   1.0853158e+00   1.9479287e-01  -4.0457136e-01   1.2488768e+00   1.4785117e-01   1.1508598e+00   3.2210746e-01   2.1180294e-01  -1.8342475e-01  -1.0154663e+00   2.0263351e+00  -3.6508253e-01  -1.0686137e+00   1.2194152e+00
   1.0000000e+00  -1.5220405e-01  -2.0202941e-01  -5.5471585e-01  -1.5100666e+00   2.4631483e-03  -5.3497021e-01  -1.1257706e+00  -3.0413054e+00  -4.9347600e-01   6.2260450e-01  -9.4783645e-01  -9.7433180e-01   7.9554684e-02   2.8668356e-01  -1.1386026e+00  -4.0690768e-01   4.3791407e-02   1.1105118e-01
   2.0000000e+00  -1.2674029e+00  -5.9951575e-01  -1.1943942e+00   2.4986194e-01  -4.5556899e-01   4.1959872e-01  -8.8051496e-02  -8.4875037e-01  -8.7259713e-01  -9.5175130e-01   5.4086572e-01  -3.4856319e-01  -2.9515469e-01   4.5426406e-01  -5.4377346e-01   7.5686431e-01   4.4344548e-01  -3.8092622e-01
   2.0000000e+00   6.2386129e-01  -2.1713014e+00  -6.5725540e-01  -1.7947613e+00   1.2815060e+00   8.0161652e-01   6.7785832e-01   1.8541719e-02  -8.9617008e-01   4.1575226e-01  -1.9490876e+00   1.8030921e-01  -3.0706647e-02   1.8380751e-01  -7.2185462e-01   5.8712344e-01   2.3032203e+00  -7.6629761e-01
   2.0000000e+00   4.7286034e-02   1.1284923e+00   2.2897615e+00  -1.3337203e+00  -1.0268809e+00   1.0935438e+00  -5.9927349e-01   1.2702226e+00  -1.3513638e+00  -4.2643616e-01  -5.7743846e-03  -9.3094203e-01   6.3826728e-01   4.5668120e-01  -3.8647850e-01  -4.7081678e-01  -2.5044048e+00   7.2567340e-01
   2.0000000e+00   4.4746555e-01   1.1792037e-01  -3.1019641e-01  -8.5232031e-01  -5.8263137e-01  -5.6946618e-01  -6.3928449e-01  -6.9857982e-01  -1.2359782e+00   5.4473481e-01  -1.7563703e+00   4.2531400e-01   7.2106149e-01   3.2777992e-01  -2.8357620e-01   2.7336907e-01   1.7904551e+00  -3.4065926e-01
   1.0000000e+00   9.1055246e-01   4.8004283e-02   6.0625872e-01  -6.1637055e-01   5.8858545e-01  -5.8331345e-03   7.2812076e-01  -1.2566392e-01   2.8336362e-01  -4.7993255e-01   5.4698173e-01  -3.6330394e-02   1.6923393e-01  -2.0933780e-01   2.6425081e-01   1.0039347e+00  -7.1475091e-01  -6.2860711e-01
   2.0000000e+00   4.1009401e-01   1.1068665e-01   1.2194968e+00  -7.8202607e-01  -1.2368855e-01   2.1212402e+00   6.3261094e-01   4.3382945e-01  -4.4461644e-01  -4.9954172e-01  -7.7124591e-02  -1.4371760e+00  -2.1091552e-02  -5.8359134e-01  -8.5790582e-01  -5.6194215e-01  -5.2101884e-02  -1.1846686e+00
   2.0000000e+00  -2.1850767e-01   5.7770700e-02   9.6080749e-01   3.2445138e-01  -3.4709143e-01   7.4739978e-01   2.5665207e+00  -1.7002807e+00  -2.1019446e-01  -2.1219054e-01  -7.9559269e-01  -6.6103071e-01   3.2041997e-01  -5.1040555e-01  -7.0464079e-01   1.0164586e+00   9.3161842e-01  -1.1173741e+00
   2.0000000e+00   1.5900054e+00  -5.9145416e-01  -1.6326354e-01   5.5002997e-01   1.0225868e+00  -5.3665315e-01   2.3066734e-01  -8.1939840e-01  -7.1896982e-01   5.8383927e-01   9.2687802e-03   1.0648453e-01  -4.5020261e-02  -2.2661272e+00  -5.8342019e-02   1.6276105e+00   3.8316182e-01  -1.0836772e+00
   2.0000000e+00   1.2584000e+00   5.1833977e-01  -1.3301196e+00   1.5573631e-01   7.5940287e-01   1.0584768e-01   1.3084461e-01   1.5026521e-01   1.6200609e+00   7.8909178e-01   5.9484342e-01   2.5698215e-01   1.7737707e+00  -1.9567609e+00  -8.2395717e-01  -5.5017022e-02   9.5386506e-01  -4.8145723e-01
   2.0000000e+00  -1.2980115e+00  -1.4839197e+00  -1.5875357e+00  -1.6440060e-01   1.4828969e-01   1.0236049e+00  -9.8086858e-01  -3.2471777e-01   1.1374381e+00   7.9265090e-01   1.1643767e+00   7.6283537e-01  -7.4266194e-02  -1.0972336e+00   9.3837203e-01   4.7121913e-01  -1.3042596e+00  -4.8642509e-01
   1.0000000e+00   1.3343266e+00  -1.8906930e+00   8.3451758e-01  -7.2487192e-01   2.1881538e-01   1.2040381e-01   3.0472359e-01  -1.5536990e-02   7.4307210e-01  -4.9928958e-01  -6.5707095e-01   6.1990883e-01   6.6912786e-01   2.3254611e+00   7.4349274e-01  -2.6863042e-01   8.3047163e-01  -2.7770797e-01
   2.0000000e+00   7.2476636e-01  -2.8254518e-01   1.1116849e+00   4.5832065e-01  -2.6977217e-01  -1.3643430e-01  -6.4394760e-01  -9.2002654e-01   9.7074578e-01   1.9257187e-01  -1.0795236e+00   1.6533278e+00   1.8021028e+00  -1.7294567e-02  -1.0742932e-01   5.7266095e-01   5.3388191e-01   1.4889010e-02
   1.0000000e+00   6.3499005e-02  -3.4026377e-01   9.1036710e-01  -1.2195037e+00   6.0725205e-01   1.2461902e+00  -1.3038072e+00  -5.8499315e-01  -7.3275235e-01   2.9427839e-01  -3.0374860e-01  -1.0658326e+00  -4.3198210e-01   1.1654865e+00  -4.7168841e-01   6.6699486e-01  -2.3895259e-01   1.8469747e+00
   2.0000000e+00   1.2460952e+00  -1.8708541e+00   1.1037524e+00   6.8875196e-01  -4.5419427e-01  -4.6747152e-01  -6.8867255e-01   9.8168507e-01  -9.5894682e-01   5.9615541e-01   3.1643145e-01  -6.6267680e-01   2.7793693e-01  -4.8409217e-01  -1.5783728e+00  -2.6200833e-01   7.4874145e-01   7.6688113e-01
   2.0000000e+00   1.2321214e+00   1.6249783e+00  -2.2987143e+00   2.3503590e-01   9.6579386e-02  -6.5479525e-01   1.5723024e+00  -3.1440558e-01   6.1866286e-01   2.5885520e-01  -1.0557447e+00   5.8313477e-02  -1.3621450e+00   1.5114864e-01   1.2279136e+00   7.4557382e-01   1.0747738e+00  -1.3994618e+00
   2.0000000e+00  -3.9855275e-01   7.0213802e-01  -5.6812823e-01  -6.4682758e-01  -7.0835311e-01   2.6141204e+00   1.9129925e-01  -5.0608557e-01   1.4824496e+00  -4.2712109e-01  -2.7805086e-01  -1.9539923e+00   5.3589324e-01  -4.6463471e-01  -9.1275913e-01  -7.1328637e-02   6.3327185e-01  -1.8153996e+00
   2.0000000e+00  -8.5061580e-02  -2.0673586e-02   2.7712614e-01  -7.0592534e-02  -7.9520441e-01  -3.3294323e-01   5.9226823e-01   1.1839584e+00   1.6525667e+00   1.1833923e+00  -2.1116797e-01   5.0843080e-01  -5.2049176e-01  -9.5015421e-01   9.9655948e-01  -4.0770674e-01   1.1042494e+00   1.8184604e+00
   2.0000000e+00   1.3038998e+00  -7.1694211e-01   9.2573724e-01  -2.6368436e-01  -7.4297348e-01  -1.6836658e-01  -2.1643686e-01   6.3820406e-01  -4.5722857e-01   1.9562034e+00   5.5546890e-01  -2.8488991e+00  -1.0719040e+00  -3.5637586e-01  -8.1370041e-01   2.0508590e+00   1.0600441e+00   1.5354150e+00
   2.0000000e+00   3.6984000e-01   1.9079589e+00   5.9528404e-01   8.8579009e-01  -3.2069650e-02  -7.9628334e-01  -1.3257925e-01   7.0770520e-01   7.4653892e-01  -1.8368210e+00  -1.3342887e+00   5.3271312e-01   5.2558226e-01   3.8997859e-02   9.4100386e-01  -8.5611500e-01   6.1788377e-01  -8.0975537e-01
   1.0000000e+00   7.1566747e-01   4.5263989e-01   6.9908715e-01   6.0096286e-01   2.1187688e-01   2.2017626e+00   1.3367885e+00   3.9964174e-02  -8.1964399e-01  -2.3848096e-01   2.7314027e-01   9.3331008e-01   1.3704503e+00   5.3409538e-01   7.8131354e-01   3.6853474e-01  -5.9788000e-01  -1.8933209e-01
   1.0000000e+00  -4.9104087e-01   2.1514054e-01  -1.4916952e+00   3.1968025e-01   3.8815459e-01   8.0408863e-02   1.1070104e+00   9.0850474e-03   1.2289370e-01  -1.0342857e+00  -6.1349915e-01  -1.4271006e+00  -9.7626583e-01  -1.3362465e+00   8.6856591e-01   7.6304384e-01  -3.1940124e-01  -2.0891164e-01
   1.0000000e+00  -6.8350126e-02   6.5609800e-01   2.2636829e+00   5.4097663e-01   4.8405343e-02   4.5097079e-01   1.6285032e+00  -1.7978211e+00  -7.7750223e-01  -2.3828169e+00  -4.1852371e-01  -1.9408322e+00   1.0276607e-01  -2.7099700e+00  -8.0937711e-01   1.7123150e+00   3.4195011e-01   2.9134973e-01
   1.0000000e+00   3.6179642e-01  -7.9245357e-01   2.0866051e+00   2.0522904e-01   3.1625447e-01  -6.7167699e-01  -2.6540707e-01   2.9663794e-01   1.0735172e+00   2.4201814e-01   4.9804282e-01   5.9307110e-01   1.1848965e+00  -4.5483833e-01   1.1965264e+00   8.1308674e-01   3.5275454e-01  -4.7753534e-01
   2.0000000e+00   7.2444233e-01  -1.2410232e-01  -7.2923823e-01  -1.7951983e+00  -1.2616218e+00   6.0142940e-01  -1.3205305e+00  -4.4810704e-02   1.2170963e+00  -1.3298617e+00   3.0749046e-01   1.0578413e+00  -1.4515699e+00  -7.0262668e-01   9.9380291e-01   4.3169624e-01   1.7599740e+00   2.1661684e+00
   2.0000000e+00   9.4664776e-01  -1.5171782e+00  -5.7237858e-01   5.9693223e-01  -6.5294016e-01   2.9075450e-01  -8.6634442e-01  -5.8777525e-01   1.3548723e-01  -9.8004948e-01  -9.0800633e-01  -1.7944524e+00   1.2783500e+00  -6.9830631e-01   1.2252826e+00   5.3446383e-01   1.7705860e+00   3.0480924e+00
   2.0000000e+00   1.6974731e+00  -6.2624946e-01  -1.1148340e+00   7.0249479e-01  -5.8570561e-01  -2.2712480e+00  -6.0493482e-01   7.5050214e-01  -2.0096422e-01   3.5936551e-01   8.6251483e-01   1.5494721e+00   8.3528975e-01   7.6583643e-01   5.2725471e-01  -6.8815383e-01   4.6845524e-01   4.2524849e-01
   2.0000000e+00   1.7830760e-01  -4.0959003e-01  -1.6712845e+00   1.6123783e+00   1.0588653e+00   1.9856422e+00   5.6108833e-01  -2.4216045e-01  -1.5031964e-01   1.5110180e-02   6.5637799e-01   8.3397472e-01   1.0292777e+00   1.4938152e+00   1.3487999e-01  -1.0740830e+00   2.3308256e+00  -4.0430854e-01
   2.0000000e+00   6.6485493e-02   2.8270712e-01  -1.1689314e+00   2.0778827e+00  -2.2582039e+00   1.0975410e+00  -2.9621986e-01  -8.5816871e-01   8.4304806e-01  -8.6184679e-01   1.3011354e-01   1.4012126e-01  -1.0877448e+00  -7.7053772e-01   6.4348073e-01   1.4209058e+00   3.0278872e-02   1.6261305e-01
   2.0000000e+00  -2.6193368e-01   8.4866001e-01   5.8716440e-01  -3.0340702e-01   1.7175799e+00   1.3148437e+00  -8.6111208e-01  -1.1532974e+00  -4.0916757e-01   1.4912392e+00  -4.4847033e-01  -1.2083265e+00   1.5998526e-01   1.5525078e+00  -2.6437875e-01   1.0414654e+00  -4.9998756e-01  -6.3794340e-01
   2.0000000e+00   3.4414285e-02   3.2301040e-01  -3.5313885e-02   1.2264207e+00  -1.0959618e+00  -4.4089593e-01  -1.8380832e+00   1.1290606e+00   4.0241711e-01   2.4117140e+00  -5.9865091e-01   2.6862336e-01  -7.0847007e-01   1.7562364e-01  -9.1152980e-01   9.2278732e-01   2.6443024e-01   2.1056463e+00
   2.0000000e+00   1.2161305e-01  -1.3015138e+00   1.3768727e+00   3.0622994e-01  -1.4377314e+00  -8.8424465e-01  -5.2969798e-01   1.2372001e+00   4.6051286e-01   1.4617237e+00  -1.0844891e+00   1.5987472e+00   1.6411644e+00  -1.2364509e+00  -6.1090252e-01   7.0979395e-02  -5.5372835e-01  -1.2632298e+00
   2.0000000e+00  -6.6721358e-01   5.5342487e-01   1.5940619e+00   9.5772740e-01  -5.3525000e-01   2.1794146e+00  -9.2452661e-01   8.8427951e-02   1.8383899e-01  -8.3080229e-01  -3.7384032e-01  -2.2892358e-01   5.1689950e-01   9.8807504e-01  -5.2101438e-01   1.0428841e+00   2.1637861e+00  -1.0238665e+00
   1.0000000e+00   2.3841783e-01   2.5350141e-02  -4.9335972e-01   4.4413917e-02   2.0025887e-01  -1.0787688e+00   1.0243855e+00  -2.3316954e+00   2.4806535e-01  -4.2242663e-01  -1.2748324e+00  -3.8352512e-01  -2.2041692e+00   1.4381893e+00   1.5049367e+00   1.4402061e+00   7.5365281e-01  -7.5966126e-01
   2.0000000e+00   5.0461937e-01  -2.4733899e+00   1.9738212e-02  -1.3023543e+00  -6.3542743e-01  -9.0826597e-01   6.6619392e-01  -5.7072564e-02   3.1607338e+00   2.5763057e-02   8.6165204e-03   2.9878033e-01   6.4867183e-03  -6.0779262e-01  -4.6247616e-01  -1.2475812e-01   1.2969869e+00  -1.1827270e-01
   2.0000000e+00  -1.9891105e+00  -1.4766658e+00   1.2408381e-01  -3.6823623e-01   1.7360377e+00   1.8635832e-01   4.8096081e-01  -8.8511278e-01   2.2229235e+00  -2.6957662e-01  -5.0550942e-01   1.9413958e+00  -2.1927382e-02  -9.6460684e-01  -6.2383631e-01   2.0399241e+00   7.2034734e-01  -1.0064502e+00
   2.0000000e+00  -1.2095561e+00   9.6216598e-02   5.0972223e-01   1.9575932e+00   1.5086555e+00   1.5375363e+00   6.8889232e-01  -1.0180250e-01   1.7059937e-01  -4.0817911e-01  -4.5074863e-01  -9.2848927e-01  -1.3924485e+00  -1.5731056e+00  -3.0983026e-01  -4.0508032e-01  -6.9080280e-01  -1.5348903e-01
   2.0000000e+00  -7.4644283e-01  -1.7417918e+00  -1.4510197e-01  -1.7561410e+00   2.5594767e+00   3.3617729e-02  -7.2545485e-01  -4.6039818e-01   3.2804624e-02  -1.0893286e+00  -3.3494565e-01   1.2724108e+00   1.8200892e+00   2.7060367e-02  -1.2802232e+00  -1.0726669e+00  -1.6604921e+00   3.5327783e-01
   2.0000000e+00  -4.8630701e-01   6.5137074e-01   5.4470726e-02   1.9005010e+00   5.5769640e-01  -9.1847300e-01   1.1650883e+00   1.6782973e+00  -4.3553095e-01   2.6514865e-02   7.0414400e-01   7.7256670e-02   1.9656543e-01   1.4891342e-01   7.6532170e-02   6.8494539e-01  -1.5514913e+00   1.0584696e+00
   1.0000000e+00   1.2431319e+00  -1.2674005e+00  -1.1406642e+00  -5.9353681e-01   6.9167499e-01   2.9978059e-01  -6.0886491e-01   1.8475053e-01  -6.7915559e-02  -7.7339090e-01  -9.0082408e-01  -8.7544658e-01  -1.4922493e+00   4.5993879e-01  -2.7341249e+00   2.8806302e-02   7.6945320e-03   1.2171876e-01
   2.0000000e+00  -1.3218482e+00   1.0470549e-01  -4.9752327e-01  -8.5078280e-01  -1.7970421e+00   2.5769796e+00   3.1064954e-01   7.9594975e-01   1.9900376e+00   1.3117644e+00  -5.9347792e-03   6.2413554e-01   1.9257154e+00   1.1057753e+00   6.6732249e-01   1.2868472e+00   4.8802581e-01   1.5213098e+00
   2.0000000e+00   7.3472541e-01  -1.3311822e+00  -4.6652700e-01  -8.3043222e-01   7.1050785e-01  -5.0855289e-01   1.4792523e-01   1.1009062e+00  -1.2758074e+00  -3.6934015e-01   1.3249562e+00  -1.0578386e+00   1.6778827e+00  -6.5388301e-01  -9.1827394e-01  -2.5258583e-01   9.4067894e-01   1.1497660e+00
   2.0000000e+00  -1.6551837e-02   1.0596763e+00   5.4628023e-01   4.1626238e-01  -2.8330112e+00   9.6942571e-01   3.1532544e-01   9.8051415e-01   7.5222489e-02  -4.7607606e-01   4.6512082e-01  -2.4578482e-01   5.2104701e-02  -9.4099275e-01  -2.7465901e-01   5.8698748e-01   5.0745808e-01   1.3200565e+00
   2.0000000e+00   1.2098881e+00  -1.4843831e-01  -3.8262163e-01  -7.6438746e-01  -1.3756257e+00   3.3899220e-01   4.9958175e-01  -1.9556005e+00  -1.2782242e+00   1.3338859e+00   1.0879912e+00  -1.0874396e+00   2.2442632e+00   4.6784966e-01   1.7863488e+00  -8.8560246e-02  -2.1912048e+00  -1.0602333e-01
   2.0000000e+00   1.6247815e-01  -4.8806392e-01   9.3019888e-01   9.1772828e-01  -9.3069005e-01  -2.2927319e+00  -8.1558541e-01  -9.4167264e-01  -4.2445806e-01  -5.1946090e-01   1.2318213e+00  -1.2121272e+00   2.1302681e-01   6.4310737e-01   2.0391648e-01   1.0887085e+00   8.5541562e-01  -4.5530756e-01
   2.0000000e+00  -5.7211058e-01   6.4451550e-01   7.4346816e-01   4.7674985e-01  -4.8473180e-01   6.8123193e-01  -1.2565210e+00   1.7300949e-01   2.2934031e-01  -1.5050873e+00  -2.2106526e+00   2.4953174e-01   1.0352037e-01   9.5741337e-01   1.9889543e+00   2.0668454e+00   1.6051168e+00   1.3821643e+00
   2.0000000e+00  -1.4983036e-01   1.3366550e+00  -6.8955312e-01   1.1448873e-01   4.9563310e-01  -2.7595765e-01  -6.3386481e-01   4.4539574e-01  -1.7743260e-01   3.6403090e-01  -6.5481869e-01   3.0449083e-01   1.3258353e+00  -2.3360659e+00   1.7010029e+00  -9.9102582e-01  -9.5629738e-01  -1.0711335e+00
   2.0000000e+00  -1.8842579e+00  -8.9265220e-02  -2.8721399e-01  -4.9551686e-01  -4.6862973e-01   2.9001313e-01  -1.3329476e+00   9.8712990e-01  -6.1587338e-01   1.1037655e-01  -9.3835209e-01  -8.9576926e-01  -6.9042345e-01   1.8303802e-01   9.4455658e-01   9.6988188e-02   3.6362547e-01   1.5632495e+00
   2.0000000e+00  -3.2081183e+00  -2.2071762e-01   2.4179158e-01  -1.9408933e-01  -1.4419597e+00  -2.6432318e-01   5.9257444e-01  -3.6207160e-01   1.6888673e+00   2.1160326e+00   5.4806220e-01   6.4214644e-01  -2.2078219e-01  -1.2072281e+00   4.5858893e-01   2.0467269e+00  -1.2737648e+00  -2.1901321e-01
   1.0000000e+00  -1.1365607e+00   6.6692301e-01  -5.4966919e-01  -1.1618795e+00   4.0664182e-01  -1.8796392e-01  -1.1352234e+00  -1.9749981e+00  -8.9162522e-02  -7.6704824e-01   4.9090181e-01   4.6982182e-01  -7.3519723e-01   1.0645906e+00  -2.0150648e+00   7.5078970e-01  -7.8878161e-01  -1.4860692e-02
   2.0000000e+00  -7.6441701e-01  -5.3787261e-01   3.5701825e-01   1.2465937e-01  -2.5645161e-01   1.0639470e+00  -7.3037531e-01  -5.2476366e-01  -3.4739992e-01  -2.2255184e+00  -2.8960575e-01  -6.4087459e-01   2.8120639e-01   1.1797133e-02   3.0489452e-01  -8.6213980e-01   6.9771564e-01  -1.2979983e-01
   2.0000000e+00   1.4150503e+00   3.6345816e-01   5.6297905e-01   2.6191922e-01   1.8757749e+00   6.8595401e-01  -9.7724341e-01   1.0959803e+00  -2.4430921e-01   9.3722352e-02  -1.7387307e-01  -3.0183521e-01   3.0945767e-01   4.4525172e-01   3.2994675e-02  -5.6980746e-01   2.4981199e-02   1.1945514e+00
   2.0000000e+00   1.2643473e-01  -6.6366190e-01   4.3214131e-01  -7.3564688e-01  -1.8618841e-01   9.6248712e-01  -1.1693951e+00   3.6935987e-01   1.5768028e+00   6.1919635e-01   1.8343131e-01   6.1622048e-02  -2.1904655e-01  -1.2174547e+00  -1.8245657e+00  -1.5874326e-01  -7.4910575e-01  -1.7853994e-01
   1.0000000e+00  -1.7848652e+00   4.7856458e-01  -7.1567348e-01   2.7838866e-01   2.3795958e-01   2.1734059e-01   1.4412880e+00  -3.5876390e-01   2.4451386e+00  -8.8256138e-01  -1.7168793e+00   7.4729820e-01   2.6049290e-01  -5.6853631e-01   7.4739045e-01   1.1719962e+00   2.8708555e-01   2.9689779e-01
   2.0000000e+00  -1.0930172e+00   1.6093299e+00  -1.2284312e+00  -4.5146119e-01  -1.1609952e+00  -2.5460592e-01   1.3517483e+00  -3.6106355e-01   1.0633557e+00   2.2242495e-01  -1.2829862e+00  -1.0298399e+00   1.6413692e+00  -7.6715881e-01   1.0004361e-01   7.5424679e-01   4.0011051e-01  -4.4208532e-01
   2.0000000e+00  -5.5793639e-01   3.5801309e-01   5.2347824e-01  -1.9267324e+00   1.2602255e+00  -4.1986540e-01  -6.2929776e-01   3.3359657e-01   6.7932053e-01   6.7352903e-01  -7.1434829e-01   1.1327233e+00   2.5311571e-01  -1.0190064e+00   1.3614650e+00   7.7864367e-01   2.2508743e+00  -1.4296805e-01
   2.0000000e+00   8.4861110e-01  -9.0830801e-01  -7.6096848e-01  -8.9945966e-01   7.6766532e-01  -8.0920450e-02  -3.8907489e-01  -3.8674709e-01   4.5054187e-02   1.0331832e+00   2.1456889e-01   1.3439767e+00   4.3633920e-01  -5.5349529e-01  -7.4895636e-01   9.2743260e-01  -6.5455755e-01  -2.6287741e+00
   2.0000000e+00  -3.7346704e-01  -1.2811192e+00   9.1590959e-01  -1.3466444e+00  -7.9966104e-01   9.5806151e-01  -5.8181734e-01   3.7686864e-01  -9.4784462e-01  -6.1742687e-01  -8.0567743e-01  -1.0605852e-01   6.2230178e-01   1.6094639e+00   1.8474448e-01   9.7300264e-01   7.0887908e-01  -1.0604119e+00
   2.0000000e+00  -1.6261983e+00  -1.5272046e+00   8.5063442e-01  -1.4229368e+00  -4.8495536e-01   4.5614944e-01   2.9086103e-01  -5.3947346e-01   4.2715487e-01   1.6350734e+00  -1.4518990e+00  -2.8162354e-01  -4.2069365e-01  -6.0572976e-01   1.9475477e+00   6.0721071e-01  -8.4696158e-01  -5.2085566e-01
   2.0000000e+00   8.4952228e-01  -3.2780371e-01   1.9103852e+00   1.5856133e+00   1.5138396e+00  -1.2765900e+00   3.4907945e-01  -1.5468650e-02  -1.3171707e+00  -2.7750969e-01  -1.2571210e-01  -3.8708967e-01  -1.0586267e+00   1.2919126e+00   2.3456818e-01  -2.5326845e+00  -1.0592138e+00  -5.6901776e-01
   1.0000000e+00  -6.4883185e-01  -9.2716354e-01   3.5925800e-01  -4.1748533e-01   5.7168171e-01   1.4209294e+00  -3.6321220e-01  -2.2779857e-01  -6.6435034e-01   1.9529093e-01   8.4554110e-01  -2.6880206e-01   4.1427266e-01  -1.8227828e+00   2.9375121e-01  -1.0543268e+00  -3.4833586e-01  -1.2223229e+00
   2.0000000e+00   2.8389388e-01  -1.1317641e-01  -2.1640502e-01  -1.0949307e+00  -9.2283856e-01  -4.6715839e-01   7.1956209e-01  -2.8290578e-02  -5.7619135e-01  -3.1273834e-01   3.7770276e-01  -5.5076829e-01  -1.0999131e+00  -6.0664386e-01   8.6711376e-01  -2.4203648e-02  -2.0661833e-02   3.3512994e-01
   2.0000000e+00  -7.2425696e-01   5.0588104e-02  -5.0474408e-04   1.9551817e+00  -1.2694888e-01  -5.5859327e-01  -1.8729843e+00  -1.2014022e-01   5.2219865e-01  -1.0335114e+00  -1.2805844e+00   1.4187695e+00   2.6654749e+00   1.8360120e+00   2.7207350e-01  -4.4841912e-01  -1.2756193e+00  -1.0046693e+00
   2.0000000e+00  -5.8164400e-01   1.3923275e-01  -2.0169856e+00  -1.1763013e+00   1.0191674e+00  -2.3115295e-01  -9.3775272e-02   2.7921070e-01   1.1306447e+00   1.1995666e+00  -6.1696271e-01  -1.0254230e-01   3.9664076e-01   3.9454687e-01   8.3142602e-01   6.6389412e-01   5.0401031e-01  -1.7768774e+00
   2.0000000e+00  -2.9605063e-01   2.6215828e-01  -1.1514440e+00   4.3031313e-01   1.8200827e+00   3.3787191e-01   1.6815425e-02   1.2682517e+00   4.5268978e-01  -2.3327900e-01   2.6872643e-01  -6.5903389e-01   1.1769448e+00   1.1852477e+00   2.3479661e-01  -1.7237119e+00  -9.1999887e-02   4.2044145e-01
   1.0000000e+00  -5.5552794e-01   9.9766606e-01  -1.3504139e-01   4.0079891e-01   1.0113072e-01  -3.7153473e-01  -1.2855582e+00   4.3634233e-02  -1.2320430e+00   7.9230359e-01  -3.9193828e-02  -2.3240658e-01  -1.3399172e+00  -1.3766406e-01  -7.0609357e-01  -5.5147498e-01  -2.7957224e-01   6.0250615e-01
   2.0000000e+00  -1.3821948e-01   1.3753616e+00   1.9031374e+00   8.6945620e-03  -1.1281817e+00   2.8399724e-01  -2.1652425e+00   1.9340467e+00  -6.4071485e-01  -8.0034274e-02  -2.3418223e-01  -1.7635443e+00  -9.6451460e-01  -2.4973443e-02  -1.2737128e-01  -1.0102413e+00  -1.7835114e+00  -2.7117637e-01
   2.0000000e+00   4.5837882e-01   1.1391559e-02   5.1684150e-01  -8.8404480e-01  -1.2386210e+00   5.1576081e-03   7.3839643e-01  -1.5108790e+00   2.6211225e+00   7.5517345e-02   1.6047698e+00  -2.1440189e-01  -1.9890558e+00   1.8124587e+00   2.6359058e+00   1.1496693e+00  -1.5759872e+00  -1.7957692e-02
   2.0000000e+00  -4.1604280e-01  -1.2082380e+00   1.2839304e+00  -3.5084409e-02  -6.8182730e-01  -4.6386645e-01   9.0592733e-01   1.6830559e+00  -2.3727702e+00   3.7354756e-01   3.5896419e-01  -1.1686078e-01  -1.7370569e-01   1.4785890e-01   6.0907133e-02  -7.6621179e-01  -4.3106115e-01  -1.3539887e+00
   2.0000000e+00   6.2093617e-01  -1.1776213e+00  -9.8973077e-01  -4.5070506e-01  -8.5113598e-01   1.3067450e+00  -1.1936444e+00   1.4791724e+00   6.4410677e-01  -1.3705645e+00  -8.5893190e-01   3.7636049e-01   4.8058135e-01  -5.6358032e-01   8.4142467e-01  -7.5392659e-01   3.2235269e-01   1.8950701e+00
   1.0000000e+00   1.5691673e+00   1.0460608e+00  -1.1312132e+00   3.4003525e-01   4.1655847e-02  -4.8940971e-01   5.5893819e-01  -1.1135834e+00  -7.9715537e-01  -8.6660831e-02   8.9468572e-01   8.3874074e-01  -8.0193611e-01  -4.4723748e-01  -2.4021463e-02   6.9162119e-01   5.1175589e-01   1.8111569e+00
   2.0000000e+00   6.2372009e-01   3.8354607e-01  -5.8101403e-01   5.4338389e-01  -4.5997945e-02   7.7915367e-02  -3.3519106e-01  -1.4937196e+00  -7.9571398e-01  -1.1355091e-01   3.1527648e-01   1.8571199e+00   5.9637847e-01  -1.3911834e+00  -1.0421295e+00  -6.2900901e-02   2.6665746e-01   3.5235457e-01
   2.0000000e+00   1.0920266e-01  -1.9812685e+00   4.8762166e-01  -3.3068077e-02  -2.4476703e-01  -7.7160715e-01  -3.1026451e-02   1.9311523e-02  -1.5769894e+00  -6.9617725e-02   5.0099756e-01   1.2381906e+00   7.0650769e-01   9.8967997e-01   2.1770579e-01  -1.4760476e-01   1.0049648e+00  -4.9935511e-01
   2.0000000e+00   1.1581797e+00  -6.6520410e-01  -1.1968041e+00  -9.4065414e-01  -1.4903741e+00   8.5022942e-01  -9.2501341e-02   1.5283275e+00  -1.1663868e+00  -1.2678600e+00   5.0045940e-01  -8.0154454e-01  -3.3130279e-01  -5.2320316e-01  -4.9533370e-01   6.5734601e-01  -4.8285485e-01   1.3605439e+00
   2.0000000e+00  -9.6622640e-01  -1.1979277e-02   9.1308460e-02  -2.1949143e+00  -1.0602258e+00   2.3819202e-01   9.1992815e-01  -3.2511122e-01  -2.8188722e-02  -1.2979182e+00  -2.0730343e+00  -6.1105207e-01   1.6141900e+00   1.4634245e+00   1.0107472e+00   1.9830425e-01   7.3596861e-01   6.2455506e-01
   2.0000000e+00   9.8013152e-01  -3.3985322e+00   9.3597151e-02  -3.6630595e-01   7.7005771e-01   2.0667345e-01   9.7193695e-01  -1.6530759e-01  -1.5709252e+00  -8.3033966e-01   5.6355409e-01  -1.3528945e-01   6.7162148e-01   2.7257159e-02  -4.2027444e-02   1.5080129e+00  -1.0148578e+00   7.8924763e-02
   2.0000000e+00  -9.8010529e-01  -2.0691714e+00   6.4045554e-01   2.7053902e-01  -1.4124457e+00   3.9648916e-01  -8.5947446e-01  -1.1212422e-01   2.8751681e-01  -1.0464635e+00   8.9413276e-01  -1.2764124e-01   2.1147817e-01   3.1636154e-01   1.8787192e-01  -2.1773728e+00   1.0690682e+00  -5.1245650e-02
   2.0000000e+00  -2.2952278e-02   1.2154750e+00   1.9385830e+00  -2.8040510e-01  -1.1014060e+00  -1.3781357e+00  -7.5338252e-01   1.1106656e+00  -1.1255664e-01   1.0562923e+00   1.2285737e+00  -5.9459300e-01  -1.5247503e+00  -9.8759896e-01  -1.8251356e-01  -8.9949731e-01   8.3427061e-01   5.5891583e-01
   2.0000000e+00  -5.4818295e-01  -3.7120915e-01  -7.9608411e-01   8.9631322e-01  -7.2460762e-01   3.0687302e-01   5.6631866e-01   2.9876852e-01   5.8633443e-01   1.6121333e+00  -2.6063592e-01  -6.4711064e-01   5.5221744e-01   1.5315624e-01   1.3494540e+00  -4.5694066e-01   1.0553565e-02   2.0312802e+00
   1.0000000e+00  -5.5062985e-01   3.0648487e+00   1.7010984e-01  -2.6380633e-01   3.5962582e-02  -7.2758665e-01   1.0572068e+00   2.5267662e+00  -6.1236536e-01   1.0688017e-01  -1.5478619e-01   1.1474467e+00  -5.0688918e-01  -2.7230664e-01   9.4644308e-01   7.5426839e-02  -7.6211698e-02  -1.1585026e-01
   2.0000000e+00   3.8259062e-01  -5.4197402e-01  -1.3582073e+00  -6.3415490e-01   1.3904710e-01   2.0296351e+00  -3.1647766e-01   1.1557728e+00   1.5667867e+00   5.3061256e-01   5.1518116e-01   2.7422238e-01   1.1846741e+00  -8.6728854e-01   1.2880910e+00  -5.1120605e-01   2.5880706e+00  -1.4964155e-01
   2.0000000e+00  -8.4006581e-01  -1.7010162e-01  -6.8268931e-01   7.1557986e-01  -1.2706905e-01   3.2008926e-01   8.5398453e-01   1.5097728e+00  -4.6790115e-01  -1.7153704e+00  -5.9413379e-01  -1.4689642e+00  -1.5143010e+00  -1.6291436e+00  -1.2124676e+00   4.8069065e-01  -1.3667984e+00  -2.0400937e+00
   1.0000000e+00  -2.8765053e-01  -8.2294233e-01  -2.1499290e-01   2.1400486e-01   3.1772211e-01   3.0544268e-01  -5.4043787e-01   1.3675961e+00   6.5718857e-01   3.7690477e-01  -6.9249889e-01   1.3186652e+00  -5.4284962e-01   2.4522398e-01  -1.5779779e-01   9.2590226e-01  -1.2397240e-01  -6.1972261e-01
   2.0000000e+00  -1.9965725e-01  -5.2116990e-01   2.8768721e-01   2.8429477e-01  -1.7093984e+00  -1.0389680e+00   6.3723523e-03  -4.4140990e-02  -1.3281653e+00  -5.5364565e-01  -5.6256912e-01  -1.5403728e-01   1.3700187e+00  -3.0766778e-01   8.4083523e-01  -3.1194497e-01  -3.6154942e-01  -2.3349966e+00
   2.0000000e+00   8.9968721e-01  -3.3792060e-01  -2.0659322e+00   8.6655009e-01   9.3282874e-01   3.4401559e-01  -3.4827034e-02   6.7113032e-01   9.2229785e-01   5.2783773e-01  -6.6784826e-01  -5.2139865e-01   1.6726399e+00  -7.1766930e-01  -1.2234951e-01  -1.2836245e+00  -6.2819876e-01   1.8676088e+00
   2.0000000e+00  -3.9152470e-01  -1.2913551e+00   8.0380588e-03  -2.2473622e-01  -9.4796020e-01  -5.5824562e-01   2.5642629e-01  -1.0978325e+00   4.0305584e-01  -2.7721960e+00  -1.0014162e+00  -1.7906510e-01   6.6624265e-01   1.2782360e+00  -1.2796800e+00  -1.2361144e+00  -8.5883260e-02  -1.4666125e+00
   2.0000000e+00  -1.5869279e+00  -2.5312181e-01  -2.3639199e-01  -4.5194381e-01  -7.9961710e-01   1.1433190e-01  -9.0895502e-01  -2.1809642e+00   8.9777917e-01   7.2271541e-01   4.4792564e-01   9.3919101e-02   4.4202091e-01  -6.3614240e-01   3.5582600e-02   6.6361971e-02   4.4929352e-02  -7.0080459e-01
   2.0000000e+00  -3.5616414e-01  -7.3674050e-02   1.1892443e+00  -3.5632141e-01  -2.1429416e-01  -5.8156528e-01   1.5315780e-01  -3.2995612e+00  -4.3383166e-01   2.9971683e-01  -3.8640993e-01  -2.2524993e+00   3.0497158e-01  -2.0267107e-02   1.4796537e+00  -1.3187196e-01  -9.3323819e-01   4.2228013e-01
   2.0000000e+00   1.0593128e-01   7.2063003e-02   8.7845233e-02   2.4804548e-01  -7.5199243e-01  -7.5582453e-01   5.4074417e-01   7.9880087e-01   1.4289515e-01  -1.4230280e+00   2.0105003e+00   5.3099733e-01  -1.2348098e+00  -2.9629943e-01  -4.2177761e-01   1.4278673e+00  -3.5486664e-01   4.2727205e-01
   2.0000000e+00   7.3754517e-01   1.0237476e+00  -3.8875819e-01  -3.1371220e-01  -1.4960552e-01  -5.7788603e-01   5.2065676e-01   4.4317837e-01  -3.3141539e-01  -1.4939715e-01  -9.7145580e-01   1.1981974e+00  -6.4255094e-01  -9.2875918e-02  -6.1368099e-01   4.6708118e-01   1.9102211e-01  -8.2593820e-01
   1.0000000e+00   1.2743573e+00  -1.0409832e+00   3.7018614e-01   1.0595507e+00   2.4657074e-01   1.1982559e+00   2.9712166e-01  -3.4041885e-01  -1.1484210e+00  -6.3153740e-01   7.3264782e-01  -7.9094137e-01   7.9469177e-01   1.0524903e+00   7.4230042e-01   5.7707900e-01   5.3364602e-01   3.8472273e-01
   2.0000000e+00   1.4112825e+00   1.1350070e+00  -4.0031322e-01  -9.6920021e-01  -7.1585727e-01   4.2227827e-01   2.6439851e+00   2.3836716e-01   2.9358826e-01  -1.3582103e+00   4.5048468e-01   6.9102505e-01  -8.7520603e-02  -1.8105648e-01  -1.4959513e+00  -8.1081648e-01  -5.4960317e-01  -6.9306495e-01
   2.0000000e+00   2.0487505e+00   9.4170245e-01   1.8136853e+00  -1.0002154e+00  -1.4684706e-01  -3.6922518e-01   6.8314988e-01   2.3414104e+00  -1.2190853e+00  -7.6154959e-02  -1.8971263e-01   4.2743858e-02   6.6405986e-01  -2.0938152e-01  -7.3653773e-03  -1.1186487e+00   1.3375633e-01  -1.1009951e+00
   2.0000000e+00   5.5532996e-01   1.4525956e-01  -1.9229812e-01  -1.1422153e+00  -8.0916267e-01   1.6235671e+00   5.3289826e-01  -3.2101040e-01  -1.6596516e+00   1.5485580e-01  -2.9728870e-02  -9.7403722e-01  -1.0890878e+00   3.3620772e-01   1.0171385e+00   4.2321629e-02  -4.1131755e-01   1.4982902e-01
   2.0000000e+00   5.0291650e-02  -2.0705957e+00   7.0047296e-01  -5.5430893e-01   8.7026782e-01  -3.7186468e-01   6.3575884e-01  -1.1674470e+00  -1.8482549e-01   3.1772902e-01   7.1960679e-01  -1.3761407e+00  -4.7095233e-01  -9.2199932e-01   7.1710480e-01  -5.3013851e-01   5.9343418e-01   1.4475330e+00
   2.0000000e+00   4.5034056e-01  -1.0811043e+00  -9.9948050e-02   7.6582976e-01   1.5224079e+00  -1.5027344e-01   2.6360828e+00  -1.7205005e+00  -2.4067241e-01  -1.3057596e+00  -8.4574940e-01   5.4369892e-01   9.8157759e-01  -8.4929334e-01  -1.1911877e+00   6.2076760e-01  -3.4846024e-01  -5.1703060e-02
   1.0000000e+00   8.4880826e-01  -1.0893115e+00   1.3518694e-01  -3.2421752e-01   8.6895458e-02  -7.1140004e-01   4.2877677e-01  -2.0062439e+00  -1.5791212e-01  -5.2112243e-01  -1.5936869e+00   7.9701802e-02  -1.3633582e+00  -1.3938312e-01  -5.1964420e-01   1.1279460e-01  -9.7578834e-02   6.1372582e-02
   2.0000000e+00  -9.1413744e-01   1.5718049e+00  -1.0330717e+00   2.1740627e-01  -1.1363322e+00   2.1252088e+00  -2.8988009e-02   2.5712784e-01   7.8020506e-01  -2.9046380e-01   2.4399938e-01  -2.4939715e+00  -2.4924220e-02   1.0742362e-01  -1.0062091e+00  -1.6807672e-01   1.2095002e-01   1.1133256e+00
   2.0000000e+00   1.6586226e-02  -1.4292167e+00  -3.0838539e-02   7.3994651e-01   1.8603715e+00   9.8526916e-01   8.2370402e-02   1.9974045e-01   1.0999449e+00   1.0160778e+00   2.4642802e-01  -7.2242908e-02   2.0955598e-01  -3.3291712e-01  -1.7824652e-01   2.0417707e-01   5.7227438e-01  -3.5211353e-01
   2.0000000e+00  -8.2097426e-01  -8.6048254e-01   1.9900505e-01  -1.4925808e+00  -9.1823087e-01  -1.8215876e+00   2.0498026e+00  -3.6181489e-01  -5.9184765e-02   4.8448311e-01   1.4255790e+00  -1.3356218e-01   6.6233329e-01   5.2522095e-02   6.5237106e-01  -7.1433153e-01  -1.4360735e+00  -1.5314058e+00
   1.0000000e+00   9.0433094e-01   1.1382694e+00  -2.0675390e+00   6.7859724e-01   4.0296404e-01   2.9636630e-01  -3.6193108e-01   6.8846927e-01   7.0939597e-01   1.9839303e-01  -1.4816986e+00   2.8829369e-02  -5.8386674e-01   1.3104265e+00   5.0588427e-01   2.6873046e-01   3.4930010e-01  -1.1978227e+00
   2.0000000e+00   4.6687378e-01   6.7228986e-01   6.3805882e-01  -6.6158718e-01  -2.3020484e-01  -9.7260999e-01  -6.5588038e-01   1.5531560e+00  -4.0204447e-01   9.2876307e-01   2.0540023e+00  -9.2602537e-01  -8.6141051e-01  -4.8373897e-01   1.1300873e+00   6.6478883e-01  -5.8297777e-01  -2.0103345e-01
   2.0000000e+00  -1.9023091e+00   1.2666717e+00   1.1608454e+00  -4.3895287e-02   3.5644030e-01  -5.9984348e-01  -3.5470018e-01   1.4110632e+00   9.2175819e-01   8.1398662e-01  -8.2314305e-02   1.0125132e+00   1.5007398e+00   4.0575523e-02  -1.3507911e-01   2.5617674e-01   1.5521901e-01  -2.2095474e+00
   2.0000000e+00   4.4347718e-01   3.1070323e-01   2.3888952e-01  -1.8495762e-01  -1.4887801e-01   6.7914786e-01  -1.3643055e+00  -1.9468672e-01   1.3222317e-01  -8.8501507e-01  -1.9014287e+00   1.6875111e-01  -9.4317044e-01  -1.1521274e+00   5.0338640e-01   9.4955765e-01  -1.7975035e-01   1.5072924e+00
   2.0000000e+00  -9.5762041e-01  -8.3795808e-01  -2.4859831e-01   3.0683912e+00  -3.6270533e-01  -1.4124941e-01   1.8473716e+00  -8.8164830e-01   5.3889972e-02   8.6890955e-01  -1.7523880e+00  -2.6609944e-01  -9.3856837e-01   2.0703404e-01  -2.3141457e-01   1.7356941e+00  -1.4248518e+00  -4.1640243e-02
   2.0000000e+00   2.1431084e-01  -7.2458821e-02  -9.4447951e-01  -1.6573611e+00  -7.9031340e-02   2.7893037e+00   1.0009629e+00  -1.4164065e-01  -5.0265771e-01  -5.1496961e-01  -1.4942270e+00  -1.3184335e+00   9.6299695e-01  -1.8560292e+00   2.8246904e-01   7.1039883e-02   9.5007520e-01   5.6855052e-01
   2.0000000e+00  -1.7381510e-01   1.0459063e+00  -3.7856917e+00  -1.1609214e+00   8.8879491e-01  -1.9441269e+00  -1.8688485e+00  -8.4923915e-01   5.0924995e-01  -1.9176789e-01   1.6551382e+00   2.6676708e-01  -3.1923624e-01   8.4888753e-01  -2.9789770e-01  -5.8581150e-01  -9.9638163e-01   7.5667667e-01
   1.0000000e+00  -8.1511057e-01  -1.1682184e+00   5.7032016e-01  -4.0192101e-01   4.9647256e-01  -4.0287294e-02  -1.3037630e+00   3.9295472e-01   5.5736488e-01  -1.5184894e-01  -3.6433457e-01   8.7754710e-01  -2.0275261e-01   1.1600755e+00  -5.6064457e-01  -1.1032687e+00   6.7300499e-01   6.7280422e-01
   2.0000000e+00  -1.0707693e+00  -2.6909620e-01  -1.7005404e+00   2.1108259e+00   1.4387606e+00  -1.7043226e-02   5.1202364e-01  -6.6029086e-01   1.8585313e+00   6.8326391e-01   1.5405261e-01   2.6266428e-01  -1.2660999e+00  -1.3914813e+00   4.4584654e-01   6.5380126e-01   2.3897224e-01   1.4401059e+00
   2.0000000e+00  -1.1518278e+00  -1.9440153e+00  -1.6608712e+00  -3.3837407e-01  -4.1778026e-01  -4.8289941e-01  -2.2040459e-01  -3.6632677e-01  -1.5278266e+00  -8.9272724e-01  -1.6160759e+00  -1.0251705e+00   1.3504852e+00  -5.3957048e-01  -1.4014805e+00   5.8877124e-01   7.1703431e-01  -3.8481838e-01
   2.0000000e+00   5.8299525e-01  -1.3006252e+00  -3.4052458e-01  -8.3032269e-01  -7.6362087e-01   3.3042296e-01   7.7531811e-01  -4.2458747e-01  -2.0180402e+00  -4.4856663e-01  -1.5752357e+00  -5.2927798e-01  -1.6886286e-01   2.0306224e+00  -2.6258899e-01   9.9225983e-01  -1.0325206e-01   7.4928345e-01
   2.0000000e+00  -1.9441615e-01  -9.5833474e-01   9.2936339e-01   2.1874124e-01   3.4924050e-02   1.0794029e+00   4.4072983e-01   5.7141696e-01   1.4976095e+00   2.0666164e+00  -6.9088602e-01   4.3789724e-01   6.9587844e-01   3.3296795e-01   5.1627564e-01   7.8590728e-01   2.4600600e+00  -5.7949289e-01
   2.0000000e+00   1.2044889e+00  -5.0224294e-01  -4.2038498e-01   6.0365636e-01  -1.2764354e+00   9.2638273e-01   9.5145006e-01   6.1716466e-01   5.5013797e-01  -6.2893454e-01  -9.9791304e-01  -4.6783796e-01  -1.4028298e+00  -1.1543322e-01   7.4102438e-01   1.3354202e-01  -9.9643811e-01   6.9264805e-01
   1.0000000e+00   8.4549689e-02   3.7673707e-01  -8.5039188e-01  -3.1659816e-02   1.5574402e-01  -1.4471394e-02   6.2257614e-01  -4.1949641e-01  -1.4643924e+00  -1.9624857e+00  -8.1970817e-01   7.3408789e-01   1.0508168e+00   1.4493409e-01   2.5890753e-01   2.1878607e+00  -4.2451102e-01   2.8576909e-01
   2.0000000e+00   6.7651922e-01   6.2753111e-01  -8.7774676e-01  -1.1674856e+00  -1.2141619e+00  -4.4927592e-01  -7.8302973e-01  -1.0878425e+00  -4.3408842e-02   1.2436887e+00   1.3776741e+00  -7.6301224e-01   2.5624920e-01   1.4826697e+00   1.9696132e-01  -3.6307509e-01   2.1878730e-01   9.3515262e-01
   2.0000000e+00  -6.3687636e-01   3.3282752e-01   1.2475569e-01   2.4328099e-02  -1.4123975e+00  -3.9362382e-02  -6.9053970e-01  -2.0676027e-01   5.0014425e-02   1.1855727e+00   2.1595224e+00  -9.0591921e-01   1.1623785e+00  -7.1375438e-01   1.3605065e+00  -1.3527167e+00   5.9974345e-01   6.9491012e-01
   2.0000000e+00  -1.2770604e-02  -2.0452070e+00  -1.3620416e+00  -1.9546012e+00   9.3226691e-01  -4.1311258e-01   3.8388281e-02  -1.1941105e+00   1.5845000e+00  -6.1506137e-01   1.3940783e+00  -1.3165262e+00   8.8623434e-01  -1.6341094e+00  -1.6481394e+00   8.9375998e-01  -2.0112014e+00  -2.2063046e+00
   2.0000000e+00   8.2248943e-01  -6.9016383e-01   9.7462736e-01  -1.8013976e+00   9.9723118e-01  -3.3291662e-01  -1.2931496e+00  -3.4000748e-01   1.2772133e+00  -9.1477846e-01  -1.1835166e+00   1.9634771e+00  -4.8589959e-01  -1.3468161e-01   8.7170599e-02   2.1262770e-01   9.8622045e-01  -1.0609448e-01
   2.0000000e+00   6.0089270e-01  -3.7435006e-03  -9.1229311e-01  -1.5430800e+00  -1.7407809e+00  -7.2104200e-01   5.9902061e-01   1.0640086e+00  -5.4005033e-01   1.0268452e+00   1.8943958e+00  -4.0341107e-01  -6.5016035e-01  -6.9473920e-01  -1.2428525e+00   1.7448050e-01  -1.3359305e+00   1.1298387e+00
   1.0000000e+00   1.0234892e+00   4.4242681e-01   2.0585087e+00   5.5744010e-01   7.2459848e-01  -8.3955423e-02  -3.3129670e-01  -2.1238383e-01   7.0032319e-01   8.4497516e-01   3.6009587e-01   2.9565919e-01   9.8738592e-01  -8.9292823e-02   7.6354525e-02  -2.4144865e-01   2.4525568e-01  -2.9077296e-01
   2.0000000e+00  -1.3946616e+00   2.0097990e+00   7.5762868e-02   3.4232624e-01  -5.6590644e-02  -3.1986513e-01   7.1413269e-01  -6.2660586e-01  -1.1705587e+00  -1.9942604e-01   2.0622832e+00  -8.3836194e-01  -3.0249669e-01   8.0853758e-01   1.0311483e+00   1.3406365e+00   1.3275959e+00  -2.1809292e+00
   1.0000000e+00  -1.4714333e+00   8.3306516e-01  -1.6028816e+00   2.6409317e-01   4.5951891e-01   3.3846639e-02   1.1747929e-01   1.5951485e+00  -8.0120147e-01   4.1670498e-01   6.8329705e-01   9.7713701e-01   1.7006395e+00  -1.0348768e+00  -2.2088282e-01   1.5753306e+00   1.8026837e-01  -8.8725795e-01
   2.0000000e+00  -9.2592877e-01  -7.7235082e-01   1.4496502e-01  -3.1814983e-01  -5.9925691e-01  -2.0755711e-01   7.3438716e-02   1.1320544e+00   4.2255733e-01   2.6718720e+00   4.8070213e-01  -1.0461676e+00  -1.6055577e+00   8.0266221e-01   2.3017139e+00  -1.2754581e+00  -9.9807788e-01   5.6363477e-02
   2.0000000e+00   1.2851597e+00   2.1771397e-01   1.4079852e-02  -4.5691656e-01  -4.7737635e-01  -9.7967761e-01   6.7075567e-02  -6.5386923e-01   1.9497468e-01  -5.8931762e-01   5.1425430e-01  -1.3115267e+00   1.2209261e+00  -5.7060719e-01   6.7621952e-01  -4.8239976e-01   1.2956704e+00  -6.8274126e-01
   2.0000000e+00   1.7273393e+00   1.9406901e-01  -1.3083505e+00  -7.9603295e-01   2.2346881e-01  -1.5311964e-01   1.0765296e+00   6.9183980e-01  -1.7247956e-01   4.1462317e-01  -1.1128433e+00   3.9739940e-01   1.0370550e-02  -1.5479590e+00   4.2637392e-01   3.1846409e-01   1.5994707e+00   3.4466352e-01
   2.0000000e+00   1.4408356e-01   1.3475804e+00   1.6370709e-01  -1.0169745e+00  -8.2998022e-01  -6.3625031e-01  -2.1925932e-01   1.5564780e-01  -2.1417818e+00   5.3799046e-01  -1.2677487e+00   9.5160674e-02  -8.3169312e-01   3.2619632e-01  -1.8474296e-01   1.4720162e+00   1.9635299e+00   9.3381908e-01
   2.0000000e+00   4.4095308e-02   6.8163941e-01  -9.9579345e-02  -8.7914650e-01  -5.1799308e-01   1.5236791e+00   6.5418950e-02  -1.4695272e-01   6.7352578e-01  -9.5654962e-01   1.3290632e-01  -5.1969818e-02  -1.9224204e-01  -2.1071039e-01   6.1237947e-01   5.8618694e-01  -5.3294865e-02   1.8117787e-01
   2.0000000e+00   9.3415596e-02   2.2785896e+00   1.1575862e+00   4.0247178e-01  -2.0898385e-01   6.2304718e-01  -2.9900201e-01  -9.7388411e-01  -9.4589400e-01  -1.3120682e+00  -2.4389067e-01   3.8628500e-01   9.8231562e-01   6.8428489e-02   2.9476183e-01   6.6466157e-01   7.0985956e-01   1.5624894e+00
   2.0000000e+00  -3.4470612e-01   5.1191440e-01   8.6327409e-01  -1.2719759e-01  -2.2355694e+00  -9.2556685e-01  -1.1684847e+00  -7.9531946e-01  -9.0768638e-01   1.1696094e-01   4.9747694e-02  -1.1874090e+00  -1.4378753e+00  -7.8763194e-01   2.2275791e-02   7.3387423e-02   6.6785156e-01  -7.6795867e-01
   2.0000000e+00  -9.3705539e-01   8.4596694e-01   8.9215288e-01  -1.6561728e-01   1.3966823e+00   7.7809881e-01   6.5392308e-02  -2.9704352e-01   7.7665443e-01  -1.8531878e+00  -7.6465112e-01   3.4534504e-01   9.5543282e-01  -2.8677678e-01   1.2766860e+00   5.1213983e-01   8.4695858e-01   9.8153386e-01
   1.0000000e+00  -1.0923843e+00   1.0373046e+00   1.5974030e+00   2.2903360e-01   5.5097693e-01  -3.0146778e-01  -1.0742980e+00   2.7075916e-01  -1.7673141e+00  -1.2766281e+00   6.2272736e-02   1.4097778e+00   1.0430116e+00  -1.7315473e+00  -7.5250175e-01  -1.1647877e-01  -1.4707719e-01  -3.4183308e-01
   2.0000000e+00  -7.5646313e-01   5.0861962e-01  -2.3365878e-02  -1.4791512e-01  -5.6831534e-01  -1.4438183e+00   2.4033534e+00   2.1020929e+00   8.2204249e-01   6.4376419e-02   2.1398219e-01   1.6332063e+00  -3.6280197e-01  -9.5945089e-01  -2.1237429e+00  -2.0685402e+00  -1.5255126e-01  -7.9928858e-01
   2.0000000e+00   4.7736093e-01   3.3604927e-01  -6.9627670e-01  -1.4527447e+00   3.7249288e-02   2.3685658e+00  -6.8275760e-01   4.9570102e-01   1.0920388e+00  -1.4871796e+00  -1.0682411e+00   2.5211370e-01  -1.0851255e+00   2.9728637e-01   4.3484690e-01   3.8597086e-01   3.1382555e-01   2.3078507e+00
   2.0000000e+00   1.8229148e+00   8.1632188e-01  -8.8871046e-01  -8.9611403e-02  -1.4404034e+00  -7.9667637e-01  -1.3436909e+00   1.4829960e+00  -9.8737350e-01  -3.9816695e-01  -5.9932801e-01  -4.7600581e-01   5.9787449e-01  -2.1323753e-01   4.6592433e-01   5.7389941e-01   1.0836954e+00  -1.5987623e+00
   1.0000000e+00   8.6826537e-01  -9.1673180e-02  -2.9768630e-01   9.7427254e-02   3.7430732e-01   3.6449033e-02   4.8679132e-01  -8.4685193e-01  -1.5695192e+00  -3.0666852e-01  -1.4073076e+00  -4.0596474e-01  -1.0104426e+00   7.4772577e-01  -1.0960777e-01   3.0005426e-01  -8.7956231e-01  -9.5716358e-01
   2.0000000e+00   7.2924466e-01   7.0172495e-01   2.3954820e-01   1.5817404e+00  -5.4444727e-01   1.2533575e-01   8.8115631e-02  -1.2436932e+00   1.8397462e+00  -7.1910407e-01   8.2698365e-01  -1.7545327e+00   2.6407060e-01  -1.1239292e-01  -7.5600613e-01   7.5637769e-01   2.9850952e-01   5.9899540e-01
   2.0000000e+00   1.3761474e+00   3.4678930e-01   1.5827632e+00   1.1501791e+00   4.8764037e-01  -6.4556126e-01   3.1357126e-01  -4.3953727e-01  -1.4129301e+00  -2.0799798e-01  -5.1071737e-01   5.8044259e-01   1.4808833e-01   1.4791992e-01  -5.7440931e-01   4.4632209e-02   1.5293617e+00  -1.6476121e+00
   2.0000000e+00  -5.5066044e-02   1.2942359e+00   4.3758288e-01  -8.6596929e-01  -1.2729972e+00  -2.6934190e-02  -1.0782348e+00   5.3927559e-01   8.1754415e-01  -2.2872159e-01  -5.1156833e-01  -1.0529676e+00   1.8454614e+00   1.0538896e+00   5.6499876e-01  -5.8196149e-01  -1.6938857e+00   2.1775572e-01
   2.0000000e+00  -5.5667807e-01   2.5784569e-01   1.0067517e-01   6.6977513e-01  -9.7305573e-01   1.1620833e+00  -7.4735740e-01  -1.5579853e+00  -1.1197389e+00   3.7792370e-01  -3.7397846e-01   3.7356922e-01   1.6743556e+00   2.5476125e+00   8.4131002e-01   4.5188260e-01   1.8703156e+00   8.0007123e-01
   2.0000000e+00   9.0372593e-01  -1.6491751e+00  -6.6872849e-02   4.5175924e-02  -3.0440724e-02  -1.4657985e-01  -6.2794080e-01   2.1732656e-01   6.6749842e-01   1.3586683e+00   9.5532591e-02   1.4667102e+00  -8.5075111e-01  -8.7421896e-01  -5.3391710e-01   9.1560120e-01   1.3908509e-01  -1.4213762e+00
   2.0000000e+00   4.5926118e-01  -3.4264194e-01  -1.1418632e+00  -6.4258079e-01   7.5133688e-01  -7.4842271e-01  -9.2612831e-01   4.8774309e-01   7.0585636e-01  -4.9496642e-01  -2.6935332e-01   1.1727426e-01   1.7428337e-01   2.3871120e+00   6.4268436e-01  -1.3431782e+00  -2.1587954e+00  -1.1577979e+00
   2.0000000e+00  -2.0006782e+00  -2.0561287e-01   8.8878707e-01  -1.6132108e+00  -3.7396899e-01   1.0222778e+00  -3.0310136e-01  -1.7667858e+00   1.1202939e+00   8.5781934e-01  -2.5535469e+00   1.0951091e-01  -2.5488859e-01  -2.9368768e-01   4.8394076e-01  -2.0790618e+00  -9.4360766e-01   1.9854223e-01
   1.0000000e+00  -1.5086876e+00  -1.0804358e-01  -7.5858411e-01  -1.2190367e+00   4.9711240e-01   1.4648901e+00  -3.8208676e-01  -4.5014651e-01   4.8950137e-02  -9.8312280e-01  -8.1410583e-01  -2.3023077e-01   5.4193201e-03  -5.2852014e-01  -1.2634792e+00   6.9831571e-01   4.2564776e-02   6.5407731e-02
   2.0000000e+00  -3.7723201e-01  -6.1972494e-01  -6.3031171e-01   7.7487973e-01   1.0728942e+00  -3.4842011e-02  -9.0928944e-01   9.5354715e-01   9.6941726e-02  -4.1826554e-01   1.0982682e-01  -6.3519114e-01   2.0510723e+00   1.5444900e+00   1.1383719e+00  -1.3789330e+00   1.2857497e+00   8.0860771e-01
   2.0000000e+00   8.6378019e-01   7.4696932e-02  -1.6162000e-01   4.5082666e-02  -6.7764574e-03   7.6840421e-01  -5.4435955e-01  -1.6937585e-01  -3.4316628e-01  -4.9357740e-01   1.2258178e-01  -3.1845875e-01  -9.7735597e-02   6.1291072e-01   2.7512162e+00  -2.6737648e-01  -1.3816137e+00   5.9465835e-01
   2.0000000e+00   9.0932880e-01  -7.5332611e-01   1.1652306e+00  -9.3657596e-01   1.1921737e+00   3.4815425e-01   8.3576155e-01   3.1019676e-01   6.4982086e-02   8.9789764e-01   1.8548813e+00  -7.7976803e-01  -6.0284502e-02   1.3495940e+00  -1.0179164e+00  -3.7237411e-01   1.3490454e-01  -1.0041019e+00
   2.0000000e+00   1.0877374e+00  -4.5545699e-01  -3.1496386e-02   2.2945915e-02  -7.7333865e-01   8.2794566e-01  -6.4001845e-02   7.3736392e-01   1.4299455e+00  -1.7474278e+00  -1.6347813e+00   1.2069726e+00   1.1558219e+00   9.5549706e-01   4.1254567e-01  -2.6843838e-01  -1.0101520e+00  -4.7055229e-01
   2.0000000e+00  -2.2383187e-01  -1.7908062e-01  -3.9636719e-01   2.4665073e-01   9.0566142e-01  -9.8330678e-01   1.5114716e+00  -2.1231143e-01   8.4755164e-01  -1.3434647e+00   6.8201524e-02  -8.7279373e-01   5.9941562e-01   1.4372437e+00  -2.3567497e+00  -6.7361418e-01   4.9574556e-01   1.1433115e+00
   2.0000000e+00   9.1632839e-01  -1.2975330e+00  -3.5999725e-01  -1.2487420e+00  -7.0103442e-03   3.9340495e-02  -4.3143078e-01   6.5506789e-02  -1.2459104e+00  -4.6330733e-01  -1.1808011e-01   8.6022211e-01  -1.8623600e+00  -4.3064708e-01  -1.2953655e-01  -1.6181118e+00   8.2187387e-01   2.4038560e-01
   2.0000000e+00  -6.6200321e-01   3.9538895e-01   4.2885823e-01   6.4220269e-01  -1.3004967e+00  -2.2644234e-01   8.4197175e-01  -6.5388060e-01  -2.1017553e-01   2.1390116e+00  -6.8774496e-01   7.3702785e-01   2.0147283e+00  -1.1323629e+00   5.4061998e-01  -2.1709947e-01  -6.6249529e-01  -3.3542121e+00
   2.0000000e+00  -1.5840434e+00  -1.3106138e-01   1.9665936e+00   9.4801334e-01   2.8547831e+00  -6.9132180e-02   1.8660731e+00   5.3005109e-01   1.3537290e+00  -1.4035534e+00   7.7826269e-01  -1.0651814e+00   1.2813388e+00  -1.2099884e+00  -4.8131235e-02  -4.9465159e-01   7.2202508e-01   5.1568197e-01
   2.0000000e+00  -2.6171710e+00  -8.6177265e-01  -4.1335025e-01  -1.0002285e+00  -8.7928733e-01   2.1406999e+00  -2.8307013e-01   2.8529921e+00   4.9074530e-01   3.9442614e-01  -3.2494811e-01   1.2306861e+00   4.2977852e-01   6.7169529e-01   1.5289623e+00  -3.0672990e-01   9.7668644e-01   1.6543835e+00
   2.0000000e+00  -1.0156016e+00  -2.1894193e+00  -2.9169501e-02   1.0945928e+00  -8.5894216e-02  -5.9669738e-01  -1.9146187e-01   1.2601830e+00   6.2977336e-01  -2.4373379e-01  -2.2925069e-01  -9.5043064e-03  -8.6074324e-01   1.4538813e+00  -2.1861405e-01  -2.1800607e+00   1.0473352e+00   6.4599208e-01
   1.0000000e+00   6.4698885e-01  -6.8630417e-01   4.6267810e-01  -3.0164623e-01   2.7537086e-01   1.7735895e+00   3.0998923e-01   5.8274441e-01  -8.6054872e-01   1.8208089e+00   7.4481533e-01   1.7731531e-01  -2.0882306e-01   1.0142412e+00   4.8477760e-02  -2.8040382e-01  -4.2993400e-01   5.9119864e-01
   1.0000000e+00   1.1825508e+00  -1.2461339e-01   1.2566353e+00  -1.1746501e-01   6.3994307e-01   4.5454210e-01   1.4401187e+00  -4.3781287e-01   7.7374780e-01  -1.4785098e+00   1.0801709e+00  -1.6154932e+00   1.8402073e+00  -4.0176506e-01  -5.3784662e-01  -3.1638842e-01   2.2632639e-01   2.0088200e-01
   2.0000000e+00   5.8627968e-01  -1.0179025e+00  -2.8277674e+00   1.2371123e-01  -5.7754897e-01   2.9116685e-01  -5.7282320e-01  -1.0299617e-02   3.8170491e-01   6.2380963e-01   1.2241506e+00   8.3314257e-01  -1.3288573e+00   6.6670512e-01   8.1308260e-01  -1.0459666e+00   1.4316843e+00   5.9400546e-01
   2.0000000e+00  -1.3037752e+00  -1.6331632e+00   8.3584272e-01   5.9127600e-01  -8.7582418e-01  -1.0387303e+00  -9.0570422e-01  -1.1293113e+00   1.8452866e+00   3.1904872e-01  -4.2757920e-01   1.3858706e+00  -2.8654379e-01   5.6906263e-01   7.6484053e-02  -2.0463674e-01  -1.0368074e+00  -7.0264760e-01
   2.0000000e+00  -9.3729329e-02   3.9050488e-01   5.0568098e-01   8.0828427e-01   6.0473923e-01  -8.9154968e-02  -9.9095875e-01   4.9934549e-01  -1.6557463e-01   1.6564909e-01   8.1384528e-01   4.7313078e-01  -3.0498945e-01   1.1993151e+00  -4.6143758e-01  -2.0952713e+00  -2.1617401e+00   1.6903097e+00
   2.0000000e+00  -1.5754735e-02  -6.4790526e-01   3.3102543e-01   1.5842887e+00  -5.8124360e-02  -6.5532937e-02  -3.3290332e-01  -8.3495196e-01  -3.5752522e-01  -5.3538139e-01  -7.0192106e-01   1.7093400e+00   5.9086352e-01  -4.5443227e-01  -9.6190093e-01  -1.7581697e+00   3.3761500e-01   1.9531375e+00
   2.0000000e+00  -1.8114757e-01  -3.2939249e-01  -5.4686717e-02   1.2135157e+00  -3.0234141e-02   1.2693839e+00  -3.1012318e-01   3.4176355e-02   2.4623843e+00   5.3723967e-01  -5.1517584e-01   3.0253493e-02  -3.1241264e-01  -5.9899714e-01  -6.4793204e-01   1.0348980e+00  -5.2489357e-02   2.3878829e-01
   2.0000000e+00   2.1122412e-01   3.5133227e-01  -8.5814181e-01   6.6097881e-02   1.0390144e+00  -1.4228508e-01  -1.2142681e+00  -1.1763680e+00  -4.2687277e-01   1.6270772e-01   7.2884946e-02  -2.5293995e-01   9.7396043e-02   1.2099276e+00   5.6966066e-01   6.4380173e-01   1.7110256e-01  -9.6301235e-01
   2.0000000e+00   1.4062097e-01  -1.5887557e+00   4.1216801e-02  -1.3966148e+00   1.1386713e+00   7.3885926e-02   7.9816094e-01   1.8896227e+00  -4.4722145e-02  -1.3089764e+00  -1.5444665e-01  -7.7678436e-01   5.3884494e-01  -1.1544422e+00   7.7951353e-01   4.2680762e-01  -7.7807223e-01  -2.4978492e+00
   2.0000000e+00   2.6811741e-01   1.8883586e+00  -5.9249891e-01  -1.2696335e-01   1.6626980e+00  -5.3478473e-01   2.9163342e-01   4.2646145e-01  -5.1625218e-01  -1.3295085e+00   3.1357437e-01  -1.0111811e+00  -2.2536377e+00   2.3320422e+00   1.3216414e+00  -7.5060896e-01   1.1381130e+00   1.2991943e-01
   1.0000000e+00  -1.0856367e+00   1.0373019e+00  -2.9484714e-01  -1.8145306e+00   1.3981075e-01   7.2508302e-01   7.8621892e-01   4.5551841e-01   1.5669078e-01   2.9378110e-01  -5.9520281e-01  -8.4625788e-01   2.5205488e-01   3.1119514e-01  -4.4741259e-01   1.1902371e+00  -6.2172462e-02  -6.2379077e-01
   2.0000000e+00  -5.4585110e-01  -5.7642568e-01  -2.5002245e+00   5.3571530e-01  -2.3687849e+00  -6.3257111e-02   1.4261191e-01   2.4138932e-01  -6.3183645e-01  -1.3919486e+00  -9.4981669e-01   7.9533856e-01   3.3175658e-01   1.8650561e+00   8.8356770e-01  -4.5636221e-01   1.5101939e-01  -1.1163873e+00
   2.0000000e+00   3.3246322e-01  -1.3708666e-01  -2.1023311e+00  -8.1615314e-01   8.8787456e-01  -7.9794286e-01  -4.5917784e-01   1.0469009e+00   5.4012504e-01   9.1854705e-01   1.5533873e+00   9.5234601e-01   8.1579532e-01   3.5597984e-01  -9.5605119e-01   1.2563054e+00   5.0174296e-01  -3.2618684e-01
   2.0000000e+00   1.7783732e+00   4.5775884e-01  -5.8462524e-02  -2.7440619e-02  -2.5579341e-01   1.5245070e+00   1.2353472e+00   8.3995210e-01   7.4658718e-01  -1.4912122e+00   7.0144826e-01   9.8865176e-01   7.9679795e-02  -8.9105750e-01  -2.4687218e-01   2.3108247e+00   8.1612661e-01  -4.0984844e-02
   1.0000000e+00   2.6861424e+00   3.4353989e-01  -1.5630270e-01  -2.8214112e-01   6.2229954e-01  -5.7156260e-01  -6.8555224e-01  -1.2816870e+00  -2.3348617e-01   1.9164421e-01   5.3354452e-01  -4.4070721e-01   8.4842667e-02   7.6773736e-01   1.0318561e+00  -2.3790233e+00   6.0524849e-01   1.5884546e-01
   2.0000000e+00  -9.6162205e-02   3.0376233e-01  -1.8962705e+00  -4.6111500e-01   1.3191331e+00  -4.0547731e-01  -1.6995877e-01  -1.0625280e+00   1.0142816e+00   7.1207286e-01  -3.3143381e-02   3.5324440e-01  -2.4485865e-01   1.2530848e+00   9.4063968e-02   2.9602595e-01   4.6637710e-01   6.1964568e-01
   2.0000000e+00  -2.3643316e+00  -8.6053710e-01  -5.4516171e-02   1.0185629e-01  -1.0881722e+00  -5.7081606e-01  -9.6599899e-03  -1.0478784e+00   1.4363686e+00   1.5582437e+00  -2.1776613e-01   2.8826597e-01   3.4589389e-01  -1.0358390e+00   1.3396626e+00   9.1206657e-02  -6.9211420e-01  -4.5757231e-02
   2.0000000e+00  -2.0579432e+00  -1.3143498e+00  -1.1372196e+00  -5.4951788e-01  -8.5206967e-01  -6.3849162e-01   1.8397285e+00  -4.3587994e-02   1.6547581e+00   6.2619964e-01   9.8858258e-01   1.7394747e+00  -7.2586661e-02   2.5345341e-01   2.7040425e-01   3.2126798e-01   3.0509821e-01   8.3948320e-01
   2.0000000e+00   1.6882616e-01   2.9955599e-01   2.0244702e+00   1.2299128e+00  -9.6237903e-01   6.9562561e-01   1.5486663e+00  -8.8003443e-01   2.5753078e-01  -1.5265817e+00  -1.2075878e+00   3.6732820e-01  -7.2987020e-01  -1.4172497e+00   3.1809709e-01   6.7419507e-01  -5.9166606e-01   1.3917926e-01
   2.0000000e+00   8.0101458e-03   9.6857641e-01  -2.1698459e+00  -7.1386992e-01   2.0465566e+00   1.2653099e+00  -1.0438536e-01  -3.7493868e-01   6.2879887e-01  -1.7823269e+00   8.6616938e-01  -1.5405825e+00   1.3004855e+00   1.7720377e-01  -1.6695778e-01   5.9935631e-01  -2.0386365e-01   4.0951476e-01
   2.0000000e+00  -1.0388876e+00   7.2550056e-02  -2.7296456e-01  -1.3815340e+00  -6.1210185e-01  -2.1206024e-01  -6.3044239e-01  -8.6816305e-01   6.0700519e-01   6.6565972e-01  -8.2074448e-01  -5.0846946e-01   6.9450042e-01   9.4221845e-01   1.4785190e+00   3.6036456e-01   5.2870873e-01  -1.5401827e+00
   2.0000000e+00  -3.6505318e-01   3.3003059e-01  -8.4281670e-01  -9.0277325e-01  -1.0143841e+00  -1.1947965e+00  -9.1325479e-02  -6.9322290e-01  -1.8349039e+00  -4.3724997e-02  -1.8970595e+00  -2.1439208e-02   1.1933015e+00  -2.5762768e-01   4.0414162e-01   1.9114866e-01  -6.8209775e-01  -2.2215833e-01
   2.0000000e+00   8.4624463e-01   3.3010488e-01  -5.2279059e-01   8.6067729e-01   8.2929390e-01  -2.8313630e-01  -1.7678095e-01  -1.2362602e+00  -1.4157393e+00   1.0030065e+00   2.4414804e+00   2.2831644e+00   6.0156239e-01   1.7743828e+00   1.8021766e-01   1.2346395e-01   2.2270985e+00   3.9536016e-01
   2.0000000e+00   1.4342986e+00   4.6460965e-01  -1.9997732e-01   1.2713644e+00   1.1128286e+00   2.4229389e-01   7.6377069e-01   1.5417018e+00   1.0653493e+00  -3.8672291e-01  -1.1466132e-01   6.6491695e-01  -5.6830559e-01  -1.0580223e-01   1.1799666e+00  -8.4485295e-01   1.4009177e+00   5.3248803e-01
   2.0000000e+00   4.7360615e-02   1.1178165e+00  -3.5762268e-01   2.6737685e-01   1.4734560e+00  -1.1350733e-01  -2.1949174e-01  -3.3856413e-01   1.9042315e-01  -1.2087883e+00  -1.4027807e+00   4.9791761e-01  -1.4430314e-01   1.2227430e+00  -2.2085309e+00  -2.2900593e+00  -7.5190193e-01   3.2544708e-01
   2.0000000e+00  -6.9693878e-01  -9.3349442e-01  -1.2898191e+00   9.9892028e-01  -3.5711155e-01  -7.7918798e-01  -2.4102847e-01  -9.0630410e-01   3.1798983e-01  -1.1221714e+00   1.5071209e-01   7.8471602e-02   2.5747960e-01  -1.2131919e+00   1.3689619e+00  -1.1773126e+00   6.7669106e-01   4.5734532e-01
   2.0000000e+00  -8.3646808e-01   1.8357288e-01   5.5687734e-01  -6.0246694e-01  -1.4906143e-01  -2.0508379e-01   3.4186289e-01   4.7415462e-01   3.3426016e-01  -1.1740209e+00   1.6060625e+00  -6.9782815e-01   6.4677576e-01   1.1186325e-01   5.1547107e-01  -1.2831203e+00   6.9941143e-01  -1.1704554e+00
   1.0000000e+00   6.0765420e-01   4.1944283e-01  -2.3493778e-01  -6.2226087e-01   2.6187481e-02   2.3404530e-01   9.0946210e-01   7.1223635e-01  -2.0434034e-01  -8.9641495e-01   1.7641036e+00  -1.2100715e+00   3.7350150e-01  -5.5291157e-01  -2.2167565e-01   7.0099980e-01   7.8147653e-01   2.8890688e-01
   2.0000000e+00   1.0770901e+00   6.5131793e-01   9.2837379e-01  -2.7613319e+00   1.6129810e+00   9.7733988e-01   7.2167295e-01   2.1824986e-02   4.6586771e-01   4.9025402e-01  -9.9162686e-01   1.8931781e-01   1.8984487e+00   1.0926825e+00   2.3075956e-01  -1.2158326e+00   9.4449934e-02   6.4184281e-01
   2.0000000e+00   2.7542499e-01   1.2230197e+00   2.1607855e+00   1.7716421e+00  -2.5906699e-01   8.6027308e-01  -1.7632130e+00  -7.1775126e-01   1.1023205e+00  -1.9718026e-01   1.8449551e+00  -2.9920104e-01   3.5302736e-01  -5.7432484e-01   2.0116295e-01   3.0955120e-01  -1.6705988e-01   7.9125242e-01
   2.0000000e+00  -7.9532039e-02   6.4689239e-01  -1.4162416e+00   1.0496010e+00   1.3740331e+00   6.7973215e-01   3.2487843e-02   4.1329217e-01  -3.2926692e-01  -2.3294659e-01   3.4178228e-02  -1.0762342e-01  -1.5184759e+00  -1.6220444e+00   6.5169263e-01   2.0491491e+00  -2.3594050e-02   1.0075857e+00
   2.0000000e+00  -6.1483304e-01  -1.3076189e+00   1.1415999e+00   5.3450432e-01  -6.9717743e-01   9.8066836e-01   2.3927287e+00  -1.1819621e+00   1.2449744e+00   8.9190818e-02  -9.9899231e-01  -3.8778304e-01  -1.5176704e-01  -1.0278838e+00  -1.2880794e+00   1.4831356e+00  -1.3042272e-01   5.4217572e-01
   1.0000000e+00   4.2020922e-01   2.1256768e-02  -4.2081992e-01  -5.2201894e-01   5.6764576e-01   1.5256101e+00  -1.4200459e+00   2.1823013e+00   2.5498516e+00  -1.3153002e+00  -3.6137778e-01  -6.4067116e-01   1.9901795e+00  -1.3333632e+00  -1.6250856e+00  -1.9203656e+00   4.1262678e-01  -8.7487359e-01
   2.0000000e+00   3.9697395e-02  -1.9307098e-01   2.2136504e+00   3.9926898e+00   1.6063308e+00   2.5986571e+00  -2.7612906e+00  -3.6504711e-01  -1.5941075e+00  -2.5935342e-01   4.4538358e-01  -9.7678705e-02   7.7499972e-01   7.6922186e-01   6.3662116e-01   2.8910840e-01   7.8636758e-01  -8.5374035e-01
   2.0000000e+00   8.5432102e-01   1.4668159e+00  -5.5382078e-01   1.6929871e+00  -1.5988821e+00   5.4643683e-01   8.8493069e-01   9.4902015e-01   1.5909147e+00  -2.5810340e-01   1.4444932e-01  -1.4311536e+00   8.2271484e-01   7.3673553e-03   5.2889386e-01  -5.5744209e-01  -9.2484415e-01  -9.3743515e-01
   2.0000000e+00  -1.9703517e-01   1.0393229e-02   2.2861811e-01  -1.0687381e+00  -7.3675800e-01  -1.9174263e+00  -1.0073677e+00  -6.1524778e-01   2.5171180e-01  -1.1240471e+00  -9.4431561e-01  -6.8839955e-01  -8.4245277e-01  -6.7481845e-01  -1.1153537e+00  -3.6539494e-01  -1.2100001e+00   7.1400647e-01
   2.0000000e+00   4.8406365e-01   7.7528129e-01  -3.8479520e-01   6.7592191e-01  -9.5224706e-01   1.2442503e+00  -1.8317784e-01  -1.6815228e-01   4.1602424e-01  -1.4095673e+00   8.4871831e-01   1.4345687e-01   5.8905703e-01   4.2943879e-01   5.8776629e-01  -5.9754069e-01   4.4003457e-01  -8.8602578e-01
   1.0000000e+00   8.5302401e-01   1.9684802e+00   4.0708885e-01  -2.1234220e-01   4.2173729e-02  -4.6808431e-01   4.6701167e-02   6.5261598e-01   2.3874569e+00  -4.7980788e-01  -1.4975629e+00  -7.3996089e-01  -7.8372295e-01  -4.5402460e-01  -1.4959312e+00  -4.2424620e-01  -6.3628593e-02  -7.8916361e-01
   2.0000000e+00   1.8978298e+00   1.2115715e+00   1.0870465e-01   1.0953053e+00  -4.2918733e-01   4.1611112e-01   6.1553493e-01  -7.7293993e-01  -1.8721907e-01  -2.1678010e-03   5.0732807e-01   4.2457833e-01  -1.0944626e+00  -9.0832953e-01  -1.5658661e+00  -7.2023867e-01   2.0153303e+00   6.9744658e-02
   2.0000000e+00   2.5739166e+00   1.1763529e+00   4.7893136e-01   4.7686505e-01  -1.3075833e+00  -1.0003628e+00  -1.6154492e+00  -3.4036308e-01   3.1747579e-01   4.1144372e-01   1.2227266e-01   5.8186909e-02   1.5544663e+00  -3.7689988e-01   5.0955721e-01   2.8780164e-01   1.1994072e+00  -4.9037558e-01
   2.0000000e+00  -7.8601473e-01  -4.1046999e-01   8.2386175e-01  -2.2022982e+00  -9.6715925e-01  -7.3176630e-01  -2.2405076e-02   7.6514192e-01  -1.3547649e-01   1.6508204e-01   7.4645569e-01  -4.0713254e-01  -7.1902301e-01  -1.0455734e+00   2.3172728e-02   2.8463424e-01  -1.1990571e+00   6.9481004e-01
   2.0000000e+00  -2.5097625e+00   1.6138697e-01   1.4532149e+00  -1.7049538e+00   2.0040501e-01  -9.5021144e-01   8.4579571e-03   8.7747051e-01  -1.3005844e+00  -9.2153677e-01   7.3597649e-01  -7.7669124e-01  -9.1919692e-01  -2.4724682e-01   1.9633665e+00   1.1533464e-01   1.0858963e+00  -5.6515420e-01
   2.0000000e+00   4.9369062e-01   4.1274946e-02  -3.3865590e-01   2.8420141e-02  -5.4482091e-02   5.1247559e-01   1.3691272e-01  -4.5516085e-01  -1.3925705e+00   9.4868540e-02   1.8428694e-01   1.3032029e+00   4.3884914e-01   1.3637545e+00   3.7870467e-01  -1.1673332e+00  -8.2070382e-01  -5.2049896e-01
   2.0000000e+00  -1.9183509e+00   1.0295306e+00  -9.5268314e-02  -1.2025708e+00  -4.4100934e-01  -1.3694020e+00  -1.6949440e+00  -3.9311913e-01  -1.4295205e+00  -1.2486420e+00  -1.0136918e+00  -5.9855701e-01   8.0272310e-01  -1.0962380e+00  -1.5622125e+00   1.4190867e-01  -2.4852215e-01  -9.6803415e-01
   2.0000000e+00   4.1329079e-01   5.5092658e-01   6.4797846e-01  -7.6137729e-01   1.9763968e+00   6.4188819e-01   5.7064787e-01  -3.8086330e-03  -2.2706787e+00   6.6725916e-01  -2.7098832e+00  -1.3957834e+00   1.9496750e+00   3.8561612e-02   1.6306729e+00  -9.9027042e-01  -7.5755767e-01   6.4756195e-01
   2.0000000e+00  -7.4851673e-01   2.2875491e+00  -3.6227444e-01   2.2196948e+00   5.8238628e-01   8.5607219e-01  -1.3181313e+00  -2.7745249e-01  -7.7555917e-02  -1.2607511e+00   1.0919537e+00  -1.3888525e+00   5.1884936e-01  -2.2737941e-01   8.5619512e-01   3.8609416e-02   1.1007905e+00  -1.5145362e+00
   2.0000000e+00   5.0904589e-01   8.0579479e-01   9.1091218e-01  -1.4273249e+00   3.0813776e+00   4.6125164e-02   9.2968431e-01  -4.3605966e-01  -9.3363904e-01  -1.6594261e+00  -2.1068550e+00   2.4471221e+00   9.7286043e-01  -3.2337106e-01  -2.2180055e-01  -9.7693563e-01  -7.0175083e-01  -1.8882438e+00
   1.0000000e+00   8.6837707e-01   7.1759248e-01  -6.7276014e-02   5.4512782e-01   8.5118969e-02   1.6021596e+00   8.8665986e-01   7.2999900e-02  -7.7010082e-01  -2.3465431e-02  -4.5411900e-01   1.0540294e+00   1.1042830e+00  -4.0586795e-01  -1.5487111e+00  -6.8050066e-03  -7.6090880e-01  -1.9228554e-01
   2.0000000e+00   2.1047480e+00  -9.3972959e-01   2.3212934e-01   8.4125387e-01  -1.3214275e+00   4.2736843e-01  -7.2527150e-01  -1.2818975e-01   6.7660573e-02  -3.4377342e-01  -6.0310024e-01  -3.7576174e-01  -3.5032061e-01  -3.0384556e-01  -4.5360889e-01   9.9314478e-01   9.9651091e-01   3.1286310e-01
   2.0000000e+00  -5.6701571e-01   2.9538450e-01  -1.0475698e-01  -1.5530172e+00  -5.7565952e-01  -3.1079905e-01  -7.5224163e-01   1.2732959e+00   1.1967997e+00  -7.0324259e-02   9.5145428e-01  -3.3058864e-01   9.0371289e-01  -2.8720497e-01  -2.1604828e+00  -4.7803161e-01  -1.5495957e+00  -1.3908816e+00
   2.0000000e+00  -4.7268107e-01  -9.1900832e-01  -1.4636489e+00  -6.3024380e-01  -9.5447614e-01   2.4540356e+00  -2.2372996e-01  -1.3276227e+00  -3.7221254e-01   5.8868056e-02  -5.0167392e-01   1.4021951e+00  -1.2930413e+00  -7.3995004e-02   1.4864192e+00  -7.0544133e-01  -1.5775688e+00   5.1618878e-01
   2.0000000e+00  -6.3704019e-01   6.1605261e-01   1.2618753e+00   7.4235048e-01   7.4644350e-01  -5.8688010e-01   6.0220041e-01  -5.8469125e-01  -9.4866909e-02  -6.0733292e-01  -3.7866264e-01   1.0111744e+00   8.6554040e-01   7.0593342e-01   9.3275754e-02  -8.2621710e-01   9.0388311e-01  -1.1558686e+00
   2.0000000e+00   8.5466464e-01  -1.6149401e+00   3.2594529e-01  -1.5950360e+00  -1.0313594e+00   1.2809784e+00  -2.7458215e-01   7.9604194e-01   9.5028276e-01  -2.1988279e-01   1.1004817e-01  -4.8311996e-01  -6.9116773e-02   4.8816988e-01   4.6264181e-01   1.2202334e+00   1.8498165e+00  -3.7871111e-01
   1.0000000e+00  -6.2733202e-01  -4.2950179e-01   3.8561116e-01  -6.4413153e-01   4.1167718e-01   4.4283091e-01  -6.0393961e-01   5.9309917e-01   1.5815701e-01   3.5638762e-01  -1.2682807e-01  -4.2982974e-01   6.1264313e-01   2.6173683e-01  -4.6247464e-01   1.2763215e+00  -5.5060594e-01   2.3377137e-01
   2.0000000e+00  -1.3565820e-01   1.2013627e-01   8.3207368e-01   4.0910206e-01  -6.2240079e-02  -1.9839165e+00  -3.6076054e-01   1.0695092e+00   2.0007271e+00   3.2582983e-01  -3.3819448e-01   3.7606592e-01  -8.5986281e-01  -1.7954523e-01   1.3410733e+00   9.6069251e-02  -8.4950236e-01   1.2734494e-03
   1.0000000e+00  -1.2596119e+00  -6.0712125e-01  -1.6224715e+00   3.0551556e-01   6.2661252e-01   8.7111315e-01   7.1785959e-01  -2.5802012e-01   4.6964999e-01   6.8396640e-01  -9.1822483e-01  -6.8419845e-01   1.8540970e+00  -4.2685127e-01   5.9412208e-01   1.3876726e+00  -7.3279435e-01   6.9761975e-01
   1.0000000e+00  -8.2474715e-01   1.1080677e+00   4.9633029e-01  -2.0289367e+00   5.4885051e-02  -4.5827065e-01   1.5322004e+00   1.3969512e+00   4.7372976e-01  -3.5591170e+00   2.7695557e-01   1.4475102e+00  -9.1823716e-01  -1.0261386e+00   2.6865548e-01   4.6049555e-01  -6.8866834e-01  -4.5442227e-02
   2.0000000e+00  -4.3147090e-01  -1.9805598e-01   7.2904189e-01  -1.1677504e+00  -3.5246555e-01  -8.2566605e-01   8.9091969e-01  -3.5144990e-01   1.9102577e-01  -4.2328828e-01   5.9965656e-01   1.2582472e+00  -9.1059181e-01  -5.7865588e-01   9.1902855e-01   1.0142383e+00  -4.4099473e-01   1.7416657e-01
   2.0000000e+00  -5.6496896e-01  -2.6814108e-01   2.6568465e-01   2.2812291e-01  -3.9670848e-01   1.0741093e+00   3.0969162e-01  -5.2393549e-01  -9.0298460e-01   1.3306724e-01  -7.0505300e-03   1.7663505e-01   1.4655924e+00  -6.2498263e-01   6.5119440e-01  -7.9175379e-01   1.8039669e+00  -2.3566437e-01
   2.0000000e+00  -8.1985728e-01   6.1701161e-01   2.0678038e-01   1.4683358e+00   5.6543775e-01   8.0738365e-01  -5.8281240e-01  -2.0417491e-01  -1.9790884e+00  -1.4177208e+00  -4.1121771e-02   3.8786129e-01  -1.8276692e-01  -2.3764437e-01  -4.2691495e-01  -4.8849746e-01   1.1757522e+00   2.7373919e-01
   1.0000000e+00   1.5094345e+00  -6.5941762e-01   1.0675660e+00   6.1967306e-01   7.2896933e-01  -6.0197721e-01   6.3054991e-01  -8.8770956e-01  -1.2513314e-01   9.3942740e-02  -1.4096709e+00  -1.9243432e+00   4.5234084e-01   7.9153983e-01  -8.6100972e-01  -1.2647842e+00  -5.9798755e-01   2.8393857e-01
   2.0000000e+00   2.2177755e-01   6.8524455e-01   4.7535753e-01   1.6736190e+00   1.1799540e+00  -1.1654840e+00   1.1582641e+00   5.7151346e-03   5.7444502e-02   1.8249101e+00  -1.2768435e+00   5.0798433e-01   6.1737783e-01   9.1725529e-01   2.9263798e-02  -1.3064828e+00  -3.0112488e-01  -2.6990143e+00
   2.0000000e+00  -5.4529214e-01   1.3895088e-01  -4.4276750e-02   1.8005635e+00  -1.0778023e+00   7.3487565e-02   1.6312076e-01   1.2600582e+00  -1.1681468e+00  -1.2918607e+00  -7.5066881e-01   2.1910170e-01  -1.1825142e+00   2.5671502e-02   8.7970627e-01  -1.0366690e+00  -1.1772419e+00   2.1685348e+00
   2.0000000e+00  -1.0152943e+00  -2.1590931e-01   1.0003839e+00  -1.8683797e+00  -1.2334525e+00  -6.7970545e-01  -6.5814932e-01  -6.9221049e-01   1.1234223e+00   5.5850033e-01   1.3393668e+00  -3.6171677e-01   5.8828885e-01   8.3958665e-01   2.9159741e-01   5.8848386e-01  -2.0823176e+00   7.4782133e-01
   2.0000000e+00   2.6919743e-01   1.6471390e+00   1.5413769e+00   7.7610242e-01  -5.3266206e-01  -1.5392411e-02  -7.8672258e-01   2.0662975e-01   2.0571079e+00  -9.6105750e-01  -1.0572169e+00   4.8977741e-01  -3.2156342e-01  -1.2027455e+00   2.2353724e+00  -3.7773291e-01   2.2300508e-01  -5.7364309e-01
   2.0000000e+00  -3.4924363e-01  -1.2327374e+00   2.3022506e-01  -7.1796605e-01   2.4700169e+00   7.0322535e-01   4.8464058e-01   7.1311073e-01   8.1502213e-01  -8.0615480e-01   5.7540660e-01  -2.8543710e-01  -1.1287143e+00  -4.8810054e-01   1.7687931e+00   4.5905952e-01   6.6844127e-01   1.2836213e-01
   2.0000000e+00   2.5406537e-01   1.3058140e+00   3.3350848e-02   1.0795633e-01  -7.2469785e-01   1.1060395e+00  -1.3586352e+00   9.4641519e-03  -2.3600218e+00   1.2432829e+00  -7.0132498e-01   1.6387625e-01  -2.1549659e+00   1.1529926e+00  -2.9425345e-01  -5.8184557e-01  -1.8976840e-01   1.0332816e+00
   2.0000000e+00  -7.4841423e-01  -3.6070084e-01   3.2266875e-02  -3.7567814e-01  -8.7082526e-01  -1.2443131e+00  -1.3038646e+00   1.5625794e+00   6.6089972e-01   7.0705290e-01   8.1993331e-01   1.3038439e+00   7.5388448e-01   7.9089466e-01  -4.3558715e-01  -1.1910305e+00  -1.8602965e+00   1.8875693e+00
   1.0000000e+00   1.0058939e+00   8.0164240e-01   5.5554263e-01   6.7240989e-02   1.4493842e-02  -1.1633907e+00  -4.3349122e-02  -3.2078237e-01   1.0303755e+00   3.2671635e-01  -2.4685261e+00  -1.5020843e+00   1.6756924e+00   6.1901665e-01  -3.7959444e-01  -6.4203778e-01  -6.7744558e-01  -4.2487298e-02
   2.0000000e+00  -7.3342498e-01   1.8718657e-01  -1.3861130e+00   1.1940930e-01  -1.7373939e+00  -2.1545052e+00   9.2919139e-02  -3.6749750e-01  -5.7663468e-01   4.3895584e-01  -6.4892223e-01   9.0144023e-01  -1.7059234e+00  -7.0397665e-01  -7.6007558e-01  -8.1678499e-02  -7.1149539e-01   9.0303669e-01
   2.0000000e+00   3.2706933e-01   1.0449002e+00  -1.1902083e+00   2.2080940e+00  -1.8507014e+00  -1.6572951e-02  -1.0186730e-01   1.6396089e-01   1.7592372e+00  -2.5232021e-01  -8.3331326e-01   4.5922428e-01   5.4120205e-01   6.1633267e-01   9.6051298e-01  -9.2786475e-01  -7.5754195e-01  -4.8933044e-01
   2.0000000e+00  -7.0610831e-01  -5.7316037e-01   1.8196015e+00  -1.0912204e+00  -2.0549423e+00  -1.0081579e+00  -1.6404869e+00   1.3622604e-02  -5.2081540e-01   6.5839010e-01   2.2660473e-01  -6.2647685e-01   1.0518995e+00  -9.9348684e-01  -1.0789914e+00  -1.1794505e+00   9.4376257e-01   3.5331248e-01
   2.0000000e+00   1.6163296e+00   6.1109668e-01  -1.2658972e+00  -2.8540200e+00  -1.8373922e+00   1.5056531e+00  -8.4511210e-01  -4.6167026e-01  -4.1310763e-01   1.9191281e-01  -4.1309122e-01   2.3903497e-01   1.4274006e-03  -8.8621016e-01   1.7684743e+00   2.0202516e-01   5.2818199e-01   6.5199738e-01
   1.0000000e+00   2.1559766e+00   8.9846277e-01  -4.5042144e-01  -9.8805320e-02   7.2472401e-01   4.6496553e-01  -7.1868115e-01  -5.6258350e-01   8.4955566e-01   4.2383792e-01   2.1280791e+00  -7.6489656e-01   4.9284154e-01  -4.2968429e-01   1.1122604e-01  -4.8111185e-01  -5.8921211e-01   2.8046567e-02
   2.0000000e+00  -1.5465450e+00   7.1389547e-02  -6.1343443e-01  -5.8722200e-01   1.0733300e+00   1.3614442e-01  -1.3050395e+00   2.5182073e-02   1.0764237e-01   8.9357326e-01   8.6537643e-01  -2.3298221e+00  -4.1168226e-01  -9.4245554e-02  -2.2424189e+00   2.0340328e+00  -4.5938282e-01  -3.9204535e-01
   2.0000000e+00   1.2262297e-01   1.4667970e+00   1.8726170e+00  -6.3111535e-01  -1.9190492e-01   7.0064861e-01   8.0092020e-01   1.1029146e+00  -6.1940813e-01  -1.0563912e+00   7.3336460e-01   9.1631589e-01  -1.2108967e+00  -4.3896141e-01  -1.5273193e+00  -1.1770722e+00  -6.5978879e-01   4.1451847e-01
   2.0000000e+00  -4.7487342e-01   7.6636403e-01  -1.8792754e+00   2.3416261e-01  -7.2573380e-02   9.2439867e-01   1.0286611e+00   1.7824511e-01  -9.9694081e-01  -1.0246490e+00  -1.8701427e+00  -1.2484871e+00  -1.7269151e+00   1.1949897e+00   1.0831566e+00  -4.3422116e-01  -7.8492348e-01  -3.2402975e-01
   2.0000000e+00   2.9284245e-01  -1.7686935e+00   2.4369701e-01  -9.4494915e-01  -5.6180460e-01  -6.7993839e-02  -1.0999308e+00  -7.4739096e-01  -4.9996237e-01   8.0375956e-01  -1.2788710e+00   1.3215603e+00  -5.3544130e-01  -1.3522602e+00   1.0600799e-01  -5.3681404e-01  -3.7443170e-01   3.3708745e-01
   2.0000000e+00   5.5930098e-01   5.2736739e-01  -4.0469472e-01   4.2443178e-01  -1.3044901e+00  -1.0576843e+00  -1.6411824e+00   4.3107583e-01   2.5045912e-01  -1.2293492e+00  -1.2512484e+00   4.3201421e-01   5.2563755e-01   4.5680894e-01   2.3560905e+00  -1.1525307e+00   1.5777593e-01   2.4591222e-01
   1.0000000e+00   5.5885184e-01  -1.7145704e-01  -6.3030440e-01   2.4445337e+00   8.6378120e-01  -7.3733567e-01  -6.1925381e-01  -6.4964762e-02   7.2261164e-01  -8.0459512e-01  -5.3832482e-01  -4.8774172e-01  -6.8945035e-01   4.2277156e-01  -1.8150904e+00  -6.6914354e-01  -1.0695217e-01   1.0756587e+00
   2.0000000e+00   1.0265022e-01  -1.0007008e+00  -4.1828825e-01   5.8675323e-01  -3.0338614e-01  -8.5414762e-01   1.8792955e+00   9.2216771e-01  -2.1800461e+00  -1.7504775e-01  -7.4565406e-01  -1.1978488e+00  -1.7704954e+00  -1.4122404e+00   3.4021297e-01   9.4631358e-01   3.1838337e-01   1.8643698e+00
   2.0000000e+00   6.7477695e-01   2.0577340e+00   1.7702007e+00   1.6911281e+00  -1.5655280e+00  -9.5251338e-01   1.7131504e-01   2.0545228e-01   1.3555157e-01  -8.5292887e-01   4.3891516e-01   1.2107011e+00   2.9353241e-03  -2.2432045e+00   5.7520641e-01   1.6820248e+00   9.5078273e-01  -1.5700391e+00
   2.0000000e+00  -1.0390705e+00  -7.7011385e-01   7.7631742e-01  -1.0112781e+00   1.7121954e+00   8.5878021e-01  -4.4122839e-01  -7.7325883e-01  -8.1852789e-01   7.4249495e-01   6.4581574e-01  -1.7760404e-01   1.7457039e-01   1.6700106e+00   1.5450590e+00   3.1017314e-01   5.1768993e-01  -1.1095541e+00
   2.0000000e+00   2.0002547e+00  -7.0061922e-01   4.2696612e-01  -5.1782447e-01   7.3129105e-01   4.6728537e-01  -1.4908881e+00  -1.3066798e+00  -7.0503849e-01  -1.0242589e+00  -2.8169476e-01   1.6682425e+00   5.5624477e-01   1.1251632e+00   2.4212885e-02   5.4265000e-01  -1.4798332e+00  -1.6408561e+00
   2.0000000e+00  -5.1093094e-01  -3.1156720e-02  -2.0166678e+00  -9.1908480e-01   1.5756926e+00  -2.3874694e-01   4.6141348e-01  -1.1817307e-01   1.4752120e-01   5.9237769e-01  -1.5741014e+00  -5.2877682e-01  -4.9526058e-01   4.0828876e-03   7.0919597e-01   1.7333678e-01  -1.0300577e+00   1.0242030e+00
   2.0000000e+00  -5.1297607e-02  -5.4745156e-01   1.5174187e-01  -1.2186446e+00  -1.5827026e-01   1.3003592e+00   2.1579861e+00  -1.2807962e+00  -1.3560890e-01  -4.1264371e-02   1.4358436e+00  -1.4244937e+00   4.5231785e-01   1.2592531e+00  -1.2529718e+00  -4.4861119e-01   1.0050414e+00  -1.6411311e+00
   2.0000000e+00  -2.3658925e-01  -5.8918197e-01  -3.2903763e-01  -1.2143197e+00   1.3425314e+00  -6.3888434e-02  -1.0173941e+00   2.0892368e+00   6.0022223e-01  -7.1299332e-01  -1.0681482e+00  -7.0269549e-01   4.5508389e-01   3.5819941e-01  -8.1170361e-01  -2.3512769e+00   8.5378020e-01   2.3014925e-01
   1.0000000e+00  -4.1522997e-01   3.6370293e-01   1.1707903e+00   7.4014748e-01   2.0010016e-01   6.4407576e-02  -1.4710809e+00  -1.7562479e-02  -2.2066287e-01  -1.1107282e+00  -1.9779332e+00  -1.2845417e-01  -3.5701252e-01  -7.7061702e-02   1.8052926e-01   2.2170524e+00  -3.1835142e-01  -7.3272885e-01
   2.0000000e+00   2.1426542e-01   1.5220888e-03  -1.3371476e+00  -1.3180107e+00  -1.2420417e+00  -8.0095451e-01   7.6740364e-01   2.9015734e-01   4.9356914e-01   5.6001165e-01   1.4364911e+00   2.4840379e-01  -1.2741434e+00  -1.2778420e+00   4.6770201e-01  -1.7892314e+00   1.5152991e+00  -1.8547076e+00
   2.0000000e+00   5.9994904e-02   4.4454678e-01   5.7039976e-01   7.4995950e-01  -1.3266730e+00   1.0406431e+00  -2.4485630e-01   9.6448502e-01   1.8237086e-01   1.2664890e+00   1.3564422e+00  -3.7856910e-01   9.3450746e-01  -1.1331097e+00   1.7606736e+00  -2.9063850e-01   1.3324163e+00  -1.1454757e+00
   1.0000000e+00   5.4761424e-01  -8.3942800e-02  -6.8683090e-01  -7.7068047e-01   7.0741300e-01  -1.0577632e-02   9.8947341e-01  -2.6932493e+00   3.6885371e-01   1.3504727e+00  -7.0334730e-01  -1.6929403e-01  -1.8693429e+00   5.5952640e-01   4.9578686e-01  -8.8728787e-01   2.4141601e-01   5.3438582e-01
   2.0000000e+00  -2.7872996e+00   3.3948494e-01  -7.2047437e-02   8.7433209e-01   2.0955273e+00   2.2473419e-01  -1.7101619e+00   1.5814192e+00  -2.2460973e-01   1.1482236e+00  -7.4642551e-01  -1.5617857e+00  -7.8142363e-01   1.1311504e-01   1.7804184e+00   1.5596984e+00  -7.5817708e-01   4.7438603e-01
   2.0000000e+00   1.4577833e+00  -1.4069083e+00  -3.5960529e-01   5.6085292e-01  -2.0368441e+00   4.1937264e-01  -7.8690546e-01   1.7920899e+00   1.6013805e-01  -8.7011947e-01  -7.2361536e-01  -1.3888169e-01  -3.4456492e-01  -8.5975293e-02   2.0107260e-01  -3.8482033e-01  -6.1930555e-01   2.4156917e-01
   2.0000000e+00   2.1725521e+00  -5.5353200e-01   6.3917105e-01  -7.8516641e-01  -5.2560560e-01  -6.4156412e-01   2.2418730e-01  -1.4876871e+00   1.5309160e-01  -1.2503147e+00   1.6999041e+00  -1.4358402e+00  -1.5572074e-01  -8.6524125e-01   1.0309041e+00  -1.9130454e-01   2.3803707e+00  -1.3945042e+00
   2.0000000e+00   2.4154317e+00  -1.1116686e+00  -1.2228783e+00  -2.7019841e-02  -9.7868070e-01  -1.1876528e+00   3.1775719e-01  -1.0651020e+00   2.3623471e-01   7.8788462e-01   5.4722338e-01   4.7791784e-02   7.3136526e-01  -2.5834886e+00   8.0401761e-01  -6.4177132e-01  -3.4489643e-01  -4.1024360e-01
   2.0000000e+00   7.5946577e-01  -6.2350632e-01  -6.2581036e-01   4.5157015e-01  -4.2184784e-01   1.0473448e+00  -1.5676020e+00  -3.7914277e-01  -4.2983717e-01  -4.8585609e-01   6.0182804e-01  -7.6708023e-01   1.5275629e+00   2.3840118e+00   1.9699746e-01  -4.9845665e-03   4.9985501e-01   7.8739851e-01
   2.0000000e+00   6.5953862e-01  -1.7546896e+00  -1.8980024e+00  -8.1768062e-01   2.1308889e-01   3.9222114e-01   6.5507920e-01   9.1864945e-01   2.1096816e+00  -3.1373759e-01   9.0120727e-01   9.2157619e-01  -1.1913896e+00   1.2859650e+00   2.1722511e-01   4.0200267e-01  -1.5110230e+00   6.8047637e-01
   2.0000000e+00   6.3619378e-01  -5.3018322e-01   1.4664236e+00  -1.1405197e-01  -5.8072183e-01  -4.4865583e-01  -1.6316827e-01   1.3600524e+00   4.5258855e-01   2.3630121e+00   1.7430811e+00   1.0455258e+00   8.1576480e-01   4.6408162e-01   1.5948717e+00   5.2381923e-01  -4.4091283e-01  -6.1389735e-02
   2.0000000e+00  -1.6987086e+00  -4.1588408e-01   6.0136198e-01  -9.4922159e-01   1.0516928e+00  -1.4918766e+00   4.4082754e-01  -9.4805783e-01   1.5712121e+00   1.2147039e+00   1.0644495e+00   1.2384354e+00  -1.3233810e+00  -4.7948691e-01  -2.4073195e-01   8.6345819e-01  -1.5971284e+00  -1.1069486e+00
   2.0000000e+00   7.8723155e-01  -3.6796558e-01   4.3498454e-01   1.4301199e-01   1.2280246e+00  -5.3232459e-01  -3.3315496e-01   5.3043708e-01  -2.0536203e+00  -4.2507274e-01  -1.1208694e+00   8.0850459e-01   1.0585020e+00  -8.9100851e-01  -3.2994401e-01  -4.4379324e-01  -5.1955365e-01  -6.9085768e-01
   2.0000000e+00  -1.6245928e+00   6.6768880e-02   4.0302350e-01  -3.6457244e-01  -2.6904457e-02   1.0895868e+00  -7.0025227e-01   4.0755607e-01  -1.6857330e-01  -5.8962851e-01   1.2429873e+00   5.0940264e-01  -7.8415859e-01  -9.1640002e-01   5.4492266e-01   8.7262097e-01   1.2299931e+00   1.2096510e+00
   1.0000000e+00   1.7217525e-01  -1.1362355e+00  -4.3975790e-02   1.1206064e+00   3.9688986e-01  -2.0215299e-01  -1.2738947e+00  -3.2990351e-01  -1.2537413e+00   5.2407981e-01   1.3558059e+00   6.7263967e-01   8.9017259e-01  -2.3305744e+00  -2.9954580e-01   2.4839013e-01  -2.9817191e-01   4.6737145e-01
   1.0000000e+00   1.3741407e-01  -4.5956771e-01   1.3666547e+00  -6.5962315e-02   3.2161380e-01   4.4655501e-01   3.1317204e-01   4.2728813e-01   6.6016568e-01   1.3034468e+00  -5.7592573e-01   9.4004031e-01  -1.6397069e+00   7.4508739e-01  -7.3809636e-01  -1.8825536e-01   3.2885901e-02   1.4143366e-02
   2.0000000e+00  -1.2596563e+00  -1.5452456e+00  -9.3554120e-01  -1.3361611e+00   1.2354125e+00  -9.0357056e-01   6.4205563e-01  -7.3465866e-01   1.7773269e+00   1.0689113e+00  -1.7508636e+00  -9.2393495e-01  -6.3634409e-01  -3.5082737e-01   7.5245465e-02   6.2922431e-01  -2.1520776e-01  -1.5690032e-01
   2.0000000e+00  -9.6523152e-01  -1.2817439e+00  -1.2747134e+00  -3.6865135e-01  -5.2254076e-01   1.6531285e-01  -1.4778600e+00   5.3681690e-01  -6.3574700e-01   1.4180211e-01   3.2048248e-02  -1.3301230e+00  -8.9530994e-01  -1.0906684e-01  -5.2408050e-02   1.5008669e+00  -4.1680645e-03  -8.7613307e-01
   2.0000000e+00   1.6255149e+00  -2.1216711e-01  -5.0678354e-02   3.8492596e-01  -1.8286546e+00  -2.3958876e-01   1.0125512e+00   1.5803999e+00   2.3181454e-01  -1.1678935e+00   1.1324689e+00  -8.1634761e-02   2.8582723e+00  -2.6741311e-01   9.0788110e-01   3.1836405e-01   7.0627412e-01  -1.7430458e+00
   2.0000000e+00   9.7456995e-01   1.7349223e+00   6.1678259e-01   7.2820938e-01  -1.3504815e+00   8.7274051e-02  -4.8367586e-01   6.5138252e-01  -3.1093281e+00   1.2221990e+00  -9.2575921e-01   7.4580067e-01  -6.5940026e-02  -1.0534611e+00  -1.0649463e+00  -2.1031211e+00  -3.0081384e+00   3.8025358e-01
   2.0000000e+00   8.0299667e-01  -5.1163275e-01   7.4407721e-01   1.9438226e+00  -1.3050628e+00   7.3626816e-01  -1.0701402e-01   7.1987734e-01  -2.3225218e-01   1.0959333e+00   9.7853771e-02   8.5978827e-01   5.6830709e-01  -2.1459135e+00   3.4167050e-01   1.5195816e+00  -1.0340653e+00   1.5402402e+00
   2.0000000e+00  -4.1966242e-01  -9.5675937e-01   6.2791022e-01   5.2365097e-01   1.0081717e+00  -1.2799013e+00  -1.3548765e+00  -2.7383830e-01   7.5958582e-01   2.4188890e-01  -6.4103516e-01  -2.2535115e-01  -1.5565704e+00   3.8319772e-02  -3.4340187e-01   7.3550612e-01  -7.2829080e-01  -3.4941185e-01
   2.0000000e+00   8.9865646e-01  -1.1839911e+00  -2.1933495e+00   1.2936808e+00   2.9930881e+00  -3.7101851e-01  -5.6098930e-01   2.9177203e-01   1.1208655e+00  -2.5421568e+00  -6.0104696e-01  -1.0852318e+00   1.9713739e+00   5.2990537e-01  -9.6351239e-01  -1.4618807e+00  -1.1374006e+00  -8.6208445e-01
   2.0000000e+00  -4.8079365e-01   8.7206439e-01  -8.5604560e-01  -8.0496001e-01  -1.4800402e+00   1.2391057e+00   1.3011844e+00   1.2516050e+00  -9.7526040e-02  -1.2976950e-01  -1.2155594e+00   4.0753219e-01  -1.1678599e+00  -1.0068514e+00  -6.3305362e-01  -9.0989777e-01  -4.1944626e-01  -5.6014297e-01
   2.0000000e+00   8.0696619e-01   9.3523924e-02   9.7880619e-01  -3.5511070e-01  -6.1920180e-01   1.0058169e+00   8.1035130e-01   6.6071582e-01   4.7458597e-01   1.5629824e+00   1.4198834e+00   4.4482456e-01  -3.5645152e-01  -1.4471574e+00  -5.9048782e-01  -2.8044801e-01   8.9036788e-01   1.6790993e-01
   2.0000000e+00   6.8584055e-01   1.4382181e+00  -1.8557356e+00   8.8422587e-01   9.5429818e-01   1.2560203e+00  -1.1451577e+00   1.1900377e+00  -1.8784252e+00  -3.0896880e-01  -9.2398593e-01   1.8902064e-01   9.1232595e-01   1.0780898e-02  -7.3194435e-01  -1.8655429e+00  -5.5384577e-01  -1.4864101e+00
   2.0000000e+00   1.5784641e+00  -3.9359948e-01   1.0231654e+00  -1.1529972e+00  -1.2631230e+00  -5.3993549e-02  -1.3926873e+00  -2.1016981e-01   1.3365101e+00  -6.4018923e-02   9.3144042e-01  -1.7629542e+00   8.2864417e-01  -1.3151425e-01  -1.2977776e+00   5.0379458e-01   2.4112861e-01  -1.7498359e-01
   2.0000000e+00  -1.2149755e+00   5.8385768e-01   9.6568710e-01  -1.6834367e+00   1.0129942e+00   6.7277140e-01   1.5029974e+00  -1.1300739e+00   1.3289121e+00   1.0300556e+00   5.4942459e-01   1.4182158e+00  -4.2068390e-01  -1.9153208e-01   2.1601702e+00   1.1213812e+00   1.7065601e-02   1.2833603e+00
   2.0000000e+00   5.9360716e-01   4.7219652e-01   1.1778523e+00  -3.7467904e-01  -1.7261306e+00   2.7439752e-01   1.3411379e+00   2.4577878e+00   8.1297365e-01   9.1879922e-01  -1.0717624e-01  -1.3065933e-01  -2.2402063e+00   9.1258116e-01  -5.5132105e-01  -8.2488971e-02  -7.2123623e-01  -6.6517182e-01
   2.0000000e+00   2.2394810e-01  -3.1454787e-01   1.6887177e+00   5.3496816e-01  -6.0274306e-01  -1.9633666e-01  -9.4615891e-01   2.1093415e-01   1.6153174e+00  -4.1346181e-01  -1.7190957e+00  -2.1374415e+00  -6.7604969e-02  -1.0523920e+00  -1.0870645e+00   1.8457510e+00   2.2565183e+00  -1.7319755e+00
   1.0000000e+00  -4.4553421e-01   5.0778839e-01   5.3021461e-01   1.0091360e+00   5.4861219e-01  -2.1803099e-01  -1.2124510e+00  -3.8226580e-01  -6.3964876e-01   6.5187856e-01   1.0424566e+00  -1.1939189e-01  -4.1778919e-01   1.7978642e+00  -7.9036881e-01   3.8638174e-02  -1.6724835e-01   1.6628681e+00
   2.0000000e+00   6.2601513e-01  -6.9893206e-01  -2.7585621e-01   1.2055740e+00  -4.0550292e-03  -4.2691534e-01  -4.5093663e-01  -6.9391190e-01  -5.8253732e-01   7.0561698e-01  -1.0958039e+00   1.7549305e+00  -1.3342415e+00   2.4464028e-01   2.7845602e-01  -1.1567313e+00   1.3859101e-03  -1.5275583e+00
   2.0000000e+00  -1.1326198e+00   2.2703281e-01  -1.1956599e+00   9.2860064e-01   3.6444246e-01  -1.4725170e+00   3.9131725e-01   2.2735861e-01   1.8121842e+00  -5.9102732e-01  -2.3619845e+00   1.9301958e-01  -1.4566616e+00  -8.8806584e-01   1.4379515e+00  -4.8051139e-01  -1.0177404e+00  -1.0769573e+00
   2.0000000e+00   8.1957360e-01  -3.8415146e-01  -8.1490465e-01  -1.5221530e+00  -3.6998159e-01   8.0350931e-01   7.0163044e-01   5.5883128e-01  -1.2344986e+00   2.2600710e+00   1.8300383e+00   1.4017263e+00   1.0349886e+00  -5.5622417e-01   5.9261887e-01   9.0600751e-01  -3.0471188e-01   1.3078963e+00
   2.0000000e+00  -1.6773740e+00  -6.8290168e-01  -1.0082928e+00  -4.7174125e-01  -4.2495014e-01   2.2924971e-01   1.2463706e+00  -6.2073388e-01   6.0199844e-01  -5.2792809e-01  -5.2098512e-01  -3.7100992e-01  -1.0995114e+00   7.5198615e-01  -1.2719634e+00  -7.0547028e-01  -1.4506064e+00   7.1883388e-01
   2.0000000e+00   1.4044117e-01  -2.9916695e-02   8.2504780e-01   9.6291596e-01  -2.8697348e-01  -6.6363008e-01  -7.5130343e-01   1.5102220e+00   2.0860812e+00  -3.3511848e-01   9.1444670e-01  -1.8241293e+00   4.4191403e-01  -2.3070948e-01   6.8390638e-01   1.2009298e-01  -5.2768411e-03  -1.6099342e+00
   2.0000000e+00  -1.0482128e-01  -1.0462853e+00   6.6874434e-01   9.7747184e-01   1.7269272e+00   1.1061383e+00  -2.8942735e-01  -1.3579665e+00   1.8655349e+00   7.0798399e-01  -8.4691714e-01   9.3383798e-01   7.4106191e-01   1.2435450e+00   6.2277027e-02   3.0950797e-01   1.3633404e+00   1.5386826e+00
   2.0000000e+00  -1.0572850e+00   1.1732931e+00  -1.3163258e-01   8.4975466e-01  -8.4782685e-01   9.9778662e-01  -8.3974734e-01   4.0353633e-01   2.0254876e-01   1.9337215e+00   7.5633883e-01  -9.5368450e-01  -2.9543455e-01  -2.9042312e-01  -2.0532380e+00   7.5516223e-01   1.2570474e-01   9.3471093e-01
   2.0000000e+00  -1.3665225e+00   1.0232168e+00   5.1110549e-01  -1.2496962e-01  -1.2416620e+00   4.4659079e-01  -1.5055784e+00  -8.7188852e-01   3.6995254e-01   2.9182269e+00   1.5757694e+00  -8.4376808e-02   5.4495711e-01   7.3858577e-02  -4.6221216e-01   5.1921293e-01  -5.7686462e-01  -1.3772520e-01
   2.0000000e+00   3.9003281e-01  -3.7561042e-01   2.3267078e-02  -1.8280892e+00   4.2610727e-01   2.6901396e-01   7.0687222e-02   3.3578355e-01  -6.2922323e-01   6.4039658e-01   3.1362237e-02  -2.3859662e-01  -4.0551372e-01   1.5292198e-01   5.5689779e-01  -1.8925636e+00  -1.1450031e+00  -9.3416760e-02
   1.0000000e+00   5.1534401e-01  -6.3709768e-01  -1.3772431e+00  -2.7010658e-01   7.3294488e-01   9.9218954e-01  -4.0837683e-01  -9.8717894e-01   9.0411488e-01   6.5929963e-01  -4.8469899e-01   3.0038777e-01  -2.5964788e-01   1.5031951e+00   4.2317701e-01   4.5382865e-01  -5.4893283e-01  -3.4932048e-01
   2.0000000e+00   1.2182712e+00  -8.2883540e-01  -6.7972861e-01   3.8120183e-01  -1.7606342e-01  -7.2856565e-01   8.7870668e-02  -5.0151822e-01  -2.4420291e+00   4.8190487e-01   5.3510810e-01  -1.5899301e+00  -1.6290202e+00   1.1831349e+00   3.5563771e-01  -2.2007398e-02   7.0890226e-01   1.8126880e-02
   1.0000000e+00  -1.2308509e-01   1.4193414e+00  -3.1422469e-01  -1.1218213e+00   1.4839886e-01   3.4462715e-01   9.8397862e-01   2.5067361e-02  -9.6377719e-01   5.1343749e-01   7.0274550e-01  -9.5843780e-01   9.6230033e-01  -9.3413140e-02   7.1199280e-01   1.5326926e+00   5.3556502e-01   5.3115265e-01
   2.0000000e+00   1.6766463e+00  -2.8537703e-01  -1.0258274e+00   1.0856542e-01   2.0043158e+00  -7.6600975e-01   7.9694618e-01  -2.3094034e-01   4.2174448e-02  -1.1776680e+00   1.1729038e+00  -1.0274947e+00  -3.9338025e-01  -1.5337716e+00  -1.1206445e-01   1.3560680e+00  -1.2113797e+00   9.3760362e-01
   2.0000000e+00  -1.6730509e+00  -2.3366135e-01   2.0645581e+00  -8.0666911e-01  -2.0390516e-01   6.1919970e-01   2.6263050e-01  -9.3388650e-01   1.7099214e-01   8.9700707e-01  -7.2954071e-01   4.1226571e-01  -8.1975554e-01  -9.1697971e-01   5.8504532e-01   6.7849585e-02   2.1857325e-01   1.7290671e-01
   2.0000000e+00  -5.0979835e-02  -2.1858429e-01   7.3107418e-01   1.9121440e+00   1.9020837e+00  -2.0252167e+00   1.1369447e+00   5.0539800e-01   3.1270871e-01   1.1613925e+00  -4.2841274e-01   8.4101707e-01   7.1868002e-01  -1.5330921e-01   8.8241340e-01  -7.1737943e-01   7.0349670e-01  -6.5968055e-01
   2.0000000e+00  -8.4058634e-01   2.2055452e+00   3.1007961e-01   3.0653688e-01  -5.1049350e-01  -7.2005480e-01   1.2936417e+00   3.9445671e-02   1.0597030e+00   1.7929136e+00  -1.0716926e+00  -1.5073706e-01  -4.1263197e-01   4.2901292e-01   2.7500174e-01  -4.6022276e-01   1.2248685e-01  -3.5104754e-02
   2.0000000e+00  -8.2692486e-01   5.3921735e-01   1.8246518e+00  -1.9300161e+00  -1.5199289e+00  -1.8042576e+00   6.6373544e-01  -1.2010917e-01   5.7399465e-01   5.6320337e-01  -1.0585055e-01   1.6791332e+00   6.7329712e-01   6.2571992e-01  -9.6062049e-01   2.1339019e+00   7.7670436e-01   5.2336704e-01
   2.0000000e+00  -5.9255289e-01  -6.9302981e-01  -1.8658892e-02   6.1611156e-02  -2.9236917e-01   1.4086876e+00  -3.0197926e-01   5.3416440e-01   7.7698106e-01  -1.8940108e+00  -2.2377010e-01  -1.1009570e+00  -9.0335410e-01  -1.4871937e+00  -9.1325966e-01  -6.8340258e-01  -8.1916349e-01   8.0663761e-03
   2.0000000e+00  -8.1065399e-01   7.8544842e-01  -1.8425337e+00  -1.3669816e+00  -9.5017332e-01  -1.3632249e-01  -8.9418331e-02   1.7255979e-01   4.4665710e-01  -1.0660300e-01   1.3519800e+00   6.9175741e-01  -1.6552316e-01  -1.1086240e-01   9.3911333e-01  -6.8357150e-01   7.5880702e-01   4.5611297e-01
   2.0000000e+00   1.1964072e-01   1.9294215e+00   4.6198702e-01   8.0730835e-01  -1.3743529e+00  -1.6030566e+00  -8.9832525e-01  -1.9505080e+00  -2.4959881e-01  -1.5656053e+00  -6.3399224e-01   1.3873545e+00   9.7569613e-01  -2.2714599e-01  -1.9814267e+00  -1.1346548e+00   9.7367395e-01   6.4163731e-01
   2.0000000e+00  -7.3761524e-01  -3.1313797e-01  -6.8257230e-01  -6.1326701e-01  -4.8541825e-01  -5.9960702e-01  -1.2314860e+00  -7.4680012e-01   9.0645031e-01   1.5111661e+00   4.1127854e-01  -7.7822459e-01   3.6117293e-01   8.3165257e-01   7.2717616e-02   5.2195907e-01   1.3499975e+00   1.6071591e-01
   2.0000000e+00  -1.5638244e-01  -2.8604354e-01  -7.8593123e-01  -5.7320353e-01  -5.2410861e-01   1.9387342e-01   3.1096621e-01  -1.5416675e-01  -4.5641007e-01  -7.1713332e-01   1.9811408e+00  -2.7410528e-01   1.5353453e+00   1.2850080e+00  -9.0746475e-01   1.1109840e+00   3.6679189e-01  -1.0281194e+00
   2.0000000e+00   7.2583285e-01  -7.2598277e-01   3.3720792e-01   1.9728279e-01  -5.6292387e-01   2.8857542e-01   4.9519899e-01   2.3288236e-01   1.6729416e+00   1.0282642e+00   1.1850286e-01  -2.4133508e-01  -2.3963886e-01   2.8409095e-01   1.6648510e+00   6.3353841e-01  -7.5781699e-01  -4.2706060e-01
   2.0000000e+00  -9.3359757e-01  -4.7196654e-01  -2.9852133e-01  -5.7439951e-01   7.4669661e-01   4.4736713e-01  -1.0405157e+00  -7.5888838e-02   1.0300500e+00  -1.1579169e-02   7.4351650e-01   1.1878834e+00   1.5754193e+00  -1.1713670e-01   6.7536199e-02   1.4140179e-01  -2.6465925e+00  -3.6547712e-02
   1.0000000e+00  -6.8745875e-01  -4.9038329e-01   1.6716307e+00   1.4706785e-01   2.7575516e-01  -1.6620507e-01  -9.9964279e-01  -1.7547297e+00  -1.5802784e+00  -1.0996338e-01  -1.4502249e+00  -1.1755557e-01  -1.5348884e+00  -1.2808487e+00  -1.2229017e+00  -1.6991116e-01   2.3507581e-02  -3.8095029e-02
   2.0000000e+00   3.1964323e-01   4.6414357e-01   1.3164130e+00   8.5062418e-01  -6.2860385e-01   1.6694363e+00  -6.8181263e-01   1.3600897e-01   3.2349371e-01  -6.9259194e-01   9.8787399e-01  -7.2944423e-01  -4.8085375e-01   1.1352217e+00  -8.6705740e-01   1.4565931e+00  -7.9864946e-02  -6.1069973e-01
   2.0000000e+00   6.2679822e-01  -3.1765979e-01  -2.0789194e+00   9.6777921e-01  -2.0841561e+00  -5.7420586e-01   3.7384467e-03  -1.4566030e+00   2.5475176e-01   9.2338871e-01   6.4588524e-01  -1.4150363e+00   1.1251378e+00   9.6862979e-01   1.4177764e+00  -1.2427213e-01  -6.7288351e-01  -7.0815922e-01
   2.0000000e+00   3.4752056e-01  -3.8629255e-01  -1.1764669e+00   1.1795704e+00   1.3552620e+00   8.8970949e-01  -8.2997295e-02  -1.1754510e+00   6.6515224e-02  -5.8740233e-02   2.0427189e-01  -1.3259930e+00  -2.6148549e-02  -9.5407678e-01  -8.6116187e-01   1.6587855e-01   5.0542669e-01   2.1541927e-01
   1.0000000e+00  -1.6956272e+00   1.2479427e-01  -5.0718724e-01  -6.2896265e-01   6.7008150e-01   1.2977080e+00   1.5112089e-01  -4.3086442e-01  -1.6149888e+00   2.0963885e+00  -4.4649893e-01  -2.4905565e-01  -2.1840334e-01   5.1094559e-01   2.1812414e-01   3.6687386e-01  -3.6865370e-01  -1.2527835e+00
   2.0000000e+00   4.9218968e-01   5.0349975e-01  -1.0315072e+00   1.0520463e+00  -1.5900773e+00  -1.8079998e-01   5.1414794e-02  -2.1255583e+00  -3.1945656e-01   1.2855642e+00  -2.0537178e-01  -3.2839703e-01   3.4541538e-01  -8.3886564e-01  -4.3465490e-02  -7.7233283e-01   7.4537615e-01   1.3213797e+00
   2.0000000e+00   1.1973595e+00  -1.7922210e+00   5.0650751e-01   7.6511676e-01  -2.3916046e-01   2.5386212e-01  -7.6216725e-02  -1.3934270e+00  -3.3139432e-01  -7.3565414e-01  -1.9378137e+00  -3.2584644e-01  -7.4076867e-02  -7.2674038e-01   5.0789023e-01   7.0697050e-01  -8.3297103e-01   1.8771493e+00
   2.0000000e+00  -5.9750809e-01   1.7242146e-01  -7.1077044e-01  -5.4099886e-01  -1.5385802e+00  -2.1639615e+00   5.0498694e-01  -8.5769939e-02   5.9136823e-01   4.8369831e-01  -1.5428163e-01  -1.2817822e+00   1.3717515e+00  -1.2750224e+00  -1.9557035e-01  -9.7245210e-01  -2.3096811e-01   1.3857888e+00
   2.0000000e+00  -4.7339073e-01   7.9865508e-02  -5.7977439e-01   9.8712862e-01   1.6048478e+00   3.4460066e-01   7.6442559e-01   1.8806151e+00  -8.9709307e-01   4.4243284e-01   6.1558293e-01   2.3664906e+00  -1.2168972e+00   5.2171409e-01  -5.3581638e-01   1.7950663e-01   8.1913680e-01  -6.3401078e-01
   2.0000000e+00  -1.7078622e+00  -2.4764473e-01   2.9715703e-01   2.9743799e-01  -9.4608750e-02  -1.3441120e+00  -8.2935932e-01   6.6495879e-01   2.1742352e-01   3.4701415e-01   3.8777937e-01  -1.6541318e-01   1.1677628e+00   4.8550944e-01  -1.0100757e+00  -3.6092454e-01   2.2690165e+00   2.3990384e-01
   2.0000000e+00  -1.2119655e+00   3.0432055e-01   1.5542342e+00   3.5554297e-01  -9.5677754e-01   7.1543562e-01  -1.5484696e+00  -1.4057469e+00   6.0847532e-01  -7.4933374e-01   2.2903717e-01  -1.1891862e+00   8.4888466e-01  -5.0365154e-01   4.1111402e-01  -1.9529511e-01  -7.7453855e-01  -8.6346976e-02
   1.0000000e+00  -7.8162598e-01   1.6764784e+00  -4.5966203e-01   5.9327758e-01   3.7303747e-02  -2.9889542e-01   4.7864122e-02  -5.3099465e-01   7.9893404e-01  -1.2116433e+00   1.1876867e+00  -1.2036481e+00  -2.9751828e-01  -3.0185489e-01   2.1787223e+00   2.0620776e-01   5.9400556e-01   1.9452986e-01
   2.0000000e+00   1.0597512e+00  -1.3769303e+00  -9.6160428e-01   9.8732066e-01   2.8522524e-01  -1.2397318e+00  -1.2572421e+00  -1.6854106e+00   4.1221099e-01   5.2551428e-01   1.1605198e+00   3.8724933e-01  -2.1092259e+00   6.3918781e-01  -5.5726538e-01  -2.1073666e+00   1.2041765e+00  -1.9151768e+00
   2.0000000e+00  -1.2602316e+00   7.6499528e-02   1.7720661e+00   5.7753700e-01  -6.3181028e-02  -1.0854295e+00  -9.9745371e-01  -1.0520093e+00   7.1118000e-01  -9.5612113e-01  -8.8846653e-01  -4.9961738e-01  -1.3264475e+00  -1.3502012e-01  -1.0538040e+00  -9.7372190e-01  -2.1646260e-01  -7.7687152e-01
   2.0000000e+00  -5.9118100e-01  -2.0897303e+00   1.7072874e+00  -9.8432906e-01  -1.6025927e-01   1.0337188e-01  -2.2786840e+00   1.0584479e-01   3.7981434e-01   1.0444012e+00  -2.8607781e-01   1.0359754e+00  -2.0002160e+00  -1.3315787e+00   4.8662501e-01   6.1898762e-02  -1.9020475e+00  -1.0389614e+00
   2.0000000e+00  -1.8949876e-01   1.2004393e-01   1.5079020e+00   3.7963195e-01  -3.0507362e-01  -4.6449557e-01  -7.8323036e-01  -9.5532479e-01   4.6063119e-01   1.8212651e-01  -6.6472102e-01   4.5114251e-02   4.5562277e-01  -2.4089992e+00   1.8088509e-01   1.3645255e-01  -7.0612044e-01   1.2091197e+00
   2.0000000e+00  -4.7559643e-01  -5.3126687e-01   1.7985171e+00  -8.8057261e-02  -8.4186452e-01  -8.6752094e-01   3.2821708e-01  -1.3975230e+00  -2.3549548e-01   1.0393086e+00   2.8819569e+00   1.4076618e-01   2.6578277e+00  -4.5248229e-01  -1.3463363e-02   7.4472482e-01  -7.8289875e-01  -1.4636890e+00
   2.0000000e+00  -1.1171514e+00  -4.7567276e-01  -3.3708219e-01  -5.5596139e-01   1.3058079e+00   3.0759813e-01  -1.1979732e+00  -2.6754182e-01   7.6084128e-01   2.0655328e-01  -7.5186215e-01   2.5727381e-01   1.1966269e+00   1.6841351e+00   1.0088718e+00  -6.1728366e-01  -5.8122189e-03   1.9092207e-01
   2.0000000e+00  -1.4162796e+00  -1.5926660e-02   4.9630600e-01  -9.7030794e-01   1.1716027e+00  -2.5993463e-01  -9.0715063e-01   3.6433397e-01  -1.1785422e+00  -1.5947069e+00  -4.3055149e-01   3.7693584e-01  -2.0611432e-01  -5.0061691e-01  -3.8776818e-01   1.1548013e-01  -3.3165852e-01   5.6122275e-01
   1.0000000e+00  -2.1591169e+00   1.4874479e-01   1.2549597e+00   1.0762869e+00   2.2302403e-01   4.9294854e-01  -3.5643906e-01   8.2882323e-01   3.3255598e-01  -3.2539795e-01  -1.2546765e+00   7.3125341e-02  -2.1154353e+00   8.3540947e-01  -8.6219753e-01  -1.8263698e+00   3.5971855e-01  -7.0052121e-01
   2.0000000e+00  -1.4192428e-01  -1.6326166e+00  -1.3328322e+00  -3.0609453e-01  -7.9842165e-01  -1.1052709e+00  -1.7656063e+00   2.9079294e-01   2.2801817e-01  -1.0413145e+00   9.1904366e-01   7.8514885e-01   6.6292099e-01  -1.7377339e+00  -3.6130598e-01   4.6845925e-01   1.1424082e+00   3.1516293e-01
   2.0000000e+00  -1.9843666e+00   9.7746766e-01  -1.4372948e+00  -1.1224409e+00  -5.4703596e-02  -3.5065553e-01   5.8281755e-01  -1.1791567e+00   1.8261686e+00   5.4347029e-04   8.1386028e-01   4.6804725e-02  -8.7492281e-01   6.4702128e-01  -7.8472102e-01  -8.1708383e-01  -4.4615689e-01  -1.1716999e+00
   2.0000000e+00   7.0443558e-01  -9.8808530e-02  -4.4292450e-01  -3.5994262e-01  -1.0174840e-01   1.6430873e+00   3.7778111e-01   7.4271906e-02  -1.1364478e+00   1.5701097e+00   1.5302176e+00  -1.3070286e+00   3.8617003e-01   9.5436333e-02   3.1362424e-01   5.0646123e-01  -6.2033748e-01   6.6470960e-01
   2.0000000e+00  -3.9753040e-01  -6.4945912e-01   9.4660357e-01   1.6302567e+00  -5.3243979e-01  -9.3098946e-01  -2.9117280e-01  -8.3356762e-01  -1.3274544e+00  -7.2702167e-01   1.6524426e+00   1.7163627e+00   1.3274034e+00   2.0164273e-01  -4.1233059e-01   1.1519166e-03   1.2187051e+00  -8.6648112e-01
   2.0000000e+00  -3.8923934e-02  -6.0712038e-01  -3.3512853e-01  -1.1973253e-01  -7.0928768e-01  -4.6296685e-04  -2.0242011e-01  -2.2585156e+00  -3.7679757e-03   8.9603793e-01   6.1230498e-01   1.1975578e+00  -7.1923955e-01  -1.3477985e+00  -1.8048430e+00   1.8009440e+00  -6.5204295e-01   3.2790900e-01
   2.0000000e+00  -3.3757991e-02   4.1197925e-01   8.8902478e-01  -1.6355596e+00   1.0312576e+00   7.6126183e-02  -1.7585331e+00  -1.1193832e+00  -1.2558241e-01   2.3196393e-01   1.3186179e+00   8.6103302e-01  -4.3866385e-01   5.2436350e-01  -2.4408818e-01   1.3556356e-01  -4.0847704e-01   7.9681566e-01
   2.0000000e+00  -7.9531220e-01   7.5052004e-01  -7.0594761e-01   6.2463789e-01  -1.1558575e+00  -3.6962301e-01   3.5431835e-02  -5.3006115e-01  -8.3634248e-01   1.6265108e+00   8.9054177e-01   1.3251039e+00  -1.1296653e+00   1.6259873e-01  -6.2583017e-01   6.8921490e-01  -1.0020820e+00  -7.0988972e-01
   2.0000000e+00  -2.1460961e-01   7.5843637e-01   9.7442053e-01   4.7196437e-01  -2.8408877e-01   8.8395083e-02   5.0076698e-01  -1.1424830e+00  -2.8569909e-02  -3.4729537e-01  -2.3929258e-01   2.1167608e-01  -1.0976837e+00  -8.4752593e-01   1.6686418e+00  -7.9168542e-01  -4.3689973e-02   8.0487273e-01
   2.0000000e+00   2.2779219e-01   8.2282961e-02   2.1054419e+00   8.8771942e-01  -5.6709751e-01   3.1514630e-01  -1.6979873e-01  -1.3839518e+00  -7.6717674e-02  -1.6372857e+00  -6.3590943e-01   1.0193049e-01  -2.3059808e+00  -1.2986936e+00   2.6032749e-01  -2.0258496e+00   3.2845139e-01   1.4187675e+00
   2.0000000e+00   8.1526207e-01  -2.2953154e-01   3.2859041e-01  -2.1480191e-01  -1.3359161e+00  -3.5672420e-01  -8.5345764e-01   1.9979253e+00  -2.3933833e-01   1.5382801e+00  -1.7202557e+00   8.5616026e-01   2.0764873e+00   1.2135659e+00  -1.5468869e+00   1.0126495e+00  -6.0024415e-01  -9.0405182e-02
   2.0000000e+00   2.3559471e+00   1.1853088e+00  -1.2325061e+00  -1.1521871e+00   1.1378922e+00  -3.0055677e-01  -1.3622969e-01   4.5706065e-01   1.2637007e+00   1.0913548e+00  -1.4544943e+00  -1.0510858e-01   1.0723014e-02  -1.5925623e-01  -1.5708350e+00  -2.1422756e-01   7.7681783e-01   1.5043653e+00
   1.0000000e+00  -7.2020758e-01   2.2307680e+00  -1.0002353e+00  -4.7210798e-01   6.3807436e-01   1.1744908e+00  -3.7947693e-01   1.4843144e+00  -1.4613791e+00  -1.0107484e+00  -1.6916304e+00  -1.9952171e+00  -1.7112492e+00  -1.3580912e-02   5.2506309e-02  -2.7503083e-01  -7.1065926e-01  -5.4247055e-01
   2.0000000e+00  -3.5554793e-01   4.9571872e-01   9.9549116e-02   3.2582305e-01   8.7106781e-01   1.1471633e+00  -6.2941475e-01  -2.4868746e-01   7.4303754e-02   3.2000985e-01   4.9926230e-02  -2.9200410e-01  -2.1998789e-01   9.0710102e-01   1.3984062e-01   2.4403798e-01  -1.6406438e+00   5.5287983e-02
   2.0000000e+00   1.4945158e+00  -6.6041333e-01  -1.2440454e+00   5.4468404e-01  -3.4401643e-01   1.2418376e+00  -1.3302586e+00   9.9334111e-01   4.5154406e-01  -3.3263349e-01  -1.3330410e-01   3.7584769e-01   9.3602329e-01  -5.5164609e-01  -8.3645319e-01  -7.2935887e-02  -9.0809484e-01   1.9928144e+00
   2.0000000e+00   1.3411392e+00  -2.0118094e+00   8.0467227e-01  -1.9746119e+00   9.8953071e-01   3.3062855e-01  -4.8921920e-01   3.3201730e-01  -6.4834150e-01  -1.7267143e+00  -2.1119057e+00  -5.1535200e-01   9.3138148e-01   1.1255665e+00   1.9972666e-01  -6.0808045e-01  -1.6016296e-01   4.7816495e-02
   2.0000000e+00  -4.2520679e-01   6.3245218e-01  -1.2256062e+00   5.8483933e-03   4.2529658e-01  -4.4580894e-01  -1.2332045e+00   1.2169773e+00  -9.3761580e-01   4.4496796e-01   2.2688874e-01   6.8581846e-01   7.8922571e-01   1.4133703e+00   1.5351587e+00   9.9934435e-01  -1.6173902e+00  -7.3260852e-01
   2.0000000e+00  -9.4077845e-01   3.4486765e-01   1.2765552e-01   1.4395219e+00   1.6648364e+00   4.0400780e-01   2.8370625e+00   4.1019801e-01  -1.8687280e+00   1.0733144e+00  -1.1737893e+00  -2.1422385e-01  -6.3872805e-01  -1.5242927e+00   1.0429468e+00   4.2146884e-01  -1.2476817e+00   1.0600673e+00
   2.0000000e+00   4.5889304e-01   1.6665504e+00   4.1376016e-01   3.9062491e-01  -1.5389026e+00   7.8192221e-02   9.8906122e-01  -1.7944611e+00  -4.5461497e-01  -2.3168714e-01   4.7476806e-01   8.9306541e-01   2.0352510e-01  -1.9830260e-01   2.9190754e-01   2.7064418e-01  -6.5944459e-01   1.2289225e+00
   1.0000000e+00   4.0281137e-01   1.0434418e+00  -1.0466150e+00   4.3996505e-01   2.5513724e-01   7.9229359e-02  -3.0874552e-01   6.5611964e-01  -5.7519917e-01  -1.4808752e-02  -6.1421273e-01   6.1974761e-01   1.3279827e+00   1.8458236e+00  -9.1078687e-01   1.8735163e+00  -8.1427383e-01  -8.3479311e-01
   2.0000000e+00  -2.4658297e-01   2.4768019e-01   3.9626229e+00  -6.9446612e-01   1.4295346e+00  -1.3857074e-01   4.9932280e-01   2.2645894e-02  -1.2624965e-02  -2.6749317e-01  -1.2163601e+00   1.9404134e+00  -1.1456157e-01   2.3739127e-01   6.6253260e-01   2.8246179e-02   1.4929846e+00   5.2304565e-01
   2.0000000e+00   9.5711796e-01  -4.8551659e-01  -3.4389335e+00  -4.1209570e-01  -1.9437297e+00   1.4722398e+00  -1.0335209e+00   4.8745686e-01  -5.4260895e-02   1.6493440e-01  -2.1599861e+00  -6.3071625e-01   3.3852520e-02  -6.6279195e-01  -1.3056414e-01  -5.2874414e-01   7.1022477e-02  -2.0980347e+00
   1.0000000e+00   1.2207461e+00   1.1950084e+00  -3.9360987e-01  -4.5143219e-01   5.7887929e-01  -2.5424213e-01   5.8172907e-01  -7.9169502e-01  -1.9615470e+00  -5.0641813e-01  -5.7484370e-01   2.4446388e+00  -1.0306947e+00   2.2207151e-01  -1.5055895e+00   6.4588360e-01  -5.4465065e-01  -6.5166310e-01
   2.0000000e+00  -9.4279040e-01   3.2642411e-01   1.4368498e+00   7.3203386e-01   1.1521453e+00  -1.0731840e-01   1.8876118e+00  -4.0232243e-01  -1.4292786e-01  -4.6123015e-01   7.2918284e-03   5.7315849e-01   2.8181308e-01  -4.4860625e-01  -1.6018796e+00   2.0851290e+00  -1.0077773e-01   1.5660723e-01
   1.0000000e+00   7.3181453e-01   7.1385991e-01  -2.4131232e+00  -1.2042904e+00   5.3200106e-01   1.5617739e+00  -4.1990593e-01   5.4045249e-01   5.8299287e-01  -9.2870001e-01  -6.7568597e-01   5.5125113e-01  -2.2724662e+00  -1.6980140e-01  -3.4559611e-01   9.4263621e-01  -4.8153683e-01  -1.6211405e+00
   1.0000000e+00   1.3678405e+00   7.6518088e-01   7.7740991e-01   4.9125637e-02   7.7956132e-01  -9.7339826e-01   4.3398512e-01  -8.1356115e-01  -6.9170633e-01   1.0282933e+00  -3.0033289e-01   3.2223801e-01   2.8832326e-02  -6.3926838e-01  -1.2124683e-01   3.0580279e-01   5.1138507e-01  -1.0865001e+00
   2.0000000e+00   2.5293900e-01   1.3537143e+00   1.8462614e-01   1.4630586e+00  -1.4293414e+00   8.8060508e-01   8.2885258e-01   1.5011875e-02  -1.9128854e+00   7.8628878e-01   7.6668441e-02  -1.6818318e-01   7.4666702e-01  -1.7187108e+00   1.4501100e+00   1.9873000e-01  -1.1437343e+00   8.4004856e-02
   2.0000000e+00  -5.9569389e-01   1.0470119e+00   3.8097275e-01  -7.1754961e-02   2.1427333e+00  -1.8376166e+00  -2.0525994e+00   4.2065299e-01  -9.9763745e-01  -6.7359376e-01  -9.7690471e-01  -4.6247208e-01  -2.1310137e-01  -1.5334828e+00  -2.0178010e+00  -9.0521283e-01  -6.7582790e-02   7.1149395e-01
   2.0000000e+00  -1.6520047e-01  -3.7921801e-01  -6.8810600e-02   3.4506156e-01   1.8753168e+00  -4.5831831e-01  -1.5304088e+00  -1.2236066e-01   5.3764892e-01  -8.0222713e-01  -1.3344205e+00  -1.2136729e-01  -7.6041658e-02  -2.6209063e-01  -8.6872276e-01  -3.3357167e-01   1.9413447e-01   4.3314383e-04
   1.0000000e+00   3.0409812e-01  -2.5745699e-01  -4.8695535e-03  -1.3358984e+00   7.4152219e-03  -2.2869403e+00   3.6955810e-01   8.9605272e-02  -5.9386944e-01  -4.4046209e-01  -1.8262658e-01  -9.6473654e-01   7.8115525e-02   3.7574419e-02   4.1842509e-01  -1.2424642e+00   2.9651213e-01  -9.2722801e-02
   2.0000000e+00  -1.8816417e+00   7.1161498e-01  -4.5710771e-01  -3.4487193e-01  -3.8632243e-01  -2.3708969e+00  -5.8889650e-01   3.2411989e-01   2.0670556e-02   4.9837764e-01  -8.5171970e-02  -4.2826068e-01  -1.0131276e-01   2.6760468e-01  -6.8218986e-01  -1.2589590e+00   1.9477752e+00   5.1282991e-01
   2.0000000e+00  -2.5517794e-01   1.5603132e+00   1.9983675e-03   3.6541421e-01  -1.1455129e+00   7.0424238e-01   8.1086386e-01   2.2348789e-01   1.0935803e+00  -1.4039895e+00  -1.6558466e+00   1.1830787e+00  -2.4170992e-01   3.9940049e-01   5.6416829e-01  -3.2560480e-01   9.2602872e-01   2.0690655e+00
   2.0000000e+00   4.6465476e-01  -1.2462980e-01  -4.1801200e-01  -5.3752389e-01  -3.2745304e-01   1.1711317e+00  -9.0559968e-01   7.9890552e-01   3.7042016e-02  -1.5410484e+00   1.1902739e+00   2.5685087e-01  -7.1774979e-01  -5.5327135e-01   8.7565451e-01   9.0241418e-01   9.1215904e-01   7.3420310e-01
   2.0000000e+00  -4.4521562e-01  -5.5687363e-01   1.5635587e+00   3.4206672e-01  -5.4854362e-01   2.7607383e-01   2.5798936e+00   1.0326303e+00  -1.4217832e-01   5.5059766e-01   1.2423295e+00  -7.3148260e-02  -7.6103305e-02   2.3243862e-01  -2.3765115e-01  -2.8572300e-01  -7.5371099e-01   2.0120727e-01
   2.0000000e+00   4.1787217e-01  -2.2294242e-01   1.4815812e+00   2.9421930e-01   7.3775584e-01  -3.0588206e+00  -1.8464274e-01  -1.8776665e+00   4.1924482e-01   1.0988240e+00   1.5832451e+00   3.9236485e-01  -2.4813771e+00   6.3047646e-01  -3.4447440e-01   4.0706713e-01   1.1595824e+00   2.7188759e-02
   2.0000000e+00   1.3496905e+00   1.5460376e-01  -5.3492823e-01   5.2226680e-01  -6.5757650e-02   1.7340566e+00  -5.9814206e-01  -3.3500386e-01   1.8471860e-02  -1.8182868e-01  -2.4252803e-01  -2.8655733e-01   9.0860190e-01  -3.5114397e-02  -1.0772528e+00   1.2249076e+00   1.5536431e+00  -1.6376637e+00
   2.0000000e+00   9.1468922e-01   7.9334943e-01   2.9582329e-01  -7.7286269e-01  -6.4546264e-01  -1.5526534e+00   2.2830845e-01   4.9237259e-01  -2.4165159e+00   1.8110179e+00  -4.0124417e-01   5.4503844e-01  -2.2342220e-01  -1.2800807e-01   4.8220459e-01   2.5303251e-01  -2.6239904e+00   2.6810089e-01
   2.0000000e+00  -8.5445053e-01  -3.8109906e-01   3.9346143e-01  -4.7460099e-01   4.0670954e-01   1.7006913e+00  -2.5821958e-02  -2.2856798e-01   1.2717777e+00  -4.9755289e-01  -1.4509128e+00  -3.1497713e-01  -1.0920425e+00  -5.8346911e-01   7.2035900e-01  -6.6305233e-01   2.1594059e+00  -1.7430236e+00
   2.0000000e+00   1.2058106e-02  -9.2608733e-01  -2.6421038e-01   1.6465606e+00   2.2675696e-01   9.7068302e-01  -8.4224148e-01  -1.0036704e-01   9.9295336e-01  -3.1360748e-01  -2.1886757e+00   3.7776938e-01  -3.9105791e-01  -8.9920959e-01  -8.7817604e-02   9.2230758e-01  -5.8252797e-01  -2.3852999e+00
   2.0000000e+00  -5.4014652e-02   7.9944362e-01  -6.9866804e-01   2.0121386e-01  -1.5129965e+00  -9.8430412e-01  -8.9195231e-01   2.2758563e+00  -1.2202889e+00   1.1257227e+00  -5.1577272e-01   1.3757714e+00   1.8778445e+00  -7.2160943e-01  -1.2916567e-02   8.9200358e-01   9.2798282e-02   5.0456523e-02
   2.0000000e+00   1.6067822e+00  -6.2420477e-01   1.1084480e+00   5.3133745e-01  -2.2358932e+00  -5.8479629e-01   8.7136676e-01  -1.6014179e+00   1.6252617e+00   5.2457284e-01   2.0923712e-01   1.4503393e+00   2.7419923e-02  -6.2613258e-01  -9.4334311e-01   4.0437793e-01   8.3714627e-01   1.4714330e+00
   2.0000000e+00   1.8768301e+00   2.0326346e-01  -1.5039249e+00   1.2648362e+00  -6.4378311e-01  -1.8338763e+00   1.1250442e+00  -4.2757543e-01   5.0672493e-04   4.4951671e-01  -1.5543639e+00  -1.8042541e+00  -1.2950339e+00  -3.7624861e-01   1.5409544e-01  -2.5805620e-01   9.6909362e-01  -4.4644154e-01
   2.0000000e+00  -1.8398855e+00   4.5872461e-01   2.8924712e-01   3.6481284e-01  -3.4347043e-01  -2.0639633e-01  -1.2655864e+00   2.6542500e-01  -9.9156330e-01   1.6313780e+00   3.4436135e-01  -2.3169845e-01  -1.0850454e-01   1.2617340e-01  -8.4731706e-01  -1.1519855e+00  -3.5182782e-01   1.3933356e+00
   1.0000000e+00   1.0892220e+00   8.6662422e-01  -1.6095950e+00   3.4131248e-01   1.4922983e-01  -5.0896406e-01   1.2074531e+00  -9.3297615e-01   3.0417987e-01   1.7888678e+00   2.7354900e+00  -6.2488332e-01  -1.0336613e+00  -7.8857321e-01  -1.6106148e+00   7.1406367e-01   6.0191463e-01  -1.6536267e+00
   1.0000000e+00   4.8124673e-01   3.7702500e-01  -1.8855068e+00   1.3091735e-01   2.7821720e-01  -9.1492726e-01  -1.8561419e-01  -1.6840647e+00  -3.2911340e+00  -1.1224622e+00  -8.6339566e-01   7.4984321e-01  -4.9293552e-01   6.6431984e-01  -1.6689341e+00  -3.7243043e-02  -1.2644752e-01  -1.5098797e+00
   2.0000000e+00   1.2693746e+00  -1.4267286e+00   2.0487989e+00  -3.2134723e-02  -1.8787872e-01   6.8738789e-01  -4.1167633e-01   5.6834488e-01   9.4574779e-01  -7.6413447e-01   9.2725676e-01  -8.3335715e-01  -2.4506423e-01  -1.8127840e+00  -8.0248334e-01  -1.8666929e-01   2.9625913e-01  -2.5920087e-01
   1.0000000e+00  -2.9975089e-01   5.9503789e-01   4.0610179e-01   4.1969958e-01   1.1892427e-01   5.4750389e-01  -1.7316392e+00  -4.8704789e-02  -1.7738671e+00  -1.0290324e-01  -2.7103348e-02  -3.0234752e-01   2.5527932e-01  -4.9839476e-01  -4.5047524e-02  -1.4035815e+00   6.2156759e-01  -3.5453037e-01
   2.0000000e+00   6.5129815e-02   6.4420693e-01  -3.1867973e-01  -2.4586611e-02  -5.0847423e-01  -1.9474945e+00   8.4632930e-01  -5.3921600e-01   1.9377873e-01   2.5132881e-01   7.1895912e-01   9.3983168e-01  -1.9635887e-04  -6.7050289e-01  -1.7946179e+00   2.4324972e-01   3.5660468e-01  -1.1090419e+00
   2.0000000e+00  -2.5745759e-01  -8.0640530e-01   3.9833742e-01  -5.8814041e-01  -1.2670689e-01  -9.5482880e-01   1.1794204e+00  -6.4840321e-01   1.2544451e+00   9.8511122e-01  -9.5405549e-01  -1.2402095e-01  -1.7070128e+00   1.7612480e-01   1.9311654e+00   1.1443053e+00   1.0507555e+00   1.8546885e-02
   2.0000000e+00  -7.6603442e-01   8.9760065e-01  -1.1837132e+00  -7.4722998e-02  -3.5156901e-01  -2.2991143e-01  -1.3393106e+00  -1.5713973e+00  -4.8494507e-01  -3.8871683e-02   6.1201624e-01   2.7035903e+00   9.1404258e-01  -1.8532873e-01  -3.9604559e-01  -1.8732087e+00   1.7930631e-01   1.1444974e+00
   2.0000000e+00  -1.6542738e+00   1.3862368e+00   7.8883029e-01  -1.0208752e+00  -1.3173870e+00  -2.5458344e-01  -1.5962080e+00   2.0169688e+00  -3.7712053e-01  -1.6258605e-01   4.7946303e-01  -1.1282597e+00  -4.7206413e-01   1.1217677e-01   4.9116348e-02   6.3099583e-01   3.7067721e-01   1.8580824e+00
   2.0000000e+00   1.9429437e+00  -2.2212916e+00   1.1947699e+00   9.9971065e-01  -5.9964241e-01   6.5160486e-01   1.7957948e+00  -1.0606486e+00  -1.0863433e+00  -8.3691420e-01  -8.4122763e-01  -1.4166276e+00  -5.8093608e-01  -6.2005006e-01   7.3469702e-01   4.3399033e-01  -7.8676636e-01  -7.4133130e-01
   2.0000000e+00   2.5157845e-01  -8.8273400e-01  -1.2770799e+00  -1.3962770e+00  -3.0780205e-01  -3.7308229e-01   9.8319313e-01  -1.6416133e+00   1.7406397e+00  -1.4349981e+00   4.6741740e-02   1.4618357e+00  -1.7862456e+00  -6.0290355e-01  -5.1845731e-01  -5.3227680e-01  -1.4535029e+00   6.6255090e-01
   2.0000000e+00   1.1765565e+00  -2.8683232e-01  -1.3130738e+00  -7.2257917e-01  -6.6017892e-01  -2.0664822e+00   1.3641891e+00  -1.3987718e-01  -1.0618972e+00  -3.3996166e-01  -3.1264343e-01  -3.1359598e-01   1.1206641e+00  -1.5322215e-02  -1.7391752e+00   2.5265854e-01   6.5155001e-01  -3.6922539e-01
   2.0000000e+00  -6.9311833e-01  -1.7528393e+00  -1.3215389e+00   2.7313379e-01  -7.9012997e-01   1.3325339e+00   1.1783001e+00   6.5011383e-01   3.6302059e-01  -3.8775342e-01   1.2753655e+00  -1.4975431e-01  -1.1557790e+00  -8.4227263e-01  -1.0680034e+00  -8.8449648e-01  -3.9439822e-01  -1.0671576e+00
   2.0000000e+00  -5.9835473e-01   3.1559119e-01   1.3093225e+00  -4.0394336e-01  -2.5156423e+00  -2.6955067e-01   8.3468373e-01  -7.6871308e-01  -6.5472023e-01   1.5451977e+00  -7.3418804e-01  -1.7611212e+00  -1.4401235e+00   3.9955084e-01   3.9789589e-01  -2.0766804e+00   1.3299555e-01   2.6454223e-02
   1.0000000e+00  -5.5298331e-01  -5.3389170e-01  -3.8721337e-01  -2.4151185e+00   8.7927993e-01  -6.0809358e-03   1.3915462e+00  -9.1311879e-01  -4.1989702e-01   1.6452608e+00   1.8454975e+00  -7.7851079e-01  -5.6475787e-01  -1.1927131e+00  -3.2498271e-01   1.3974890e-01  -1.8532324e-01  -1.2626563e-01
   2.0000000e+00   1.2743098e+00   9.0893016e-02  -1.6391076e-01   5.5055972e-01   9.4211983e-01  -1.1780345e+00  -2.2463124e-01  -8.9050663e-03   6.8466160e-01   1.8930645e+00  -5.6316786e-01  -1.1659009e+00  -6.7670537e-01   1.5712630e-01   3.7309821e-01   8.9549262e-01   1.2170876e+00  -7.9932846e-01
   2.0000000e+00   5.4805006e-01   2.3875884e-01   1.8902342e-01  -2.5972168e-01  -2.9172355e-01   7.1778970e-01  -1.0243645e+00  -4.7630811e-01   8.6066639e-01  -1.7545093e+00  -5.4410863e-01  -9.6074100e-01   5.9562946e-02   3.9879144e-01  -2.3268285e-01   6.0836749e-01   9.7846944e-01   4.8366150e-01
   2.0000000e+00  -9.3324384e-01  -2.2859698e+00  -1.0210823e+00  -1.9994179e-01   2.0614266e+00  -4.9350082e-01  -4.1705463e-01   4.0108726e-01  -4.8491992e-01  -1.5941336e+00  -2.0328075e-01   4.9445665e-01  -3.0941156e-02   8.8463384e-01   1.4449692e+00  -8.4690222e-01   1.0258491e+00   2.3166419e-01
   2.0000000e+00  -1.2698887e+00  -6.1133106e-01   1.0662114e-01  -3.1865489e-01  -1.3490914e-01   3.4832124e-01  -4.8909597e-02   1.4234704e+00  -1.6595203e+00  -6.6279701e-01   6.0285912e-01  -1.5933663e+00  -1.3396606e+00  -8.4548584e-01   7.8231902e-01   1.4825672e+00   1.3810450e+00  -8.6900417e-01
   1.0000000e+00   1.2268437e+00   4.5355765e-01   5.9003760e-01   1.1491496e+00   7.3157097e-01   8.0816063e-01   4.2385124e-01   7.5127086e-01  -8.4966769e-01   8.3951406e-01  -2.3846000e-01  -2.7989622e-01   1.1617739e+00   9.5312237e-01  -1.1766857e+00  -1.3081590e+00   5.2907481e-01  -2.2263770e-01
   2.0000000e+00   1.8289664e+00  -4.0649667e-01   1.7450685e+00   2.7617165e-01  -1.1000296e+00   1.7643071e+00   8.8049360e-01   1.6434428e+00  -1.2186059e+00  -6.1126484e-01   8.9910884e-01  -2.5630518e-01  -1.4684378e+00   2.4609651e-01  -4.6005314e-01  -4.2340382e-02  -9.6831920e-01   1.2455930e+00
   2.0000000e+00  -8.6228960e-01  -5.0895956e-01   1.2733350e+00  -1.8136331e-01   1.6375685e+00   9.5793790e-01  -5.9170266e-01   1.4344693e+00   1.2824188e+00  -2.5848598e-01  -4.8189408e-02   2.6712124e+00  -8.7781058e-01   1.3398737e+00   4.8279907e-01  -3.5179117e-01  -1.4620578e+00   1.9989573e-01
   2.0000000e+00   2.3176963e-01   8.2663796e-01  -8.4104603e-01  -1.2848867e+00  -3.1656585e-01  -1.7264234e+00  -2.6542270e-01   8.5467717e-01  -1.1602035e-01   3.3113066e-01   1.2430803e+00   8.1037951e-02   1.7484276e+00  -9.4603447e-01  -1.5038468e-01  -2.6091450e-01  -1.1200605e+00   1.3658175e-01
   2.0000000e+00  -1.2896990e-01   6.9897375e-01   6.3456460e-01  -9.0641255e-01  -1.1044201e+00  -5.7335924e-01  -7.1615580e-01   1.4094023e+00   1.5986918e+00  -3.8967846e-01  -2.5386544e-01   3.6807147e-01  -1.4888924e+00   3.9453659e-01  -1.7798393e+00  -2.2637895e-01   1.1133593e-01   2.5023496e+00
   2.0000000e+00  -1.7586672e-01   2.7616146e-01   1.6610468e+00  -1.0721499e+00  -2.5732093e-01  -8.8179275e-01  -7.4182292e-01   3.1513785e-01  -1.4621368e+00   1.1449327e+00  -9.0503763e-01  -1.6590386e+00  -3.9504934e-01  -4.1195898e-01  -9.5432738e-01  -1.7188799e+00  -3.8117088e-01  -1.1884697e+00
   2.0000000e+00  -9.9065091e-01   4.7337247e-02  -2.3295728e-02  -1.6893640e+00  -1.0534915e+00   9.4556111e-01   7.5330478e-01  -6.8496810e-01   1.5711953e+00   4.8356433e-01   6.4974499e-01   1.4082842e-01   1.2036012e+00   9.7376091e-01   1.7662505e-01   1.1866054e-01   1.3180394e+00   7.7272760e-01
   2.0000000e+00  -2.6608451e-01  -7.0635065e-01  -1.4750707e+00   2.3533272e+00   1.9477558e-01   3.6410114e-01   1.0120483e-01  -9.5903200e-01   3.0583657e-01   3.7532208e-01   5.7379650e-01  -2.0373196e-01  -2.6147287e-01  -2.8482555e-01   5.6819776e-01  -8.8972420e-03   1.9122746e+00   2.2594748e-01
   1.0000000e+00  -3.2886683e-02   8.3155012e-01   7.3925867e-01   1.0321611e+00   8.8535700e-01  -5.0192799e-01  -8.1848543e-01  -9.0401120e-01  -8.6319546e-01  -1.4111920e+00  -1.1285670e-01  -1.0990901e+00   1.1807369e+00  -1.3797827e+00  -7.3934795e-01  -1.8358250e+00   3.8319862e-01   3.1861905e-01
   2.0000000e+00  -1.4849572e+00   1.3774498e-01   1.0351651e+00  -1.8657976e+00  -3.8325720e-01  -9.2023527e-01  -2.9408577e-01   1.1786886e+00   7.4983493e-02  -6.3320598e-01   4.7995078e-02   3.1850248e-01   5.6961674e-01  -4.2683690e-01  -1.3880093e+00  -3.0072352e-01   3.3301782e-01  -1.9341953e+00
   2.0000000e+00  -6.7959554e-01   5.2565323e-01  -3.6540345e-01   1.8786671e+00  -3.1690173e-01   7.5589430e-03  -2.5241360e-02  -1.3482518e+00  -2.3571313e+00  -1.1059543e+00  -2.9417679e-01  -1.0972603e+00  -1.1731924e+00   1.1801079e+00   1.7214314e-01  -1.2241874e+00  -7.9352330e-02  -1.0991098e+00
   1.0000000e+00  -1.5760193e+00  -6.2938819e-01   1.7755979e+00   1.1377443e+00   3.5216673e-01   1.0068151e-01  -6.3009934e-01  -5.4396685e-01   2.0216145e-01  -2.1342943e+00   1.1191073e+00  -2.6856868e-02  -1.2088229e+00   2.7966451e-01   3.5258198e-01  -8.0224404e-02   5.2763761e-02  -3.0652259e-01
   2.0000000e+00  -4.3698951e-01   4.1948265e-01   4.2001541e-01  -2.1367212e-01  -9.3293198e-01  -2.7792770e-01   1.8014461e-01   2.1237433e+00   1.8708880e-01   5.9232563e-02   7.9858616e-01  -1.5011066e-01  -2.2502427e-01   1.5620679e+00   1.1027330e+00   2.0138906e+00   2.0779993e+00  -1.0812974e-01
   2.0000000e+00  -3.8321274e-01  -6.6242939e-01   6.2560600e-01  -2.0220816e-01  -5.2789614e-02  -1.5997678e+00  -1.1974597e+00  -1.5731064e+00  -2.9915856e-01  -5.0496707e-01   1.3612666e+00   4.5262956e-01   2.9049978e-01  -1.7577342e-01  -8.6461062e-01   4.5149725e-01  -2.1522364e+00   4.3784693e-01
   2.0000000e+00  -2.0477882e-01   1.2967557e+00   1.1942307e+00   7.9503449e-01   3.5328715e-01   1.6873774e+00   3.2537761e-01  -6.4591318e-01   5.3141504e-01   1.3250698e+00   1.1627141e+00   1.0509246e-01  -7.1889691e-01  -2.0917305e-01  -3.9545295e-02  -1.2580958e+00  -1.1025527e+00  -6.7303630e-01
   2.0000000e+00  -4.7521845e-01  -3.3233404e-03   3.1138566e-01  -1.0921854e+00  -1.0680963e-01  -1.6002968e-02   1.1147077e+00  -3.4917372e-01  -9.8449929e-01   1.0668114e+00   5.9814761e-01   1.1078620e-01  -7.9538682e-01  -5.2781711e-01   9.3306671e-01   5.5481435e-01  -2.0790353e+00  -1.3873281e-02
   2.0000000e+00   4.1127878e-01  -3.0331453e-01   9.8023109e-01  -8.8084683e-01   7.0691826e-01  -3.8379622e-01   5.4142786e-01   2.9734775e-01  -2.7722784e-01  -4.7359301e-01  -1.9740169e-01   9.5764883e-01  -7.6894608e-01  -1.0278177e+00   1.4032624e+00   5.6153347e-01   8.4647767e-01  -5.3229292e-01
   2.0000000e+00  -8.5693230e-01  -1.4808029e+00  -1.0888762e+00  -2.9358381e-01  -4.5525676e-01   7.1411681e-01  -4.9440743e-01   1.4016526e+00  -1.3985231e-01   1.0859240e+00  -1.3138845e+00   3.0700035e-01   1.7564947e+00   1.1636880e+00  -1.4743844e-01  -3.9899593e-02  -2.7383337e+00   4.8741680e-01
   2.0000000e+00   1.2050905e+00   9.0214930e-01   7.0569273e-01   1.4182970e+00  -7.8998835e-01  -1.0916879e-01   1.0661517e+00   1.4481478e-01   6.1651027e-01  -3.6910369e-01   1.9576590e+00  -8.7483747e-01  -2.9679358e-01  -1.5437198e+00  -8.6680699e-01  -9.7046124e-01  -7.4984816e-01  -1.3571607e-03
   2.0000000e+00   4.6891979e-01  -4.0128974e-01  -7.6634389e-01  -1.7377246e+00   1.5700838e+00   1.8231528e-01  -8.1000879e-01   1.4310742e+00  -1.7919409e+00  -8.0969962e-01   5.5524869e-01   1.3295341e-01  -2.5861642e-01  -1.5469352e-01  -9.2149116e-01   1.3186842e+00  -1.8697042e-01   4.8069367e-01
   2.0000000e+00  -8.9193578e-01   4.2573139e-01  -7.7364762e-01   1.0243694e+00  -1.0380212e-01   1.2495304e+00  -3.7012165e-01  -6.3115666e-01   3.3434861e-01  -1.4455938e-01  -1.4799492e+00  -6.6142981e-01   6.2463390e-01   6.0914812e-02  -9.0699586e-01   2.5139344e-01  -3.4790497e+00  -8.8270648e-01
   2.0000000e+00   7.5690810e-02   9.5662974e-01   1.1360717e+00   5.7093710e-01   1.9074251e+00  -8.5091661e-01  -7.0242890e-01  -1.4701186e+00  -1.1474993e+00   6.4539745e-01   3.1299942e-01   3.0192041e-01  -6.4865503e-01   1.5052343e+00  -1.1264461e+00  -1.4678986e+00   3.3679235e-01  -8.3792938e-02
   2.0000000e+00  -3.7391306e-01   1.4873810e+00  -1.0871959e+00   1.3577452e+00   1.4781195e+00   4.1529148e-01  -1.2605808e-01   1.9740091e+00   3.5770727e-02   9.7929176e-01  -7.7618044e-02   1.3002086e+00  -7.2598687e-01   5.1022028e-01   3.4485597e-01   3.4114924e-01  -3.8429431e-02   3.2291169e-01
   2.0000000e+00   8.0078796e-01   5.2772824e-01   5.0767702e-01  -6.2256379e-01  -1.0024226e+00   6.4107905e-01  -9.1085273e-01   3.3838796e-01  -1.7711312e+00   1.0045386e+00   1.2256716e+00   1.8238089e+00  -1.2083541e+00   1.8076016e-01  -3.5154346e-01   1.9254752e+00  -4.8622654e-01  -1.0060271e+00
   1.0000000e+00   1.3184368e+00   1.1322683e+00  -4.5087382e-02   1.0618451e+00   1.7848223e-01   5.1487037e-01  -4.4075449e-01  -1.3994583e+00  -8.3121940e-01   1.2562276e+00  -5.6863262e-01  -2.0437919e+00  -1.9371570e-01  -2.7607972e-02   1.7241832e-02   4.7691353e-01   4.2531223e-01  -5.3543549e-02
   2.0000000e+00  -1.4333802e+00  -8.0388812e-01   1.1501252e+00   6.6052843e-01  -2.0558934e-01   1.0066485e+00   4.0897003e-01   6.7100209e-01  -3.6683472e-01  -1.3523971e-02   1.3758906e+00   5.0152531e-01   3.7662871e-02   3.4236602e-02  -9.2513331e-01  -1.5876716e+00  -1.3239494e+00  -1.4660916e+00
   2.0000000e+00  -1.2896184e+00   7.7127998e-04  -6.8495912e-01  -1.4910011e+00   1.0068885e+00   9.7000003e-02   4.4660226e-01  -4.0107484e-01  -1.4125224e+00   4.0309744e-01  -6.6275252e-01   1.1132742e+00  -8.3587139e-01  -6.5158728e-01   5.1641113e-01   6.0183307e-01  -1.2858948e+00   1.3236107e+00
   2.0000000e+00  -1.2187526e+00   1.2064886e-01   1.1032931e+00   7.8415231e-02   1.0456213e+00   9.4960384e-02   2.3439505e-01  -1.6667833e+00  -2.9294890e-01   6.1870167e-01   1.9273404e+00   2.2594761e-01   2.0536433e-01  -1.1128429e+00   2.2324086e-02  -7.7097165e-01   1.1653766e+00  -5.4443597e-01
   2.0000000e+00   1.4159637e+00   4.9742104e-01  -1.6325661e-01   4.8411451e-01   1.2242236e+00  -2.1574648e+00  -3.8685304e-02  -2.0302345e+00   3.3824964e-01   8.9484856e-01   2.2838140e-01  -2.9413105e-01  -1.4632887e-01   1.2358289e+00  -1.0840978e-01  -5.7207926e-01  -7.9251061e-01   1.7079994e+00
   2.0000000e+00   2.2607749e+00  -2.2896200e-01   9.3909840e-01   1.1461634e+00  -4.0417833e-01   1.5634578e+00   2.5340622e+00   2.1398262e+00  -1.0320800e+00  -1.3073997e+00  -4.7898270e-01  -8.7796656e-01   6.5102585e-01  -1.0730495e+00   2.7184410e-01   3.5920236e-01   2.0522958e+00  -1.1143743e+00
   2.0000000e+00   1.3886378e+00  -1.9543959e+00  -1.4842839e+00  -3.0054302e-01  -1.6112983e+00  -1.4268330e+00  -1.3883988e+00   4.6112089e-01  -5.3692102e-01  -2.2529713e+00  -1.2286533e+00   1.9434138e+00   1.1255436e+00   1.5506181e-01  -5.7615434e-01  -9.6175565e-02  -2.2427513e-01  -1.1557872e-01
   1.0000000e+00  -3.7767617e-01   1.3213741e+00   7.4656361e-01   1.6883242e+00   2.4540133e-01   2.4511669e-01   2.3965329e-01  -1.2156291e+00   4.7633597e-01  -1.6340070e+00  -3.6774197e-02   2.7172233e-01   1.0482568e-01   4.2673737e-01   1.8593633e-01  -1.2280061e+00  -2.1080751e-02  -3.8111358e-01
   2.0000000e+00   1.1544800e+00  -7.4091331e-02  -2.1071372e+00  -6.1270608e-01  -1.2078477e-01  -3.8353779e-01  -4.6505938e-01  -7.3821110e-01   2.5681452e-01   1.7671663e+00  -6.4259212e-01   1.1695387e+00   1.3320001e+00  -1.0717384e+00   8.1726485e-01   5.8766687e-01   2.2997556e-01  -5.3345101e-01
   2.0000000e+00   3.6839520e-01   2.4970135e+00  -1.0562252e+00   6.9012878e-01   2.7015459e+00   1.6955594e+00  -4.9003729e-01   7.1531379e-01   1.5038396e+00   8.0044757e-01   1.4925791e+00  -1.0973590e+00  -1.7797986e-01   8.3699921e-01   1.1757721e+00   1.1254190e+00   1.3366367e+00   5.0938942e-01
   1.0000000e+00   6.7772216e-02   7.1217469e-01   1.5143823e-01  -7.2717478e-01   3.6800958e-01   5.0457069e-01   3.0476516e+00   6.1369219e-01  -1.8230922e+00  -7.6420555e-01   6.2442683e-01  -1.7374134e+00   5.4896281e-01  -1.1718687e+00   6.5459729e-01   1.3061265e+00  -1.6118326e-01   1.9064377e+00
   1.0000000e+00  -9.9524869e-01  -1.5802197e-01  -1.3500359e+00  -4.4637655e-01   9.2568801e-02  -6.3299715e-02  -8.6566247e-01  -2.0477647e-01  -4.0901003e-02  -8.0975351e-02  -8.0666732e-01  -2.2613730e-01  -3.1434893e-02   1.2547141e-01   5.9991253e-01   1.4878466e+00   2.5892875e-01   5.8421272e-01
   2.0000000e+00   1.4390693e+00  -7.2373499e-01  -8.3384096e-01   5.7684545e-01  -2.1648056e+00   2.2216554e+00   8.8991049e-01  -2.2344368e+00   3.3981921e-01   1.5172837e+00   1.0699592e+00   1.1023221e+00  -5.2213710e-01  -1.1466869e+00  -6.4111241e-01   9.4910529e-02   2.3128107e-01  -1.6611208e+00
   2.0000000e+00   5.5790531e-01  -1.0390409e+00  -3.7510625e-01  -8.3010397e-01  -7.6630157e-01  -1.3629080e+00   1.9693471e+00  -1.5052615e+00   1.3555688e+00  -7.9480825e-01  -1.2457915e+00   8.8620191e-01  -3.4349852e-01  -5.5297971e-01   1.0628862e+00   1.1799914e+00  -1.5202352e+00   1.8759403e-01
   1.0000000e+00   2.6010507e-01   2.1039116e-01   2.2093915e-01   2.2822940e-02   1.9449162e-01   1.3823504e+00   9.7102685e-01  -9.0218083e-01   3.2452474e-01   3.8379820e-01   2.3957153e-01   1.4438934e+00  -3.9165688e-01   4.1606755e-01  -4.0189774e-01   5.9501228e-01   8.9110921e-01   1.1068109e-01
   2.0000000e+00   1.0052871e+00  -6.6544825e-02   2.2484743e-01  -7.4365985e-01  -3.2549059e-01   4.4139404e-01  -5.1912600e-02   1.0530359e-01   1.0797246e+00   8.9628543e-01  -5.7668695e-01   5.1553963e-01  -4.5729638e-01   7.1679512e-01   2.7727071e-01  -1.7181928e-01  -1.6037271e-01  -3.9111011e-01
   2.0000000e+00  -9.1956129e-02  -7.3947458e-01  -4.0551030e-01   9.1697189e-01  -2.2311662e-02  -4.0646324e-01  -1.1520541e+00  -7.9761966e-01  -4.2952268e-01   1.7511702e-01  -1.8062873e+00   8.3334879e-01   6.3082623e-01  -8.7954668e-02   4.7260669e-01  -7.6098310e-02   4.4761876e-01   3.0175164e+00
   2.0000000e+00   1.7231982e-01   4.5225891e-02   2.8352236e+00  -1.5818979e+00  -1.3960784e+00   6.0171070e-01  -2.1699100e-01   4.7435594e-01   3.4589873e-01   1.3776620e+00   8.4749123e-01  -1.1667527e+00   1.4849086e+00  -8.1106713e-01   4.8746662e-02  -1.3731362e+00   2.8728883e-01  -2.7814516e-01
   2.0000000e+00  -4.0335773e-01   1.9042893e+00   6.7216636e-01   1.2687941e+00  -1.6001457e+00   8.3868644e-01  -7.4577522e-01   1.3705413e+00  -2.5266512e-01   1.7036910e-02  -4.7563045e-01  -1.0166208e+00  -7.8104724e-01  -1.9742576e+00  -2.5179931e+00  -3.9423421e-01  -6.9272202e-01  -7.2771103e-02
   2.0000000e+00  -6.2993449e-01  -1.6851806e+00   4.4325024e-01   1.1539566e+00  -3.2043611e-01  -3.7369927e-01  -1.7686577e+00   3.2942962e-01   1.4867584e+00   4.2895015e-01  -7.9341932e-01  -1.4053276e+00  -1.1906135e+00  -2.2820717e-01  -1.2038633e+00  -1.9759230e-02  -1.3390093e+00   2.2531228e+00
   2.0000000e+00  -9.8454307e-01  -1.6164455e+00   1.1395981e+00  -4.9079207e-01  -1.6062317e+00  -4.1932910e-02  -1.5272067e+00   3.1748680e-01  -1.1254599e+00   1.5765698e+00   3.5137673e-01  -1.3650350e+00   6.8378164e-02  -1.3346295e-01  -1.7294081e+00   1.3390055e+00  -7.0724446e-01  -3.4510020e-01
   1.0000000e+00  -6.8482690e-01   8.1653460e-01  -5.8912403e-01   1.3701044e+00   4.2102554e-01  -9.0101136e-01   1.9288725e-01   9.6644296e-02   2.1000927e-02  -1.0631063e+00   5.4392813e-01   1.4493737e-01  -2.8877440e-01  -1.7517224e-01  -1.6170214e+00   1.9557826e-01   4.5336744e-01   1.2331480e+00
   2.0000000e+00   8.9899024e-01  -1.3110148e+00   3.5704745e-01   2.0842818e+00  -5.2342141e-01  -4.2224372e-01   1.9455462e-01  -1.3198161e-01   1.8525954e+00  -7.2714900e-01  -2.8130552e-01   8.2802987e-01  -2.0569353e-01  -5.2119385e-01   1.5086121e+00  -4.0514755e-01  -7.4584595e-02  -4.6086085e-01
   2.0000000e+00  -2.8107488e-02   8.1754312e-01   5.4192666e-01   9.9286436e-01   1.5503573e+00  -1.0809120e+00  -1.7571546e+00   4.5473602e-01  -2.8776548e-01   8.4319260e-01  -7.7265360e-01  -2.3218303e-01  -8.7839578e-01  -4.0917124e-01  -1.0304208e+00  -1.7500600e+00   7.3738397e-01   8.0261455e-01
   2.0000000e+00   9.1508295e-01  -4.4891229e-02  -7.1949636e-01  -4.6635849e-02  -5.7385238e-02   6.0166040e-01   8.9161329e-01  -1.9196337e+00  -1.0765192e+00   1.4962182e+00  -6.5823047e-01  -4.0920337e-01   9.4314118e-01   6.0396006e-01  -1.0927379e+00   1.6964014e+00  -5.7986597e-01   2.5961915e-01
   1.0000000e+00  -1.0225755e+00   1.6756906e-01  -4.5348647e-01  -5.7170368e-01   7.5679713e-01   1.0529002e+00   7.9349881e-01  -3.2739587e-02  -8.6247010e-01   1.4125447e+00  -1.4036815e+00  -3.2642446e-01   1.0252758e+00  -1.8296949e-01   6.8219538e-01   1.7860824e-01   3.9049146e-01   4.1977899e-01
   1.0000000e+00  -1.2790269e+00  -9.8526793e-01  -3.6854367e-01   1.0491733e+00   4.9314996e-01  -1.4576276e-01   8.5077147e-01  -7.7556389e-01  -5.0927210e-03  -6.6844436e-02   4.6197566e-01  -2.5794844e+00  -6.4392239e-01   1.3288147e+00   6.7378301e-01  -1.2626871e+00   3.0989065e-01  -2.0817947e-01
   2.0000000e+00  -4.8120338e-02   1.0210697e+00   2.8868047e-01   4.9085687e-01   1.3118073e+00  -2.0396007e-01  -1.7357777e+00   1.7676567e+00   4.7102285e-01  -3.7333703e-01   6.8945608e-02   6.7572377e-01  -4.7395618e-01  -1.3633307e-01  -3.0894018e-01   1.5745393e+00   3.4208140e-01   8.5932214e-02
   1.0000000e+00  -9.2696825e-01   4.2906169e-01  -2.7524927e-01   1.6860798e-01   3.3097507e-01  -4.6963787e-01  -1.6881253e+00  -7.6925089e-01  -4.8171187e-01  -1.0613487e+00   8.9141231e-01   2.9940278e+00   2.2048324e-01   1.2956288e+00  -9.2727169e-01  -6.8665803e-01   8.3817262e-01   6.0306022e-01
   1.0000000e+00  -1.3082021e+00  -8.2700207e-01  -1.5737651e+00   3.1318424e-01   1.1472591e-01   1.4224177e+00   1.3461299e+00  -2.5006562e-01  -1.3777333e+00  -5.2396927e-01  -3.4736510e-01  -1.0565772e-02   1.5752391e+00  -4.1901230e-02  -1.1544754e+00   8.1582709e-01  -8.5285356e-02  -3.6940064e-01
   2.0000000e+00  -1.3559230e-01   9.1880755e-01  -3.8362395e-01  -1.1012864e+00  -1.2913855e+00   1.5124322e+00  -9.2471966e-01  -1.5554761e+00  -1.4090130e-02  -1.1644702e+00   2.8009520e-01   1.8455122e-01   7.2964165e-01   3.5806385e+00  -2.6613175e+00  -2.4301877e-01  -1.4266745e+00   1.5448293e+00
   2.0000000e+00  -2.7108156e-02  -1.4076223e-01  -6.1874304e-01   1.5197581e+00   1.4960077e+00  -1.2212517e-01   8.9081352e-02  -9.3051190e-01  -2.3810923e-01   1.5900584e+00  -1.7451358e+00  -6.9196365e-01   9.8240239e-01   1.5852093e+00  -2.7050339e-01   9.3151487e-02   1.1719834e+00   6.2220754e-01
   2.0000000e+00   4.5404421e-01  -1.0679856e+00  -1.2210508e+00   2.4113340e-01  -1.3559341e+00  -2.1516656e+00   1.7287786e+00  -1.6198079e-01   4.4659476e-01  -6.3434697e-02   7.8514195e-01   6.4037863e-02  -8.7355586e-01  -2.6887357e-01  -1.7987218e-02  -1.3233828e+00   1.6386436e+00   2.4857926e-01
   2.0000000e+00  -4.1090727e-01   1.1024253e+00   1.1435192e+00   5.1144087e-01  -5.6165138e-01   1.1490485e+00  -2.5546761e-01  -1.0440295e+00   1.2478696e+00   2.3892139e-01   3.4002511e-01  -8.4099869e-01  -1.2286818e+00  -1.0719497e+00  -1.4287738e+00   7.7194771e-01   1.5298725e+00   5.6031974e-01
   2.0000000e+00  -9.0434167e-02   2.5574370e-01   1.3674049e+00   8.1960880e-01   1.4562898e+00  -7.4717394e-01  -8.8552656e-01   9.2843016e-01   1.1806346e+00  -9.9065873e-01  -5.1402653e-01  -1.7724755e+00   1.0233853e+00   7.6123338e-01  -2.7083992e-01   1.6063958e+00   9.6079909e-02  -1.1157738e+00
   1.0000000e+00   5.5308276e-01   2.7859558e-01   6.8004489e-02  -1.9886167e-01   4.5838128e-01   6.9101834e-02   1.1822681e+00   2.8420856e-01   1.1205578e+00  -6.3236540e-01   1.4391763e+00  -1.1102691e-01  -6.4308888e-01   2.2305984e-01   8.3176556e-01  -3.3957783e-01   5.3347777e-01  -6.9867183e-01
   2.0000000e+00   1.0045643e-01  -9.8092034e-01   7.6544544e-01  -3.1770441e-01   1.2287297e+00  -1.0378795e+00  -7.3808120e-01   1.7760968e-01   7.5361373e-01  -1.7086875e+00   6.3091932e-01   5.9435373e-01   1.9374670e+00  -6.4208145e-01   6.1580534e-01   1.7706063e+00  -5.5820479e-01  -1.4959855e-02
   2.0000000e+00  -2.9416510e-01   2.6522429e-01   6.7356831e-01   1.2581385e+00   1.2980848e+00  -4.2040087e-01  -1.7018512e+00  -9.8808926e-01   3.7708812e-02   1.5168374e+00   1.4874391e+00   1.6252307e+00   4.4737503e-01  -5.1736528e-01  -1.2066151e+00   4.3875223e-02  -4.2844462e-01  -5.2044755e-01
   2.0000000e+00   1.0456088e-01   8.3001410e-01  -3.7176801e-01  -6.5663715e-01  -1.8021972e-01   5.6532833e-01  -1.6584625e+00   1.2454495e+00  -9.2805283e-02   8.0721798e-01   4.7042995e-01  -1.0538403e+00  -2.0807702e-01   2.2187090e-01   7.2586939e-01   1.6882741e-02   1.3767984e+00   1.1689243e+00
   2.0000000e+00   1.0129396e+00   1.6295801e+00   6.4170397e-01   1.7122319e+00   9.0012320e-01   6.3772796e-01   5.7915458e-01   4.0632853e-01   7.4586090e-01  -1.2670514e+00   4.9432586e-01  -9.6170021e-01   3.5098164e-01   1.8721253e+00   1.2470163e+00   1.1395255e+00  -9.4158018e-01   1.0639289e+00
   2.0000000e+00  -1.4059354e+00   1.9885606e+00   3.0613052e-02   1.8647833e-01   2.9548979e-01  -7.3494675e-01  -2.7727851e+00  -1.1997489e+00  -1.0468396e+00   5.6752986e-03   7.7632323e-01   1.2889783e+00   4.2263834e-01   5.4710732e-01  -7.2423555e-01  -6.7845125e-01   1.1315848e+00  -1.7403328e+00
   2.0000000e+00   3.8501492e-01  -3.8700241e-01   1.7325806e+00   5.5601877e-01  -2.0689891e+00  -5.9410836e-01   1.9016482e+00  -2.8053789e+00  -7.7406664e-01   1.2707122e+00   7.8697679e-01   5.4137825e-01   3.4420588e-01  -5.5073854e-01   4.1575480e-01  -5.9101827e-01   1.3183637e+00   1.4497527e+00
   2.0000000e+00  -3.1564446e-02  -2.0744447e-03   1.1186643e-01  -1.5531497e+00   2.1410898e-01  -4.6658213e-01   9.8066111e-01   1.3717170e+00  -2.5592209e-01  -6.4006092e-01  -1.9043718e+00   1.0856453e+00  -1.0341819e+00  -4.1029432e-01  -9.1250239e-01  -1.1443159e+00  -3.0604264e-01   2.1891991e+00
   2.0000000e+00   1.3827862e+00  -6.6941836e-01   1.3925062e+00   7.1623223e-02   5.4252076e-01   4.6501252e-01   2.3391689e-02  -1.1455974e+00   7.2664577e-01  -1.5462070e+00  -4.4698733e-02   7.5558066e-01   2.9676427e-01  -1.2991843e+00  -7.6130526e-01   1.4486680e+00  -8.5286262e-01  -8.0799294e-01
   1.0000000e+00  -1.1280650e+00  -2.3000280e-02   4.6157553e-01  -1.5409716e-01   1.3550635e-01  -2.1767546e-01  -1.8223563e+00  -3.2130880e-01  -2.8481482e-01   5.4826779e-01   4.7039057e-02   8.7032568e-01   1.3952139e-01  -2.8335056e-01   5.0395129e-01   6.8802532e-01   2.9414950e-01   1.1028233e+00
   2.0000000e+00   1.0142487e+00  -2.2723829e-01   1.6892118e-01   1.5019518e+00  -3.7381046e-01  -7.4217065e-01  -1.8052915e+00   5.9460881e-01  -1.2311583e+00  -4.9266859e-01   9.6643666e-01  -3.6442244e-01   7.2956938e-01   2.4688811e+00   1.9835831e-01   8.8854171e-01   2.8132856e-01  -2.1521159e-01
   2.0000000e+00  -7.6307151e-01  -9.3496266e-02   6.3361999e-01  -4.6056870e-01  -1.4509563e+00   5.2630620e-01   5.8976934e-02  -7.7992890e-01  -1.9866271e-01  -2.1711792e-01  -1.6875136e+00  -9.7326875e-01  -9.8617757e-01   1.2889502e-01  -1.1892058e+00  -1.5806054e+00  -2.0143218e+00   4.7203504e-01
   2.0000000e+00  -9.6054612e-01  -3.9274768e-01  -7.0478354e-02   4.1318113e-02   1.6260889e+00   9.4597468e-01   2.1519265e-01  -1.2053316e+00  -6.2327089e-01   7.8821492e-01  -1.4148166e+00   1.9156727e+00   1.1177189e+00  -5.1707826e-01  -1.7441786e+00   1.2384675e+00   5.7496382e-01  -2.1364382e-02
   2.0000000e+00   2.5909436e-02  -5.5313518e-01  -2.8387172e-01   1.9286789e+00   5.5757129e-01  -4.5328187e-01   8.5263154e-01  -1.3782060e-02   1.7427366e-01  -3.8742796e-01  -2.0290640e+00  -5.7645871e-01  -2.4209142e-01  -4.1359607e-01   3.5943587e-01  -5.1766645e-01  -1.2830983e+00   1.5608365e-01
   2.0000000e+00  -7.3130943e-01  -1.1862572e+00  -2.8977537e-01  -2.9527985e-01  -3.2429941e+00   3.5260898e-01  -1.0237763e+00   1.1792044e+00  -6.9092975e-02  -1.4543777e+00  -2.0894915e+00   4.3456766e-01  -1.5044219e+00   6.7857727e-01  -7.8239301e-01   9.1521400e-02   1.1261712e+00  -5.7980619e-01
   2.0000000e+00  -1.0956272e+00  -6.4029660e-01  -5.7668764e-02  -5.8177189e-01   1.8099069e-01   1.1641691e+00  -2.1382378e+00   1.2185366e+00  -6.5072996e-01   3.1609891e-01  -6.5360505e-01   8.2155137e-02  -2.8642666e-01   9.4642503e-02   3.3508921e-01  -1.1213697e+00   1.4046623e+00  -1.1231197e+00
   2.0000000e+00  -1.0496264e+00  -8.4159078e-01  -1.4215165e+00  -1.0219597e+00   2.4396226e+00   3.1607789e-01   4.6865849e-01  -4.6321444e-01   3.4855363e-01  -1.5985824e+00   1.3898091e+00  -1.3301886e+00   1.7172123e-01  -1.7424974e+00   1.7745224e+00  -6.1037460e-01  -1.0491107e+00   4.6366720e-01
   2.0000000e+00  -2.3918147e+00   6.1084127e-01   5.2470184e-01  -7.8573123e-01   1.0586815e+00  -2.2498784e+00  -3.0452474e+00  -5.4078229e-01  -1.9620311e-01  -2.8597575e-01  -1.0583275e+00  -1.3038480e+00   1.2221654e+00   7.3181310e-01   1.1022880e+00  -8.6548756e-01   3.5412746e-01  -9.1685541e-01
   2.0000000e+00  -9.1935162e-01  -7.4875387e-01   1.1844451e-01   3.0664190e-01   1.4974437e+00  -1.5476364e+00  -5.1823675e-01  -1.6918907e+00  -2.5377176e-01   4.0054085e-01   5.4228684e-01   1.2777887e+00  -1.5589277e+00   3.9933580e-01  -7.2354471e-01   1.4798972e-01  -1.0487526e+00   2.5231705e-01
   2.0000000e+00  -1.4150021e-01  -2.7935177e-01  -7.1462815e-01   1.2162238e+00  -5.8295149e-02   4.3708988e-01  -1.3323388e+00   7.7602234e-01  -1.1744844e+00   1.1521593e+00   7.2116135e-01   1.4074998e+00   1.3564733e-01   1.0814540e+00  -4.9519918e-01  -1.2612287e+00  -1.2812238e-02   2.7769189e-01
   2.0000000e+00  -6.0046917e-01   1.0834991e+00   6.6893445e-01  -8.0646476e-01  -4.5946400e-03   1.5281961e+00  -1.0211320e+00   2.7999255e-01   1.6616942e+00  -8.4512467e-01  -1.1766006e+00   2.9767525e-01  -7.5628817e-01  -7.4191768e-01  -3.6755806e-01  -7.6164641e-01   7.1152756e-01   1.2809547e+00
   2.0000000e+00  -1.0464368e+00   8.0391284e-01  -1.1184114e+00  -1.3362084e+00  -6.2882193e-01   6.0628063e-01   1.6511975e-01  -3.7084784e-01  -7.1920146e-01  -2.2273805e+00   1.1391099e+00  -1.1954520e-02   9.4885899e-01  -2.0130124e+00   2.6427386e-01   3.7055230e-01  -3.6690870e-01  -2.3041209e+00
   2.0000000e+00  -6.6203755e-01  -1.8491149e+00  -1.8433403e-01  -1.8878657e+00  -6.5339752e-01   1.3411537e+00  -1.0959897e+00   1.7923992e-01  -1.0094582e+00   9.1520412e-01  -8.3457473e-01  -9.9580825e-01   3.9640277e-01   1.6173811e+00  -5.7125139e-01   4.6692699e-01  -7.9777624e-01  -9.9397025e-01
   2.0000000e+00  -8.1325692e-01   1.5320937e+00  -1.4507039e+00   6.0915982e-01  -5.1720705e-01   3.7022547e-01  -6.0490502e-01  -1.1010562e+00  -6.1250472e-01   6.6217718e-01   5.6465275e-01   1.1081696e+00   1.1152468e+00  -3.2301293e-01   4.0592293e-01  -3.1493180e-01   4.7021008e-01   9.3072756e-01
   2.0000000e+00  -8.5243634e-01   9.8065169e-01  -4.7867544e-01   1.9120935e+00   7.8345696e-01  -2.3313775e+00  -9.3386397e-01  -3.4180554e-01  -8.4696667e-01  -1.1029799e+00  -1.5591521e+00   1.6599617e+00   4.0303332e-01  -4.3903951e-01  -3.7211974e-01  -1.2275259e+00   6.2244007e-01  -6.3097593e-02
   2.0000000e+00   9.2627653e-01   7.3261769e-01  -6.8710792e-01  -1.6494090e+00  -1.4287288e-01  -7.9618616e-01   6.2952189e-01  -3.0921506e+00  -1.2387027e+00  -7.4786326e-01  -2.2324169e+00   2.1126089e+00   8.6356174e-01   2.7383243e-01   6.8604967e-01   1.4549836e+00   7.9481281e-02   7.2328820e-01
   2.0000000e+00   1.5393845e+00  -7.7669986e-02   5.3674952e-01  -5.5157222e-01  -5.4771420e-01  -7.5859003e-02  -1.1972353e-01   4.4065164e-01   2.0864089e-01  -3.4053390e-01   2.1048800e+00   5.5010000e-01  -1.0702077e+00   7.9676510e-01  -5.1662583e-01   6.3698143e-01  -9.2068393e-01   1.4165543e+00
   1.0000000e+00   3.8910751e-01  -1.6663587e+00   1.1264675e+00   1.9290601e+00   3.8573275e-01  -3.4475276e-02   1.3938131e+00  -1.4648675e+00  -5.7791439e-01   5.6994048e-01  -2.8267190e-01   1.0281529e+00   2.0396133e+00   6.5283762e-01   4.1025616e-01   3.1367303e-01  -4.6393712e-01  -4.3384493e-01
   2.0000000e+00  -5.6592755e-01   4.6863494e-01  -4.6481392e-01   1.0364947e+00   1.7468812e+00   5.8063356e-01  -2.5617842e-01   6.9794114e-01  -1.7355395e+00  -4.0454443e-02  -3.7319516e-01   4.1720486e-02  -1.2858155e+00  -1.4714940e-01   1.8296801e-01   8.5936805e-01  -1.2882151e+00  -1.1088044e+00
   2.0000000e+00   1.8307271e-01  -4.5025024e-01   7.7310989e-01  -3.1480264e-01  -8.9874448e-01  -1.4265575e+00   4.4579990e-02  -1.6621799e+00  -2.0593585e+00  -6.3627618e-01   2.8720509e-01  -1.0932661e-01   4.0606057e-01   1.0264094e+00   1.2173659e+00  -4.8430426e-01   7.7839054e-02   2.1135402e-01
   2.0000000e+00   4.2642942e-01   5.2313428e-01  -9.7008529e-01   1.9158319e-01  -7.6221949e-01  -1.2858434e-02  -8.3442822e-01  -9.0263475e-01   9.6574742e-01  -1.1161854e+00  -2.0597889e+00   2.6183319e-01  -1.3620734e+00  -1.2822317e+00   1.7464872e+00   2.7800476e-01  -5.3324874e-01  -7.4601786e-01
   2.0000000e+00   1.5259132e-01   1.6029924e+00  -3.9703727e-01   2.8642329e-01  -1.8427107e+00  -5.8795040e-01  -6.0380340e-01  -2.5282811e+00   1.1795310e+00  -7.0298011e-01  -3.3380783e-01  -1.7732662e+00  -1.3493105e-01  -1.3510171e-01  -1.6291171e-01   3.0085202e-01  -1.0089252e+00   3.9324053e-01
   1.0000000e+00   1.2810408e+00  -6.7413406e-01  -1.0490543e+00  -8.0552841e-01   6.8727586e-01  -7.0775403e-01   2.1032155e-02  -5.2537602e-01   5.4503525e-01   8.4645385e-01  -1.0663346e+00  -1.5437475e+00   1.8075489e+00  -2.3023271e+00   4.7181257e-01  -5.7169513e-01  -1.9134261e-01  -3.8522241e-01
   2.0000000e+00  -1.8770409e+00   1.2013299e+00  -2.1546862e-01  -1.4309756e+00  -7.2682253e-01   5.0592104e-02   4.9615752e-01  -5.9393682e-02   1.1331389e+00  -3.8134092e-01   1.4882876e+00  -1.2639168e+00  -4.5452175e-01  -2.4254995e-01  -2.8460770e-01  -1.6609113e+00   3.8081300e-01  -1.4516020e+00
   2.0000000e+00   2.0325387e-01  -1.2193895e-01   4.3664311e-02  -4.7018229e-01   1.0994327e+00   9.6388609e-01  -7.7046954e-02  -1.3659627e+00   2.6739223e+00  -7.0811973e-01  -9.8959017e-01   1.6773780e+00  -1.1146628e+00   9.0577140e-01  -1.1775019e+00  -3.6090819e-01   1.1724005e+00   5.2240363e-01
   2.0000000e+00  -1.6130074e-02  -1.3074041e+00  -1.6279970e+00   3.2248105e-03  -1.3997505e+00   1.1651019e+00   6.4754973e-01   2.1732605e-01  -1.4978095e+00  -1.9180819e-01   3.5011910e-01  -9.5524405e-01  -1.5099242e+00   2.3667198e-01  -6.8936570e-01  -5.7778860e-01  -1.6847306e+00  -3.4540171e-01
   2.0000000e+00  -1.2568782e+00   2.0994248e-01  -3.4065087e-01   8.3049576e-01   1.2313103e+00   1.8134378e+00  -1.3454980e+00  -1.0100790e+00   1.1486782e+00  -9.2818999e-01  -2.4123995e+00  -1.4220560e-01  -7.1341669e-01   9.6333693e-01  -1.2249038e+00  -1.3055904e+00  -6.0232345e-01  -1.1640838e+00
   2.0000000e+00  -1.5926216e+00   7.1704637e-01   1.1652429e+00   5.0117944e-01   6.1571387e-01  -1.3721295e+00   9.3851742e-01   5.8517895e-01  -3.4294076e-01   9.7284185e-02   9.4294936e-01   9.3614476e-01  -1.9692000e-01   1.6859746e+00  -2.5161031e+00  -2.6608659e-01  -8.3558853e-01   7.2275973e-01
   2.0000000e+00   3.7450014e-01   5.9985656e-01   5.6355149e-01  -2.2008391e-01   2.0663181e-01  -1.2720408e-01   9.0895291e-01   3.5746137e-02   1.0768504e+00   3.7469794e-01  -1.4362863e+00   1.3656357e+00  -9.1989643e-01  -1.7963562e+00   6.8308142e-01   5.8635056e-01  -1.2276161e+00  -4.6090086e-01
   1.0000000e+00   3.0671848e-01  -4.2968301e-01   3.2637058e-01   1.4198136e-01   6.7122750e-01  -1.6037964e-02   6.8551169e-01  -3.0275596e+00  -5.7172679e-01   3.2332502e-01  -1.3845876e+00  -3.9924806e-01  -6.9120906e-01  -1.8136317e+00   1.6150635e+00   7.8434282e-01  -1.1905411e-01   4.8713865e-01
   2.0000000e+00   2.7234600e-01  -1.3161980e+00  -1.8831958e+00  -1.1953594e+00  -4.5427874e-01   4.6771071e-02   1.3749596e+00   1.8763029e+00   1.5195680e-02   1.0769622e+00  -3.6117268e-01   4.1538312e-01  -3.6323400e-02   8.8000142e-01  -5.6993583e-01   2.3823624e-01  -5.8992589e-01   3.0136413e-01
   2.0000000e+00  -1.0925807e-01  -2.5941276e-01  -1.1064827e+00  -8.7615452e-01   8.7646295e-01  -1.0420474e+00  -6.1900203e-01   1.6114845e+00   6.3172519e-01   6.5682689e-02   2.1784778e-01  -2.9488625e-01   1.5395693e+00   3.7169377e-01   1.0552728e+00  -5.4621188e-01  -3.3098072e-01  -1.8835775e+00
   2.0000000e+00   1.5718981e+00   1.2996595e+00   4.5232776e-01   3.9159855e-01  -7.2236095e-02  -5.0468741e-01  -7.3331902e-01  -2.0596242e+00  -1.7092212e+00   1.9195290e+00   3.0236693e-01  -1.2628669e+00   6.7254227e-01   8.3651190e-01  -7.8681749e-01   9.1758356e-02  -5.4321478e-01   1.0155351e+00
   2.0000000e+00   4.2962591e-01   7.0858338e-01   3.3044283e-01  -5.2164690e-01  -5.9474055e-01   1.1959443e-01  -4.7595880e-01   2.4434115e-01   5.1123293e-01   4.1579187e-01  -1.9358158e-01   4.2042492e-02   4.2271909e-01   1.0908367e+00   1.2189461e+00  -6.9164863e-01  -7.1121404e-02  -1.6253308e+00
   2.0000000e+00   1.5005925e+00  -1.7299916e+00  -1.1541031e+00   1.0624550e-01  -2.1261187e-01  -7.0401474e-01  -4.3605436e-01  -4.8734294e-01  -6.6134468e-01  -2.2342141e-01   2.3887741e-01   9.7730038e-01   5.6651409e-01   1.0304461e+00   5.0684421e-02   7.9690707e-01  -6.4955692e-01   5.7751715e-01
   2.0000000e+00   1.4814856e+00   5.2944511e-01   2.5804147e+00   5.7449138e-01  -6.5166174e-01  -2.2538663e-01   4.6165064e-01   2.4565754e-02  -1.1291050e+00  -4.7625649e-01   1.1910573e+00  -2.2967849e-01   1.0772427e+00  -7.8533058e-01  -1.6860497e+00   2.3237362e-01   1.2409715e+00   1.2926975e+00
   2.0000000e+00  -2.8704016e-01  -3.6060387e-01   1.2616897e+00   1.9089513e+00   9.0198263e-02  -1.9140652e+00   1.2450845e+00   5.9236784e-01  -5.3282570e-01  -3.9625850e-01   2.5068376e+00  -2.1051543e-01   1.4796633e+00  -3.9153160e-02   1.0928614e+00   9.2949835e-01  -1.3574976e+00   1.1741845e+00
   2.0000000e+00  -6.6414178e-02  -6.2915397e-01   8.3805648e-01  -9.4613225e-01   1.1617460e+00  -8.0553095e-01  -7.9800196e-01  -2.8476394e-01  -1.2024995e+00   1.5773062e+00  -1.0875378e+00   1.1094176e+00   3.9643779e-02   2.4024887e-01  -5.5833748e-01   1.0926831e+00   1.5062390e+00  -3.5569951e-01
   2.0000000e+00  -8.0357086e-01  -3.1366046e+00   5.8037149e-01   3.7418959e-01   3.1732918e-01   5.5944480e-02   7.3892213e-01  -9.8254667e-01  -3.7051031e-01   1.1130412e+00   9.3326573e-01   8.9853486e-02   1.1247727e-01  -8.6974992e-01   1.4898833e-01   8.1579856e-01  -1.7712488e+00   1.5337006e+00
   2.0000000e+00  -9.5826491e-01  -3.7880506e-01   1.1573123e+00  -9.6141391e-02  -5.8287601e-01  -2.8913034e-01  -5.1266625e-01  -5.1884437e-01  -1.2638360e-01  -1.1945338e+00  -2.6209411e-01   1.8023159e-01  -1.5351060e+00  -1.2381897e-01   5.8516377e-04   7.8695335e-01  -1.0415631e+00  -2.0136601e-01
   2.0000000e+00  -3.7036145e-01  -2.4403194e+00   1.5694826e+00   5.3636933e-01  -7.1517282e-01   7.7022591e-01  -6.2852126e-01  -7.1399788e-01  -6.7750819e-01  -2.5935070e-02   7.5709948e-02  -1.2764813e+00   1.3741897e+00  -8.6078135e-01  -6.6016158e-02   2.2399831e-01   1.0425237e+00  -7.3312558e-01
   1.0000000e+00   1.1755966e+00   4.8302592e-01  -2.6907333e-01  -3.9699638e-01   4.4079789e-01  -1.1920888e+00  -1.1142436e+00   5.5045457e-01  -5.8112166e-02  -1.0621743e+00   7.4229727e-01  -7.7215274e-01  -4.6499694e-01  -4.9668268e-01   1.5016512e+00   8.9924392e-01   5.4713845e-01  -4.1477603e-02
   2.0000000e+00   2.1999554e-01   3.9316938e-01   5.5934378e-01   1.5154786e+00  -1.1514172e+00  -1.0241790e+00  -2.1000019e-01   7.2053587e-01  -7.5777646e-01  -6.0923965e-01   3.1213614e-01  -1.1714927e-02  -6.1241757e-01   6.7050418e-01  -2.5819396e+00   1.4360444e-01   1.5698813e-01  -3.8750581e-01
   2.0000000e+00  -1.1354468e+00  -1.2572043e+00  -4.3194135e-01   3.0418402e-01  -6.4081823e-01  -5.7727533e-01   1.8127642e-01   1.7906250e+00   9.5638358e-01  -8.9025585e-01  -1.6050397e+00  -8.1843489e-01  -2.8791864e+00  -8.8398218e-01  -6.1188803e-01  -1.1185826e+00  -4.0545650e-01   7.9359565e-01
   2.0000000e+00  -2.9153440e-01  -1.8260908e-01  -2.1766387e-02   1.3366514e-01  -7.5085565e-01   2.6703012e+00  -1.2612371e-01  -1.7280392e+00   8.7645785e-01  -3.5225612e-01  -7.3732535e-01  -5.0668832e-01  -4.2381064e-01  -1.4820533e-01   2.0748939e-01   2.8545085e-01  -3.2041794e-01  -5.8539968e-01
   2.0000000e+00   1.1157219e+00   8.3900876e-01   4.8862069e-01   1.2117457e+00   2.4739024e+00   1.5190135e+00   5.7136653e-01  -1.7531233e+00   7.1581370e-02  -2.5463129e-01  -6.9650214e-01   9.9693716e-01  -7.5560029e-01  -1.0972631e+00  -5.6379239e-01   5.0746403e-01   2.7937683e-01   6.3153239e-02
   2.0000000e+00   1.6777558e+00  -1.2717698e+00   4.9391307e-01  -6.0971276e-01   1.4259489e+00  -6.7689965e-01  -9.8737462e-01   9.1150872e-01   1.0921196e-01   2.6129008e+00  -2.0220573e+00  -1.5296313e-01  -9.1923004e-01  -5.1107035e-01  -1.8329846e-01  -4.8263349e-01   1.1641632e+00   1.2856460e+00
   2.0000000e+00   1.2665075e+00   3.2301134e-01  -9.2748576e-01  -4.7404039e-01  -4.1613757e-01  -6.7107361e-01  -4.8305768e-01   1.3324767e+00  -8.1399634e-01  -2.2967179e+00   2.1158023e-01  -9.0263860e-01   1.3327110e+00   8.5509407e-02   1.2276794e+00  -6.5427590e-01  -5.3883701e-02   1.1632766e+00
   2.0000000e+00  -6.0036941e-02   2.4836097e-01  -5.3821920e-01   1.4715702e+00  -4.6750031e-01   2.9271163e-01   1.1908965e-01   4.3934713e-02   1.7527236e+00   2.3158764e-01  -9.6151368e-01  -1.1482663e+00   5.8055367e-01   9.5054165e-01   5.4803133e-01  -6.4748000e-01   1.7208636e+00   8.3556912e-01
   2.0000000e+00   3.7418777e-01   8.0947883e-01   4.0109350e-01  -2.7066716e-01  -1.3595186e-01  -6.3654811e-01   4.7292510e-01   4.3695154e-01  -5.1745864e-02   5.4820548e-01   7.0044235e-02   1.6761819e+00  -5.4736736e-01  -1.6790528e-01   4.6294477e-01  -4.1617388e-01  -2.0453688e+00  -6.8457777e-01
   2.0000000e+00   1.2548646e+00   1.5622673e+00   7.2540170e-01  -3.7425222e-01  -4.2662992e-01   8.6165216e-01   9.9677737e-01   1.3390975e+00   9.3972558e-02   3.5011330e-01  -1.0083343e+00   1.0893505e+00  -4.9632117e-01   1.7942279e+00   4.0153367e-01  -1.5772469e+00   2.2121422e-01   5.6017608e-01
   2.0000000e+00  -1.3155042e+00   9.7064452e-01  -2.8066640e-01  -1.3389934e+00   1.8287521e+00   1.6527383e+00   2.8404823e-01  -3.6596217e-01  -4.2336366e-01   7.7603147e-01   9.8876735e-01   1.0561840e+00  -5.7528979e-01  -3.0594678e+00  -2.1268431e-01   7.2378977e-01  -7.0475464e-01   3.8222338e-01
   2.0000000e+00  -6.6245838e-01   2.7982943e+00   1.2366936e+00  -1.3519973e-01   1.3116171e+00   2.0618585e+00   1.6211462e-01   1.2707061e+00   4.4005131e-01   8.5056695e-01   1.0047819e+00   7.9848017e-04   3.2801699e-01   1.1373284e+00   1.4652427e+00   2.7638175e-01   4.6336994e-01  -2.1013700e+00
   2.0000000e+00  -4.7599085e-01   1.1480689e+00  -1.3432229e+00  -1.5412737e-01   6.7472613e-02  -9.9682860e-01  -3.4392742e-01  -1.6965635e+00  -7.6696089e-01  -1.2050881e+00   1.1771655e+00  -1.5545202e-02   3.1321156e-01   1.1174911e+00  -4.8875869e-01   5.2484372e-01  -1.7251975e+00  -1.2691854e+00
   2.0000000e+00   1.1875436e+00  -2.7805594e-01  -4.2936865e-01  -1.1792537e+00   8.5265954e-01   4.5915878e-01   1.5005285e+00  -1.1897149e+00  -1.2325606e+00   1.3763642e-01  -4.5006534e-02  -2.2785133e+00  -1.6945014e+00  -9.9468246e-01  -1.2850288e+00  -2.6807025e-02   1.5486910e+00   2.8779151e-01
   2.0000000e+00   1.6580831e+00  -2.5035353e-01   4.2468075e-01  -4.9849587e-01  -5.0844953e-01   5.9130118e-01  -3.7571915e-01  -1.4240583e+00  -6.8554488e-01  -6.1586565e-01  -3.5168783e-01  -6.5924545e-01  -9.7223473e-01  -6.4377481e-01   1.7158084e-01  -1.9044621e+00   9.8501290e-01  -6.6999255e-01
   1.0000000e+00  -1.6515933e-02   8.0717955e-02  -1.5349955e+00  -9.3186274e-01   2.9508995e-01  -1.5175540e-02  -1.8159211e-01   7.5246551e-01  -1.6436592e-01   1.7918662e-01   1.5812231e-01   2.3779416e-03  -2.1469301e+00   1.3402259e+00   9.3627636e-01  -9.3126460e-01  -4.2353586e-01  -1.0272750e+00
   2.0000000e+00   1.2518491e-01   3.3110963e-01   1.8157973e-01  -1.1793854e+00   1.5508502e-01   7.2454836e-02  -6.6165563e-01  -2.5360560e-01  -2.9522359e-01   1.7074225e-01   1.5836072e+00   2.6132867e-01  -7.8431383e-01  -1.6194405e-01   4.1528102e-02  -1.2605960e+00  -1.2434847e+00  -1.3703438e+00
   2.0000000e+00  -8.0701299e-01   7.8447359e-01  -3.2543454e-01   1.1383768e-01  -2.7622355e-01  -1.2910215e+00   4.2862416e-01   2.5975058e-01  -1.0981465e+00  -1.0710978e+00   4.8870349e-01  -1.7228802e+00   9.7191861e-01   1.2082127e+00  -1.3790038e-01   3.3975899e-01  -5.2514912e-01   6.3952609e-01
   2.0000000e+00  -6.2016581e-02   6.5393027e-02  -7.5711664e-01  -5.8117311e-01  -6.5133452e-01   2.1036924e-01   7.8613091e-01  -8.7462193e-01   1.2826385e+00  -1.0121230e+00  -1.2405970e+00   6.4333030e-01   3.9599293e-01  -1.7659604e+00   5.0531411e-01  -1.4557539e-02   3.2777749e-01  -1.6935209e+00
   2.0000000e+00  -1.5234031e+00   2.3721763e-02   6.1684653e-01  -2.2517166e+00  -1.5509645e+00   1.2292633e+00  -8.4041483e-01  -1.1961350e-01  -2.3362263e-01   1.9369683e-02  -5.0616859e-02   1.1601433e+00   4.8412387e-01   4.4153282e-01   5.8138931e-01  -2.1621779e+00  -1.0108644e+00  -1.0257305e+00
   2.0000000e+00   1.7356543e-01  -3.5526181e-01  -7.4370380e-01   3.9337399e-01  -6.4366643e-01   2.6388938e-01   7.0239863e-01   6.6306560e-01   4.1974913e-01   1.8292677e-01  -5.5081338e-01   8.4665435e-01   7.9905439e-01   4.0188217e-01   5.1480144e-01  -4.9360398e-01  -4.1923024e-01   1.2095055e+00
   2.0000000e+00   1.3813118e+00  -4.7118163e-01   7.6666950e-01  -8.5055384e-01  -1.5207448e+00  -1.9600643e+00  -3.0272918e-01   4.6604773e-01  -1.1287089e-01   5.1919620e-02   1.5118852e+00  -1.3765020e+00   1.6504582e+00  -1.1519645e+00  -1.0026517e+00   4.0824566e-01   1.3582588e-01   5.9747998e-01
   2.0000000e+00  -5.0487573e-01  -1.2482374e+00  -5.7744890e-01   1.1106003e+00  -1.0580827e+00  -7.7260540e-01   6.4243278e-01   4.2192526e-01   3.7171774e-01   1.3683840e+00   6.8301227e-01  -4.2543771e-02   4.5439738e-01   2.2885119e-01  -1.3418157e+00   5.4596477e-01  -4.9971764e-01  -2.0421803e-01
   2.0000000e+00  -7.1957173e-01   2.7414758e-01   1.1958730e+00   3.5065737e-01  -6.0513582e-01   2.8476848e-01  -3.0353078e+00  -3.9415379e-02  -5.6996175e-01   4.0278732e-01  -1.7307785e+00  -1.0893063e+00  -1.0914848e+00  -3.0956616e-01  -1.5324302e+00  -1.7620921e+00  -1.3809800e+00   2.7033451e-01
   2.0000000e+00   7.7293181e-01  -1.5651160e-01   4.0644108e-01   1.0060563e+00  -3.6896889e-01   9.7341632e-01   1.2862475e+00  -7.1558898e-01  -1.6312883e+00  -2.8326253e-01  -7.7401260e-01  -4.9731495e-01  -2.7202878e+00  -6.3840136e-01  -1.1496933e+00  -1.2350759e-02   3.8613577e-01  -2.7355057e-01
   2.0000000e+00  -4.3469461e-01   1.1265597e+00   1.2948016e+00   6.2068721e-01   1.4804819e+00   3.4306819e-01   5.0110363e-01  -2.0168110e+00  -8.0021194e-02  -1.0680508e+00   7.2917660e-01   1.4380892e+00   3.9733700e-01   1.8083721e+00   5.4263333e-01  -9.2928248e-01   4.4772739e-01  -9.4163113e-01
   2.0000000e+00  -1.8363743e+00  -6.0424987e-01  -3.3686265e-01  -1.6299030e+00  -9.6803217e-01   3.4703365e-01  -7.1367138e-01  -1.5488384e+00  -1.9491373e+00   1.7840854e+00  -1.1177231e+00  -4.9257327e-01  -4.7499734e-01   5.6634598e-01  -8.3467014e-01   1.8956087e-01  -2.5696651e-01   1.4369473e+00
   2.0000000e+00  -4.1413318e-01   7.5317227e-01  -1.9898972e-01  -6.5824136e-04  -6.9570279e-02   3.1625270e-01   9.5761679e-01  -3.5372275e-01  -2.2812115e-01  -1.7754134e-02  -1.0003680e+00   7.8625405e-02   2.1691378e-01  -2.5495368e-01  -8.9316986e-02  -7.7684879e-01  -3.9346741e-01  -6.9841180e-01
   2.0000000e+00  -7.2440607e-02   9.3272354e-01  -2.9358006e-02  -2.3135789e-01   1.0311560e+00  -1.6562770e+00  -2.1613671e+00  -1.3851102e+00  -4.7058774e-01   1.1083753e+00   1.5655363e-02  -1.0281479e+00   1.5191294e-01  -1.1640389e+00   3.4756216e-01   9.5475106e-01  -7.9130195e-02  -7.3751019e-01
   2.0000000e+00  -4.2167105e-01   3.4510905e-01   1.0717245e+00   2.0352848e-01  -2.7589976e-02  -1.5421650e+00   8.0482000e-03   9.4364362e-01   7.6399812e-01   5.4645745e-01  -1.4560057e+00   7.2307446e-01   9.4926169e-01  -1.2930210e+00   1.5779847e+00   3.1074708e-01  -1.5658590e+00  -1.1589708e+00
   2.0000000e+00  -1.5615260e+00  -1.7391009e+00  -4.7216411e-01  -2.1113326e+00  -3.5045881e-01  -4.0859849e-01  -8.8760923e-01  -2.8934266e-01  -4.7190872e-01  -4.2730602e-01   5.4662406e-01  -9.0603710e-01  -3.2942445e-01   9.7622834e-01   3.6244021e-01   2.0078633e+00   7.8505508e-01  -6.7528786e-01
   2.0000000e+00   1.9648621e+00  -2.2818550e-01  -1.9339330e+00  -1.5941758e+00   1.8518413e+00  -5.9133460e-01  -5.0915236e-02  -8.1809186e-01   1.4410693e+00  -1.8814298e-01   4.1057833e-01   1.3253619e+00  -3.3681325e-01  -8.0978756e-01  -2.1344750e+00   2.2966269e-02  -2.3799254e-01   1.5134420e+00
   2.0000000e+00  -4.8847956e-01   3.8154642e-01  -1.1361395e+00   1.1897664e-01  -6.9137416e-01  -7.9004918e-01  -1.5095297e+00  -9.3058330e-03  -5.2874790e-01   3.0649669e-01  -1.5036027e+00   1.2495099e+00  -1.4196046e+00  -1.2188896e-01  -3.7925747e-01   1.4249361e+00   1.1482580e+00   1.1282697e-01
   1.0000000e+00  -8.3624620e-01  -2.1386225e+00  -6.7375405e-01  -1.4894774e+00   3.2304296e-01  -1.5667481e-01   6.5612548e-01  -5.7889039e-01   1.7589085e+00  -7.2979629e-01   1.5086600e+00   9.7228553e-01   2.3685505e-01   7.8054698e-01   7.0737309e-01   9.0007944e-01   1.9546747e-01  -1.5127184e-01
   2.0000000e+00  -4.8552392e-01   3.0888928e-01   8.0665650e-01   5.0562276e-01   2.4087783e+00  -1.5541032e+00   2.7424528e-01   4.1854054e-02   4.0648301e-01   2.1740841e+00   4.8063489e-01  -2.9015912e-01  -6.3896073e-01   9.9403280e-01  -1.8371030e-02   7.2917573e-01   1.4006665e+00  -1.1077795e-01
   2.0000000e+00   4.6609664e-01   1.9978369e+00   3.0885002e-01  -1.9825368e-02  -6.5370036e-02  -1.0524851e+00   5.2109710e-01   1.3337967e+00  -7.5129394e-01  -1.6656751e+00  -8.1770388e-01   9.8976886e-02  -3.1041361e-01   8.3955593e-01   1.2275571e+00  -4.7160325e-01   1.2055638e+00   9.3945215e-01
   2.0000000e+00  -1.0133159e+00   9.1364256e-01  -1.2102991e-01  -1.5758250e+00  -1.9022153e-01  -5.8156279e-01   1.8891576e+00   1.7662792e+00  -5.5994493e-01  -3.1019225e-01  -8.5882469e-02   7.1532179e-01  -3.3780710e-01  -3.8646273e-01  -1.6340390e+00  -3.2045509e-01   6.1579338e-01  -6.3811546e-01
   2.0000000e+00   1.1196687e+00   1.3360287e+00  -1.8564232e-02  -1.6188006e-02   1.3669415e+00   3.6888735e-01   1.1274441e+00   5.4575530e-01  -6.6348697e-02   2.6074105e-01  -4.8626051e-01  -1.8350915e+00   3.7223548e-01   3.3063041e-01  -1.8894652e+00  -5.4273719e-01  -9.6944259e-01  -1.0392481e-01
   2.0000000e+00   4.8097682e-01  -8.3332045e-02   4.8240909e-02  -9.9158034e-01   1.3093898e+00   1.6145715e-01   1.2855925e-01   4.4832139e-01  -1.0244480e+00  -3.0774508e-01  -5.1137498e-01  -5.2959568e-01   1.5213861e+00  -1.3402558e+00  -1.2181548e+00   7.0248937e-01   3.5353925e-01   7.2641978e-01
   2.0000000e+00   2.6783799e-01   1.3627575e+00  -5.2303881e-01   8.1991828e-02   1.5038002e+00  -1.5696581e-01   6.0055695e-01  -1.1874996e-01   4.2514152e-01  -1.8439509e-01   7.6120189e-01  -1.2304772e+00  -1.1184749e+00   1.1881162e+00   2.3546711e+00  -1.4019190e+00  -2.4216474e+00   1.2241061e+00
   2.0000000e+00   4.0691424e-01   1.3085785e+00  -4.2690642e-01   2.3853924e+00  -3.1933110e-01  -1.7639372e+00  -9.0887516e-03   4.1126220e-01  -1.7648333e+00   4.8249679e-02   1.1444466e+00  -2.5558199e+00   8.5473072e-01  -7.5844314e-01  -6.5531321e-02   1.7204110e+00   6.1614872e-01   1.7148071e+00
   2.0000000e+00   1.7694134e+00  -9.8622765e-01  -5.8762311e-01  -3.6080834e-01  -3.7107945e-01   1.2682354e-01   2.9523628e-01   1.7536179e-01  -1.7915502e-01  -3.5428168e-01  -1.0282050e+00   1.5162463e-01   1.7074906e+00   1.9052631e+00   3.1680578e-01  -9.5169675e-01  -1.2182727e+00  -1.4377714e-02
   2.0000000e+00  -8.5322052e-01   3.4885156e-01  -3.4284283e-01   1.5764167e-02  -1.1223618e+00  -5.2691345e-02  -2.7622036e-01   1.4646544e+00   1.6600922e+00  -1.5341849e+00   8.2162029e-01   1.8953140e+00  -5.1290970e-01  -3.7345129e-01   6.8626959e-01   7.6070270e-01  -5.9540648e-01   1.1227893e-01
   2.0000000e+00   5.9353568e-01  -1.3996804e+00   1.0492902e+00   1.5831736e+00  -3.8373483e-01  -2.7809424e-01  -4.7396752e-01  -9.0968931e-01   1.8677528e+00  -1.9514075e-01  -2.6948244e-01   2.0308036e-01   4.9033140e-01  -4.0625208e-01  -1.0477162e+00   4.8262129e-01  -1.4491579e-01   1.0056368e+00
   1.0000000e+00  -2.3534489e+00  -7.0885959e-01   3.0162635e-01   1.3808238e+00   3.0996370e-01  -4.4262919e-01   1.9642828e+00  -1.3091154e+00   1.1039887e+00   2.1692694e+00  -1.5337164e+00   6.0190015e-01  -2.9242384e-01  -1.3158798e+00   6.1287003e-01   6.5979543e-01   7.1568853e-01  -5.3331587e-01
   2.0000000e+00   4.0005109e-01   3.0226928e-02   3.5021419e-01  -9.1735534e-01   1.9449812e+00  -7.0694538e-01  -2.3639654e+00  -3.7039520e-01  -1.0705896e+00   1.3695563e-01   3.1934255e-01  -5.0041925e-01  -7.8332656e-01   4.4191694e-01   7.1338794e-02  -1.7154322e-01  -2.9155924e-01  -8.0111024e-01
   1.0000000e+00  -8.9443091e-01   3.7820734e-01  -6.9321710e-01  -2.0773457e+00   1.6575167e-01  -3.6263102e-01   6.1103303e-01  -9.3380112e-01  -3.6230672e-01   1.0619089e+00   2.3574450e-02  -7.5983541e-02  -6.2418360e-01  -1.2176249e+00   1.7303544e+00   1.2242258e+00  -8.7967410e-02   1.1287666e+00
   2.0000000e+00   2.0950313e+00   1.1435059e+00   7.9090434e-01   1.2621911e+00  -1.2380060e+00   2.3759608e+00   5.7440961e-01  -2.1513748e-01  -1.6645489e+00   1.3872017e+00   7.0865251e-01  -2.3969698e+00   9.9221098e-01   2.4006333e+00  -1.2533406e+00  -9.4947633e-01  -5.3139671e-02   8.8245552e-01
   2.0000000e+00  -2.4097497e+00   8.5979198e-01  -1.1710352e-01   6.5501470e-01  -2.4065699e+00  -1.9370381e+00  -7.5594283e-01  -1.9224743e+00  -1.8814995e+00   6.7024449e-01   1.4746478e+00  -5.2392242e-01   7.4871749e-01  -2.5492388e+00   6.4697515e-01   1.6572810e-01   3.2710980e-01   4.1627000e-01
   2.0000000e+00   6.1846526e-01  -5.8070798e-01  -1.1881411e+00   9.5060653e-01   1.2792366e+00   1.4657756e+00  -1.0478551e+00  -2.5886034e+00  -9.3015079e-02  -2.3625014e-01   1.9942845e-01   1.7338752e+00   1.4232938e+00   8.8993179e-01  -5.5662245e-01   2.0097089e-01   4.9660024e-02   2.5861601e-01
   2.0000000e+00  -6.2976144e-01  -6.5304273e-01   1.4329335e+00   6.2611239e-01  -9.8568584e-01  -1.7218170e+00   1.0808177e+00  -1.0256716e+00   3.6602452e-01   4.5059664e-02   1.1535731e+00  -1.5959781e+00   4.8426429e-01   6.1269839e-01   2.8946990e-01   1.3525217e+00  -2.0261891e-01  -6.0378528e-01
   2.0000000e+00  -2.1444695e+00   4.1396295e-01  -1.5775809e-01   2.3935503e-01  -6.9912590e-01   7.9482651e-02   6.5906671e-01  -4.6444644e-01  -9.7097419e-01  -1.6152618e+00  -6.5258026e-01  -4.2329049e-01  -1.1415875e+00   2.5294524e-02  -1.3645428e+00  -2.4448215e-01   7.5964028e-01  -2.1747076e+00
   2.0000000e+00  -1.7111284e-01  -1.4634932e+00  -1.0680339e+00   2.1500290e-01   2.3407537e-01  -1.1254455e-01   4.4815709e-02  -1.5346315e+00   8.6639987e-01   5.5911308e-01  -1.9614689e+00   1.3001986e+00   4.2303847e-01  -1.6912483e+00   1.5312702e+00   2.3223412e-01  -2.8998192e-01   2.2009193e+00
   2.0000000e+00   5.8212542e-01  -1.5303220e+00  -1.2311717e+00   1.1460482e+00  -1.6340019e+00  -1.5251833e+00   1.4166200e+00  -2.5630553e+00  -5.8340601e-02   1.5670095e+00   2.7944998e-01  -1.4889165e+00   1.6139766e+00  -6.4948748e-01   1.0857555e-01   6.3991465e-01   1.6665227e-01  -1.1164944e+00
   1.0000000e+00   1.4485085e+00   1.1600100e+00   8.0723844e-02  -6.0663378e-01   9.3431688e-01   3.7792142e-01   3.5614188e-01  -1.5842751e+00  -1.7232902e-01  -8.5980383e-01   2.4685625e-01   2.3577724e-01  -4.4653303e-01  -8.3288539e-02   1.4507878e+00   1.3646447e-01  -2.1715739e-01  -1.0539439e+00
   1.0000000e+00  -1.5564058e+00  -1.4246126e+00  -8.5764015e-01  -2.3336220e+00   1.0434877e-01   2.1712023e-01  -5.1915262e-01  -8.3355613e-01   6.7057015e-01   1.2805523e+00  -2.6397702e-02   6.8329338e-01   8.0024130e-01  -4.1129126e-01   2.8005895e-01  -1.4166287e-01  -5.1593089e-01   1.3225079e+00
   2.0000000e+00   5.6024654e-01   1.7156643e+00  -7.5555626e-01  -2.3930923e-02   6.3728735e-01  -1.4936983e+00  -2.1489125e-02   4.1110521e-01  -1.6687883e+00  -1.6920108e+00   4.2031297e-01  -1.1495558e+00   4.3884207e-01   3.3054026e-01   5.4756025e-01   5.2605543e-01  -1.1325933e+00   4.4231501e-01
   2.0000000e+00   1.7613797e-02   1.5055216e+00   1.2857606e+00  -1.7502180e+00   1.0096427e+00  -7.3966830e-02   1.1307289e+00  -2.7412469e+00   1.5696563e-01   8.1985015e-01  -2.7119660e-03   1.5032544e+00   5.2248209e-01  -1.6106830e-01   4.3709899e-01  -3.9745198e-01  -5.6011542e-01  -1.6151903e+00
   1.0000000e+00  -4.1849010e-01  -3.6231782e-01   6.4619058e-01   2.4362155e+00   5.0264329e-01  -7.6222987e-01  -3.2776216e-01   7.9537084e-02  -2.7404715e-01   9.8891541e-01  -4.3613290e-01   5.3678006e-01   6.2001721e-02   1.5024867e+00   5.9529004e-01   1.6570213e+00   1.5524975e-01   1.6568385e-01
   2.0000000e+00  -2.1093894e-01  -6.3543744e-01   1.3519221e+00   1.4279895e+00   9.4616602e-01   5.6702511e-02  -1.4401141e+00   3.9898071e-01  -2.7247456e-03  -8.5083808e-01   1.0503761e-01  -1.3001019e+00  -4.5059649e-01  -7.6527434e-01   2.0116533e+00   3.5959348e-01  -1.2225770e+00  -4.3521512e-02
   2.0000000e+00  -7.3174977e-01   3.7743814e-01  -1.1220114e+00   1.1535632e+00   1.0376107e+00  -1.0126396e+00  -5.3475946e-01  -1.4264124e-01   4.0367369e-01  -1.5514980e+00   9.9681516e-01   1.9717373e+00  -1.0701423e+00  -5.0676519e-01  -1.3639550e+00   1.4020957e-01   1.6444004e-01   5.5525144e-01
   2.0000000e+00   1.3627758e+00   1.8363800e+00  -3.2754256e-01   2.3267729e-01   1.5393940e+00   3.4121344e-01  -1.1463066e+00  -5.1199037e-01   1.1365069e+00  -7.0708137e-01  -1.5641342e+00  -7.4071425e-01   3.9323639e-02  -3.0715668e-01  -1.6010532e+00  -1.3738671e+00  -8.2520644e-03  -2.0807512e+00
   2.0000000e+00   4.3131174e-02  -3.4589499e-01  -2.9667099e-01  -3.8997065e-03  -1.9759011e-02   5.5856637e-01  -2.4419870e+00   7.0642559e-02  -1.3266138e+00   1.9489618e+00  -6.1405262e-01  -1.8037141e+00   8.7580089e-01  -2.6751126e-01  -2.9931857e-02   1.0898746e+00  -2.8970985e-01  -3.8124825e-01
   2.0000000e+00  -1.4368145e+00  -1.7660975e+00  -4.7431795e-01  -8.0002944e-01  -1.0567884e-01  -9.0468892e-01  -1.1192478e+00   2.8562774e-01  -3.2012513e-01  -3.9382920e-01   8.7383910e-01  -1.7544815e-01  -3.2112905e-01  -1.2659766e+00  -2.4077001e+00  -1.8009632e-01  -1.2245006e+00  -1.1713783e+00
   1.0000000e+00  -1.7994944e+00   6.1043519e-01   4.0758464e-01  -6.8833026e-01   4.4648455e-01   4.2723450e-01   2.7238797e-01   1.1158407e+00   2.0005650e-01  -1.1375118e+00  -1.5615782e+00  -6.2358223e-02   3.8855707e-01  -3.3862625e-01  -8.4770949e-01   1.9385152e-01  -7.2261279e-01  -1.3145140e+00
   2.0000000e+00   2.1402391e-01  -7.1566308e-01   1.4243389e+00  -9.7824365e-01  -9.4783632e-01   1.9969414e+00   7.3208222e-02  -8.6370265e-01   1.4555154e-01  -3.4467644e-01   9.0059566e-01  -1.7054792e+00  -1.8652787e+00  -2.0308355e-01  -2.1830066e-01  -8.7483298e-01  -7.4591791e-01   3.6161121e-01
   2.0000000e+00   1.6912431e+00  -1.4873003e+00   6.8244721e-01  -4.4692550e-01   1.7382379e+00   9.7963059e-01  -1.3475089e+00   8.8379427e-01  -3.5445490e-01   2.3983334e-01   1.6451563e-01   1.8527518e-01  -1.3101518e+00   3.5331889e-01   2.8370882e-01  -7.4792529e-01  -3.1368471e-01   1.0723978e-01
   2.0000000e+00   1.5752971e+00  -4.3212143e-01  -3.7461096e-01  -1.2575082e-01  -6.2856144e-01  -1.5806277e+00  -8.0778147e-01   4.4613807e-02  -2.0145122e-01  -1.5399633e+00  -7.8767906e-01   1.0459685e+00  -1.8372454e-01  -5.8534718e-02   4.8155008e-01   4.8885996e-01  -4.2506944e-01  -1.8321199e+00
   2.0000000e+00   8.5055632e-01   8.2962290e-01  -1.2184600e-01  -1.7173654e+00  -3.0141139e-01  -7.8098504e-01  -7.9413563e-01  -1.2386680e+00  -1.6382209e+00   1.5612132e+00  -1.8107633e+00   5.7711510e-01   1.8335656e+00   1.3575024e+00  -1.6628478e-01  -6.1899708e-01  -1.2850288e+00  -9.6087372e-01
   2.0000000e+00  -1.2209298e+00   1.0333213e+00   8.3134535e-02   2.3057375e-01  -8.2626665e-01  -8.7760907e-01   1.5137288e+00  -5.3964366e-01   4.0754548e-01  -9.3704515e-01  -5.9041360e-02   8.2707150e-01  -1.3020487e+00  -7.5826223e-01   1.8526636e+00   2.6279034e-01   6.2276392e-01   2.3226658e+00
   2.0000000e+00   8.3718839e-01  -7.3929252e-01  -3.5607578e-01  -8.9984418e-01  -4.9753538e-01   1.5715843e-01  -1.2183577e-01  -3.6808902e-01  -1.1301977e+00  -2.4807706e+00  -9.8815517e-01   2.3333710e-01   2.0800518e-01   6.0653181e-01  -1.7743333e+00   1.0071595e+00  -4.5858779e-02  -1.1423816e+00
   2.0000000e+00   1.3888781e+00   4.3648319e-01  -7.4580351e-01  -7.6801646e-01  -8.2549608e-01  -1.4338592e-01  -1.0523161e+00   1.5265200e+00  -6.4898143e-01   3.8411820e-02  -1.5347550e+00   1.6521559e+00   1.1832783e-01   8.9678080e-01  -1.3508588e+00   2.2021658e+00  -8.8595764e-01   1.3963451e+00
   2.0000000e+00   7.9678949e-01   1.2570882e+00  -1.9703302e+00   1.7753276e+00   1.1185608e+00  -3.1575836e-01   1.1011045e+00  -8.7519685e-01  -2.0446499e-01  -2.2257717e+00   3.8354074e-01  -1.1413186e+00   2.1690663e-02  -1.3428085e+00   1.1529129e+00   1.1647192e+00   3.4752226e+00  -2.3376761e-01
   1.0000000e+00  -1.7912574e+00   1.3169565e-01   1.4176672e-01  -6.1581583e-01   6.5471169e-01   7.7461148e-01   5.7624087e-01   7.8397953e-01  -4.5004743e-01   1.5626374e-01  -7.5380921e-01   5.1987480e-01   1.7053758e-01   1.7049686e+00   1.8285003e-01   8.9381223e-01   6.3117799e-01  -1.7110718e+00
   2.0000000e+00   8.3739138e-01  -1.2153376e+00   4.2945089e-01  -2.1769607e-02  -1.0234511e-01  -6.0836244e-01  -8.9592726e-01   6.9804190e-01  -1.4760510e+00   3.3846651e-01  -2.9865818e-02   1.5601905e+00   4.3436608e-02   6.8815079e-01   5.5069126e-01  -9.5694700e-01  -2.4771993e-02  -5.6179410e-01
   2.0000000e+00  -1.1793812e+00   1.7241715e+00  -6.9828837e-01  -7.0997922e-01  -9.7414630e-01  -9.9101546e-01   3.1066376e-01  -2.0737565e-02   1.8937336e+00  -3.2471072e-01   1.9553812e+00  -1.3092967e+00   1.7891540e+00   8.5552817e-01   1.1128225e+00  -7.7476398e-02  -3.7897029e-01  -1.0360829e+00
   2.0000000e+00   5.9533565e-01   4.8987251e-01   2.3431315e+00  -5.0875296e-01  -2.8571963e-01  -4.2733872e-01  -2.0479607e+00  -6.1709086e-01  -5.0500238e-01  -2.0679169e+00  -1.1948707e+00   3.0653718e+00   4.9832423e-01  -2.6562911e-01   1.2986532e+00   1.7228819e+00  -9.4089106e-02  -6.4177764e-01
   2.0000000e+00  -1.0781786e+00  -2.9175775e-01   2.0207907e-01   1.0859791e+00  -2.5616834e+00  -2.5996226e-01  -4.2079712e-02  -1.9310151e+00  -3.2541180e-01  -2.3600529e-01   1.2507172e+00  -3.7714313e-01  -4.1451243e-01  -3.6850209e-01  -2.9134582e-01   6.5694426e-01  -9.0030234e-01  -9.8341237e-01
   2.0000000e+00  -1.0583407e+00  -9.7655614e-03  -8.3101006e-01  -1.9927048e-01   2.5724570e+00   9.1424050e-02   1.8667289e+00   4.8381859e-01   1.0200556e+00   1.3493175e-01   6.0885996e-02   1.3942488e-01   4.7315579e-01  -1.8544951e+00   8.2287254e-01   2.0383542e+00  -6.1672656e-01   3.3171152e-01
   2.0000000e+00   8.8599312e-01  -5.6896748e-01  -1.0504022e+00  -1.9331091e-02   1.1901167e+00   5.4757003e-01   1.0018339e+00  -1.2327375e-01  -1.4668926e+00  -6.0834449e-01  -1.4214795e+00   2.2262985e+00   1.1964183e+00  -3.1192494e+00  -1.0844214e+00  -1.1227502e+00   4.5702572e-01   5.7680303e-01
   2.0000000e+00   1.4172740e+00   1.9691514e+00  -1.9514936e+00   2.9762289e-01   1.6682145e+00  -6.6693338e-01  -3.1871445e-01   4.3902192e-01   1.2383427e+00   1.4642406e+00  -9.9153017e-01  -1.0347673e-01  -1.3191929e-02   9.9780417e-01   6.9790691e-01   3.3249683e-01   1.7413700e-01  -4.4987730e-01
   2.0000000e+00   7.8542798e-01  -9.3779788e-02   3.3769030e-01   1.0051755e+00   1.1285634e+00  -4.4216521e-01  -1.2126293e+00  -5.5920026e-01  -5.1996703e-01   2.1079464e+00   2.5204040e-03   4.6403781e-01   2.2014395e+00  -2.4332965e-01  -5.4356435e-01   1.1093761e+00  -9.4765125e-01  -4.8524392e-01
   2.0000000e+00   9.1001171e-01  -2.7802467e+00   1.3337605e+00   6.9946488e-01  -1.0016763e+00  -2.1159821e-01   4.2483361e-01  -1.5586224e+00   1.3912699e+00  -6.8638359e-01   6.8000811e-01   6.9758145e-01   9.0180227e-01  -4.6135712e-02   1.1468501e-01   1.3111372e+00  -1.7801505e+00  -6.6165556e-01
   1.0000000e+00  -3.4394272e-01   5.4116305e-01  -1.4056723e-01   9.7703044e-01   5.0791949e-01  -2.3595430e-01   1.7129777e-01  -6.7712342e-01   1.8533618e+00   1.1062880e+00   2.9561413e-01   3.1572321e-01  -1.9693400e+00   5.1930726e-01  -1.2223344e+00  -3.6886444e-01  -8.5791992e-01   7.4650470e-01
   2.0000000e+00  -9.8682856e-02  -5.0807931e-01  -6.2571652e-01   6.4644478e-01  -2.1094034e+00  -1.0342528e+00  -8.0106327e-01   2.7283571e+00   7.7975099e-01   7.6118956e-01  -2.3158872e-02   6.5446534e-01  -8.7421999e-01  -9.6037429e-01  -6.4724136e-01  -1.3820951e+00   9.5839048e-01  -3.6975608e-01
   2.0000000e+00  -5.3636716e-01   1.0479437e+00  -1.1309513e+00   2.1736811e+00  -2.5066068e-02   4.0692529e-01   2.9361558e+00   5.1696248e-01   1.1059894e+00  -1.4156905e+00  -3.9580881e-01   6.5737475e-01  -3.7136697e-02   1.0449419e+00   1.6479692e-01   1.9665086e+00   1.0012087e+00  -9.5301956e-01
   2.0000000e+00  -1.4686738e+00  -8.9887413e-01   1.2886147e+00  -9.5117020e-02   1.5175077e+00  -8.7026472e-01   3.5928821e-01  -5.7269508e-01   1.0244457e+00  -6.1092899e-01   9.5124207e-01  -1.2152357e+00  -4.7701359e-01  -1.3823934e-01  -6.4374705e-02  -1.4975262e+00  -1.4996367e-02  -2.7769132e-01
   2.0000000e+00   1.3310396e+00  -5.1810641e-01   4.7379083e-01  -1.1743464e-01  -5.9197600e-01  -1.6448205e+00   7.1176781e-01   1.8954213e-01   1.8097772e+00   3.7431640e-01  -5.2301674e-02  -7.0575143e-02  -2.0329089e+00   1.1653926e+00  -8.1766155e-01  -1.8565081e-02  -2.8532398e-01  -2.4598259e-02
   2.0000000e+00   4.3970622e-01  -6.0794419e-01   1.2808670e+00   1.7599630e+00   8.9681555e-01  -3.3922613e-01   3.0928899e-01   6.5195738e-01  -6.0571695e-01   2.0219145e+00  -1.5826457e+00   1.2784094e+00  -2.1228535e+00   6.8622075e-01  -1.7329689e+00   3.4729592e+00   4.7816772e-01   6.4314124e-01
   2.0000000e+00   3.5694682e-02   5.6233797e-01   7.0867476e-01  -1.4180539e+00   3.7884526e-02   1.7018991e+00   5.3186199e-01  -1.7236791e+00  -7.3390232e-01   4.8573975e-01   4.7730784e-01   7.6375416e-01  -3.7055034e-01   5.4068234e-02   8.8981881e-01  -1.0293952e+00  -1.1621319e+00   5.3067100e-01
   2.0000000e+00   1.3403021e+00  -1.2330364e-02  -2.2195432e-01  -5.2677283e-01  -8.1179220e-01   1.1986664e+00  -2.5330109e+00   1.9061328e+00  -3.9596089e-01  -8.4593112e-01   4.8036152e-01  -1.2083718e-01  -1.3537794e+00   2.0355441e-01  -7.8276902e-01  -6.2932371e-01   1.9809450e+00   2.2079172e+00
   2.0000000e+00  -4.1673743e-01   2.5498715e+00  -7.7781572e-01   9.1323460e-01  -9.6744029e-01   2.1011956e-01   2.0642106e+00   9.6485264e-01   1.2230017e+00  -1.0964089e+00  -1.6395729e+00  -4.9377920e-01   8.4756197e-01   1.1403999e+00  -8.0289313e-01   1.1069708e-01   3.9301878e-02   1.2286525e+00
   2.0000000e+00   1.0018890e+00  -7.0342947e-01   9.7750581e-01  -3.0591115e-01   7.7856573e-01   3.6006074e-01  -3.6217403e-01   4.0117602e-01  -1.7932325e-01   1.9425234e+00   9.1980198e-01   1.0348846e+00  -1.4205034e+00   1.3580995e+00  -2.6361472e-01  -4.8693852e-01   1.1373283e+00   1.1490970e+00
   2.0000000e+00   1.0005609e+00   6.6905494e-01   4.1347938e-01  -4.3615166e-01   4.7884256e-01  -1.3156264e+00  -1.6786017e-02   2.2198967e+00   6.8780591e-01  -1.2087078e+00   8.3310695e-01   1.1423992e+00   5.3844885e-01   6.8445958e-01  -1.0772040e+00   2.4188224e+00  -1.4404532e+00  -4.3763922e-01
   2.0000000e+00   1.3934587e+00   9.4638401e-01   6.0464835e-01   1.7569638e+00  -4.0823820e-01   1.0989704e+00  -1.3379876e+00   1.5720666e+00  -1.8055084e+00   5.5470527e-01   1.4160252e+00   8.1234537e-03  -1.7732003e+00   6.7402738e-01   6.6100808e-01   1.3485901e+00   3.3469763e-01   4.2505534e-01
   2.0000000e+00   6.3148890e-01   5.9734355e-02  -5.7949854e-01   9.7239703e-01  -5.3799936e-01   1.2647530e+00  -9.9335052e-01   7.3414666e-01   4.0276070e-01  -2.0849607e-01  -1.1336673e+00  -3.5338847e-01   1.3353308e+00  -8.4135421e-01  -7.2059308e-01  -5.5900573e-01   9.4133924e-01  -1.2163046e+00
   2.0000000e+00   9.8896288e-02  -7.8726884e-01   4.0766035e-01   1.1922149e+00  -1.6421850e-01   1.5107464e+00   9.1536106e-01   2.4805157e+00  -1.9239657e-01  -7.7470050e-01  -8.5073704e-02   1.0768909e+00  -3.6215539e-01  -1.8071775e+00  -1.5559521e+00  -9.0300580e-01   1.0945765e-01   1.4046938e-01
   2.0000000e+00   1.8825173e-01   6.4177857e-01   6.5451453e-01  -4.6100206e-01  -4.5347056e-02   2.8615118e-01  -9.6180751e-01  -1.1248148e+00   6.6579936e-01   1.0541564e-01  -1.0977628e+00   4.7305460e-01  -1.1110213e+00   1.8621809e-01  -1.7164458e-01   2.7281844e+00  -4.8109765e-01   4.9891101e-01
   2.0000000e+00  -1.5515656e-01   1.0644008e+00   2.2420200e-01   5.2944189e-01   6.6210185e-01  -1.4260241e+00   9.2401787e-01  -4.7458561e-01  -5.0427897e-01   1.9941257e+00  -3.0841718e-01  -2.4345664e-01  -1.2757941e+00  -1.7882575e-01   4.9199573e-01   3.0270072e-01   1.0478594e+00   1.3166706e+00
   2.0000000e+00   3.7173510e-01   7.0536206e-01   7.6746861e-02  -2.0612424e-02  -5.8473627e-01   1.3763901e-01  -1.2293463e+00   1.2919697e-01  -1.6082396e-01   2.3348750e+00   5.9436061e-01  -3.2865460e-01   2.4252070e-02   3.6296182e-01   8.0619718e-02  -9.8304313e-01  -1.4991027e+00  -1.5250789e-01
   1.0000000e+00  -8.2147808e-01  -4.0339877e-01   1.7783038e+00  -1.4030142e+00   1.2844698e-01   9.7661178e-01   7.7858663e-01  -5.3643668e-01  -9.8441005e-01  -6.0116074e-01   7.2499170e-01  -1.2647795e+00  -1.9322426e-01   9.7748756e-01   3.9507841e-01   7.6236193e-01  -6.7937053e-01  -1.2840157e+00
   2.0000000e+00   5.8186102e-01   9.6843388e-01   1.4009560e+00   4.5877547e-01  -1.1315829e+00   7.3007880e-01   2.5483619e-01  -4.5566526e-02  -1.9192109e+00   3.4815789e-02  -1.2617941e+00  -2.5898181e-01  -6.4582455e-01   3.1836977e-01  -1.1129069e+00   2.0737825e-01   6.9717745e-01   2.0017611e-01
   2.0000000e+00   4.2311340e-01   1.5191788e+00   2.4860971e-01   1.5997857e+00   1.0468420e+00   2.1225134e-01  -5.5407167e-01  -6.1681723e-02   3.2317049e-01   6.0953851e-01  -1.0765419e+00  -4.1557033e-01  -1.8696121e+00   9.6208304e-01  -6.2255169e-01   1.0710161e-01   1.1618329e+00   1.6614092e+00
   2.0000000e+00  -3.7611682e-01   2.4565017e-02   5.3310378e-02   6.9959621e-01   1.4779679e+00   6.7867131e-02   4.2438269e-02   5.2234408e-01   1.0428975e-01  -6.4874370e-02  -2.5416877e+00  -4.0111718e-01  -3.9045135e-01   2.5804413e-01  -1.4064330e+00   2.8090330e-01   1.5816135e+00   1.2425991e+00
   2.0000000e+00  -2.4244104e-01  -6.4055937e-01   2.2117030e+00  -4.9317381e-03  -9.0907963e-01  -1.4088673e+00   8.0075348e-01   2.2448526e-01   2.0583520e+00   3.2652071e-01   1.8090631e-01  -3.1409780e-02   1.1781926e+00   1.3425729e+00   2.1657107e+00  -3.4188807e-01   6.2268978e-01   4.7329913e-01
   2.0000000e+00   5.6855818e-01   2.4831620e+00   5.9448375e-01  -1.4790887e+00   2.3688892e+00   6.3556868e-01  -1.0302298e+00   1.7632640e+00  -7.3470814e-01   9.0766204e-01   6.2240494e-01  -2.4486013e-01   9.1127077e-01   3.1029310e-02  -1.3673641e+00   1.9245423e+00   6.1535248e-01   1.1206705e+00
   1.0000000e+00   6.9435717e-01   1.0397540e+00   4.2223613e-01  -6.6691767e-01   8.6418768e-01   1.6173510e-02  -1.1445641e-01  -9.4593899e-01   9.5518898e-01  -9.0767504e-01  -1.0237782e+00   1.6740379e+00  -4.4673225e-01   3.4963903e-01   9.9621016e-01  -7.0201710e-01   1.3922940e-01  -7.3057493e-01
   2.0000000e+00   1.9107142e+00  -7.4052211e-01  -3.3976207e-01   8.8485309e-01   1.0741229e-01   1.3639294e+00   2.8146674e-01   4.1166626e-01  -2.3466608e-01  -2.5652337e-01  -1.3247518e+00  -1.2393567e+00   9.6989294e-01  -3.7894801e-01   3.1524292e-01   6.3019557e-01   1.0316201e+00  -7.3362943e-01
   2.0000000e+00   2.9837445e-01   6.8388460e-01   4.0506468e-01   2.3315149e-01   2.8231774e+00  -1.3067498e+00  -8.9062402e-01   1.1719196e+00  -3.3247465e-01  -2.8825813e-01   7.8197151e-02   1.3234596e-01   2.9288694e-01  -1.5057131e+00  -1.0432289e-01  -6.2046763e-01  -4.4262846e-01   1.7662032e+00
   1.0000000e+00  -1.3534122e+00   8.7801431e-01   3.3890064e-01   2.4619644e-01   6.1846904e-02   1.3948330e+00  -5.5197509e-02  -3.0264977e-03  -6.1913020e-01   7.5615141e-01  -1.2238938e+00   7.3927447e-01  -6.1733680e-01   3.6341453e-01   1.0374419e+00   1.2858754e-01  -8.6462821e-01   8.1195882e-01
   2.0000000e+00  -7.2212731e-01  -5.1208624e-01  -1.2219135e+00  -3.4786352e-01   1.5594978e+00   7.9867744e-03  -2.3998030e-01   1.9028824e-01  -1.1445915e+00   1.0856107e+00  -3.6587555e-01   1.5273837e+00  -1.0991423e-01  -5.3305945e-01   1.5636191e-01  -8.7227710e-01  -1.0755690e+00  -8.3917079e-01
   2.0000000e+00  -6.4093441e-01   4.7878061e-01  -3.0935574e-01   1.2068504e+00  -9.7285341e-01   8.0978713e-01  -4.2969132e-01   1.0146727e+00  -1.7784227e+00   4.6620094e-01  -1.1740214e+00  -4.2542784e-01   1.4136583e+00   2.1108155e+00  -5.7500967e-01  -8.7312853e-01   2.6507408e+00   1.0351850e+00
   2.0000000e+00  -1.0251092e+00  -1.4369708e+00   9.8989890e-01   1.6326407e+00   1.7050706e+00  -7.7380663e-01   1.2845359e+00  -4.6038990e-01  -3.0841181e-01   1.8820250e+00   4.8750156e-01  -5.6488735e-01  -6.6863532e-02  -1.6918463e-02  -6.3980703e-01   8.6736276e-01  -1.4072775e+00  -2.2398432e-01
   1.0000000e+00  -6.1881079e-01  -8.6698197e-01   3.3960463e-01  -6.8206188e-01   1.7701946e-01  -1.9275031e+00   4.4364931e-01  -1.4275777e+00  -1.8092984e+00   3.7117512e-01   7.7638361e-01   1.0139914e-01   7.9905674e-02  -7.0607120e-01  -3.0577877e-01  -2.2716116e-03  -9.7268682e-01   8.3037848e-01
   1.0000000e+00   1.3854786e-01   3.2276639e-02  -1.5779515e+00  -5.9497313e-01   5.5984832e-01   1.1146676e+00   1.1410134e+00  -1.5142556e+00   2.3370210e-02  -5.0837920e-01   1.2797939e-01  -1.7041265e+00  -3.5950506e-01   6.2530101e-03  -4.8805648e-01   1.2047735e+00  -3.2991149e-01  -1.5430871e+00
   2.0000000e+00  -1.6017732e+00  -6.4510177e-01  -4.0639738e-01  -2.3679855e+00  -1.7095201e+00   8.7083272e-01   2.5943558e+00   2.2381494e-02  -1.6034804e-01  -1.9579818e-01  -1.0714575e+00   7.2746696e-01  -1.4095560e+00  -1.0031636e+00   2.7033893e-01   8.8024728e-01   4.7939450e-01  -1.4527307e+00
   2.0000000e+00  -5.3440958e-01   1.9384561e+00  -5.8255706e-01   3.5391936e-01   8.8789407e-01   5.7713783e-01   1.6899338e+00  -4.9727678e-01  -1.2023156e+00  -1.0705203e+00  -1.0084032e+00   1.2402574e+00  -4.4408411e-02  -2.0545193e-01   3.1608094e-01   1.0411189e+00   1.0541487e+00  -1.0836646e+00
   2.0000000e+00   1.6417200e-01   8.5025011e-02  -2.0235777e-01   1.5897988e+00   1.2368451e+00   1.0243220e+00   6.7508079e-01  -1.6993740e+00   1.3870262e+00   5.2332651e-01   3.0846410e-01   9.5425544e-01  -2.0182781e-01   6.1197784e-02   7.4888671e-01   7.2762460e-01   3.1189574e-01   1.6400879e-01
   2.0000000e+00  -1.0052138e-01   1.2296895e+00   1.4553704e+00   1.0704367e+00  -1.0937845e+00   1.2885083e+00   7.6179296e-01  -1.3352586e+00   1.1394423e+00   1.5501821e+00  -2.6563539e-01   1.7436452e+00   8.1484287e-01  -2.5443656e-01   6.3898348e-01   1.4689987e+00  -9.3609239e-01  -4.3478449e-01
   2.0000000e+00  -2.6003366e-01  -1.1442932e+00   1.2665558e+00  -4.6362682e-02  -1.6075291e+00   1.0571732e+00   6.2322768e-01   7.0797930e-02  -5.6973222e-01  -1.0333471e+00  -5.9397136e-02   1.8837806e+00  -5.8082199e-01  -1.3320807e+00   2.0433067e-01  -1.9845919e+00   2.0303266e-01   9.6769257e-01
   2.0000000e+00   2.2455914e-01   7.6354865e-01   1.0176495e+00  -1.0085025e+00  -8.2210642e-01   1.1173106e+00  -5.9393320e-01   7.6128679e-01  -1.5072908e+00   1.2360497e+00  -8.9650337e-01  -2.5385046e-01  -3.2624908e-01  -1.9941373e-01   4.5890207e-02   7.3355081e-02  -1.0911354e+00  -1.2584368e+00
   2.0000000e+00   5.4728914e-01   3.1148000e-01   1.5296775e+00  -4.9608429e-01  -9.1180893e-01  -1.4390914e-01  -6.2968920e-01  -2.3468446e-01  -1.2389883e+00   1.1211381e-01  -5.7831418e-01   1.2989603e-01   2.2156168e+00   6.9861017e-01  -7.6906858e-01   8.5827454e-01   4.0898019e-01  -3.2068062e-02
   2.0000000e+00  -1.9110841e-01  -5.5743915e-01   1.0352278e+00  -3.0332426e-04  -5.1307366e-02   1.0554062e+00   4.8488140e-01  -4.6864606e-01   2.0210994e+00  -1.6736531e+00  -1.2742664e-01  -5.2224270e-01   2.3325749e+00   1.4941116e-01  -1.6607110e+00  -9.6422497e-01  -1.4020610e+00  -1.5223200e-01
   2.0000000e+00   1.7826721e+00  -1.1672475e+00  -1.1908837e-01   1.2819221e+00  -1.9966830e-01   1.2828363e+00   1.4581273e+00  -5.9336383e-01   1.2491986e+00  -3.7870895e-01  -1.4909481e+00   1.7037562e-01   1.1885331e+00   5.3403961e-01   6.6989729e-01   4.6876100e-01  -7.6755707e-01  -1.3750106e+00
   2.0000000e+00  -3.0869595e-01  -6.7214693e-01   6.4674987e-02   6.0532689e-02  -8.9741828e-01  -1.5104764e+00   1.3827686e+00  -3.5535156e-01   8.8670901e-01   4.0602010e-01   4.2098822e-02   1.5565820e-01  -3.6971393e-01   1.4325827e+00  -1.1753472e+00  -4.6170156e-01   2.0581319e-01  -4.1770264e-01
   2.0000000e+00   1.1828873e+00   5.1269279e-01   2.3589874e-03   9.0972026e-01  -7.7820295e-01   8.0544726e-01  -1.6854527e+00   7.4178243e-01   4.8390126e-01  -1.4155270e+00  -1.1731970e+00  -3.1724342e-01  -3.6420912e-01  -2.4595792e+00  -9.9516381e-01  -2.5684678e-01   7.7607060e-01  -1.1376286e-01
   2.0000000e+00   1.1739513e+00   1.6162769e+00  -5.0671656e-01  -1.7898731e+00  -6.2748664e-01  -3.4789310e-01   2.2212385e+00  -1.5560046e+00  -3.0288053e+00   6.7633437e-01   8.0080384e-02   3.7969000e-02   2.1062008e+00   2.2074311e+00   1.2681108e+00  -5.8039530e-01   4.0004206e-01   1.7360856e+00
   2.0000000e+00   8.8689325e-01  -2.5921908e-02   9.9612746e-02   7.7972409e-01   8.6035034e-01   9.8273435e-01  -3.8416959e-01  -4.8881973e-01   4.0339000e-01   1.3928919e+00   1.1930524e+00  -5.8356185e-01   6.3280660e-01   6.8914066e-01   6.7373364e-01  -5.2432559e-02  -5.5996247e-01  -1.5518282e+00
   1.0000000e+00  -3.0544980e-01   8.3883992e-01   1.8099497e+00   1.3042440e-01   8.1575619e-01  -1.3691186e+00  -2.7968805e-01  -1.8978541e+00  -3.6476157e-01  -8.7270213e-01  -5.9249834e-01  -4.0173016e-01  -8.9375501e-02  -1.3074461e-01  -1.3510521e+00   1.1781510e+00  -6.4704780e-02   2.7226387e-01
   2.0000000e+00  -9.7202088e-01   7.3726610e-02   1.0263360e+00  -6.5715206e-01  -1.2032461e-01  -3.7484624e-01  -8.5521615e-01  -6.3055592e-01   2.0177109e+00  -9.7179118e-01   1.9416087e-01  -1.7158847e+00   2.6672456e-01   7.5041489e-01   6.7377276e-01  -2.8147573e-01  -5.2082828e-01   7.7539385e-01
   2.0000000e+00  -1.5353784e+00   1.1325487e-01  -1.4225612e+00   7.6811781e-01  -1.4259970e-01   3.9709055e-01  -1.2541404e+00  -7.1566133e-01   3.3952789e-01   9.3163774e-01   1.4060078e+00   7.0791104e-01   1.5455609e+00  -8.2913311e-01  -1.0408727e+00  -1.4692651e-01   6.2854453e-01  -1.3635067e+00
   2.0000000e+00   1.1697546e-01  -6.6821315e-01  -3.7450715e-01  -1.0310708e+00   1.4644140e+00  -7.4923953e-01   9.6159588e-01   1.1509064e-01  -8.3594549e-01  -1.3968214e+00  -4.9252308e-01  -5.7604954e-01  -1.4173972e+00  -1.0110539e+00   6.6196370e-01   1.0696687e-02  -7.4917430e-01  -1.9213109e+00
   2.0000000e+00  -4.1193970e-01   3.7462323e-01  -1.6071330e+00  -6.3239464e-01   1.0172822e+00   1.0692248e+00   8.4436805e-01   6.2868097e-01  -1.1503881e-01  -3.4690448e-01  -9.3027979e-01  -1.7698943e+00  -6.0967249e-01  -1.7942903e-01  -6.6065844e-01   3.3264905e-01   6.6833638e-01  -1.1638536e+00
   2.0000000e+00  -2.8474819e-01   6.0923256e-01  -6.2969660e-02   9.3369715e-01  -1.7553895e-01   1.4747651e+00   8.1959172e-01   7.9117078e-01  -6.5344815e-01  -5.4493077e-01  -1.6125097e-01   1.7277805e+00   5.6680295e-02  -2.4573217e-01   1.0543915e-01   2.7860691e-01  -1.1036760e+00  -1.6944987e-01
   2.0000000e+00  -1.0229167e+00  -5.3688253e-01  -3.0087449e-01   1.3757330e-01  -8.9083344e-01   1.1423438e+00   1.7630868e+00  -1.9017229e+00  -5.7462509e-01   1.2534746e+00  -1.5818669e-01   7.5701299e-01  -1.9879159e+00  -3.4699312e-01   7.9133880e-01  -7.5283511e-01  -5.2432809e-01   4.4899371e-01
   1.0000000e+00   1.1511749e+00   1.2031199e+00   5.7158280e-01   2.2640180e-01   6.3687911e-01  -7.8262626e-01   4.5924338e-01  -1.4496778e+00   8.0786928e-01   1.3055867e-01   1.2950812e+00  -2.3577858e+00  -2.5539943e-01   1.0627982e+00  -1.1321734e+00   2.3012595e-01   6.9627268e-01  -3.6503632e-01
   2.0000000e+00  -6.1402751e-01  -1.0424103e+00  -4.2737033e-03   1.3004580e+00   8.4909106e-01  -7.9900047e-01  -5.9669937e-01   1.5191862e+00   2.3860866e-01  -2.6440992e-01  -3.9621196e-01  -9.6990973e-01  -9.8111983e-01  -1.0484425e+00   2.6766544e+00  -2.0969655e+00  -5.8545216e-01  -1.3927171e+00
   2.0000000e+00   2.7980670e-01  -1.0443120e+00   2.1525353e+00   6.2488875e-01  -1.2978569e-01  -4.6325346e-01  -7.8927622e-01   8.3784531e-01  -4.3814040e-01   4.7446251e-01  -4.2157222e-01  -5.2971738e-01  -8.9796749e-02   1.4365747e+00  -1.0890642e+00   1.3053316e-01  -2.0430484e-01  -6.4904580e-01
   2.0000000e+00  -5.9747497e-01   1.9786351e+00  -7.3157102e-01   1.6926378e+00   4.1966139e-01   3.2182072e-01   5.2323303e-01  -1.7693579e-01   1.5962283e-01   3.0159340e-01   6.3650670e-01  -1.0437238e+00   1.1266328e+00   1.4778206e+00  -6.7725022e-01  -1.2533759e+00   1.9040432e+00  -6.9208089e-01
   2.0000000e+00  -9.5552889e-01  -1.0597379e+00   3.0713234e+00  -1.0075336e+00  -2.8188224e-01   2.0918262e-02  -1.0494211e+00   1.2870535e+00  -6.9301380e-01   2.2664489e+00   1.2373462e+00   3.9977646e-01   1.4572187e+00   1.3862180e-01   1.0377151e+00   8.9502622e-01  -2.9009740e-01   1.5175597e+00
   2.0000000e+00  -8.0030219e-01   3.9888722e-01   1.1678100e+00  -6.9454566e-01  -1.1541887e-01   5.3198221e-01   5.1734344e-02  -1.0491439e-01   1.5522475e+00  -6.3526719e-01   2.5061307e-01   2.4410705e-01  -9.3055587e-01  -4.1486452e-01  -8.2509143e-02  -5.0199703e-02  -3.9808409e-02  -4.9775984e-01
   2.0000000e+00  -8.1344033e-01   2.6070341e-01  -1.3633699e+00  -9.4035136e-01   2.7468530e+00   2.0343093e+00  -1.6194181e+00   2.1636137e+00   3.9328286e-01  -2.6979345e-01  -6.7854482e-01  -1.0746011e+00  -1.4320118e+00   1.5227922e+00  -3.6339883e-01   4.2807149e-01  -4.4633693e-01  -1.3216420e+00
   2.0000000e+00  -7.6774128e-01   2.0348314e-01  -1.5389878e+00  -3.3819345e-01   5.2807081e-01  -4.0270433e-01  -1.0994241e+00   6.3614305e-02   2.0172912e+00  -3.2793422e-01   5.2385747e-01   1.6207359e-01   3.3208639e-01   1.8338721e-01  -1.1686657e+00  -2.7087189e-01   1.0351480e+00  -1.5579326e-01
   2.0000000e+00   3.9204120e-01   1.6196820e+00   2.0808100e-01  -4.5013914e-01  -1.3727443e-01  -6.0808815e-01   1.2837579e+00  -7.6067320e-01   1.3823298e+00  -2.2421243e-01  -9.9088460e-01  -1.6062573e+00   4.4467154e-01   7.2767661e-02   6.8916680e-01  -8.8720282e-01  -1.5244988e-01  -2.0748029e-02
   1.0000000e+00   8.0254816e-02  -6.3448962e-01   1.6810902e+00  -1.6270531e+00   5.5119562e-01  -4.1493878e-01  -9.0945951e-01  -1.8036441e-01  -1.4339277e+00   2.7822065e-01   5.3730210e-01   7.7428057e-02  -1.8862920e+00   4.7621796e-01  -3.2510477e-01  -3.6021117e-02  -2.0727326e-01  -4.4732791e-01
   2.0000000e+00  -1.0296109e+00  -1.0174785e+00   2.3089658e+00   9.8819656e-01  -2.4915792e-01  -3.8661050e-01   1.1049955e+00  -8.4883657e-01  -3.3841477e-01   7.4591457e-02  -1.6521374e+00   6.9352116e-02  -9.0008936e-01   4.7917935e-01  -5.7417391e-01  -1.5115774e+00  -7.7082097e-01  -1.2568177e-02
   2.0000000e+00   2.9551202e-01   7.0815879e-01  -1.5333217e-01  -2.3796304e-01   1.5059876e+00  -5.9674726e-01   1.0223479e+00   3.4014168e-01  -8.0079248e-01   1.0363890e+00   7.6418652e-01  -3.5119639e-01  -1.0105596e+00   2.0339954e-01   5.8923951e-01   9.1372118e-01  -2.0398550e+00  -2.1537628e+00
   2.0000000e+00  -1.6474902e+00   5.2806311e-01  -3.8228830e-01   2.6029007e-01  -8.1358993e-01   7.7503581e-01  -1.3942169e+00   2.6813791e+00   1.6897669e+00  -2.7954825e+00   6.9912996e-01  -3.0499141e+00  -8.3673708e-01   3.9789130e-01  -1.2914661e+00   4.9763612e-01  -6.3933280e-02   2.7928460e-01
   1.0000000e+00  -1.4631782e+00   1.4629571e-01  -1.2885064e+00  -2.1408298e+00   7.3063187e-01  -1.1688929e-02   2.2082865e+00  -1.5069528e+00   5.1104261e-02  -2.9366982e-01   6.3399417e-02   1.2508855e+00   2.1254775e-01  -5.1077211e-01  -1.6244910e+00   7.4855302e-01   4.4494160e-01  -2.9581020e-01
   2.0000000e+00   4.3523757e-01   7.2624831e-01  -1.1539246e+00   1.2244977e+00   2.2852619e+00   8.0700964e-02   1.5911073e+00  -2.9304179e-02   1.8712285e+00   1.7960430e+00   1.8857484e+00  -3.6697752e-01  -1.8623734e+00   2.4029915e+00   2.0763109e-01  -1.5555070e+00   2.6884347e-01   7.3634443e-01
   1.0000000e+00  -8.6046328e-01  -8.4947845e-01   1.0898612e+00  -3.1489100e-01   6.1483778e-01  -3.5168349e-01   1.9285679e+00  -4.6711663e-01   4.3807844e-01  -1.6459651e+00  -2.1884602e-01   8.2125311e-01  -9.4665063e-01   1.2281081e+00   3.2252611e-01   1.6520291e+00  -1.7105347e-01   9.5131202e-01
   2.0000000e+00   7.1358905e-01  -4.3703112e-01   2.8057085e-01   5.6150050e-01  -8.7102421e-01  -3.7362677e-01   1.4367480e-02   2.3270494e-01   3.4946780e-01   1.6987730e-01   4.9988686e-03  -5.1390721e-01  -1.5052471e+00   2.2966336e+00   5.7033676e-01  -1.6849809e-01  -5.2794140e-01   7.9453480e-01
   2.0000000e+00  -3.8424456e-02  -2.2832854e+00   9.2995961e-02  -9.1187623e-01  -4.8537748e-01   5.4050601e-01   6.1955438e-01  -6.2396929e-02   5.6374541e-01   3.9554269e-01  -8.3006101e-01   1.3985423e+00   1.2141269e+00   4.3221102e-01  -5.6694562e-02   1.3006131e+00   6.9823085e-01   1.4634237e+00
   2.0000000e+00  -7.6620800e-01  -5.4564149e-01   2.4166597e+00  -6.9651149e-01  -1.4315799e+00  -1.7440696e+00  -3.3268980e-01   9.5890789e-01   1.1235860e+00   8.4746592e-01  -1.1908248e+00  -1.3527789e-01  -8.2461881e-01   1.0066818e+00   1.0586990e+00  -1.9226904e+00  -4.8031997e-01  -1.6123608e+00
   2.0000000e+00  -7.2340619e-01   1.3610570e-02   5.6564810e-01  -7.8747088e-01  -2.4492681e+00  -9.5043831e-01  -7.7187299e-01  -3.0110857e+00   2.8490298e-01  -1.2098182e+00  -6.1489611e-02  -1.7560758e+00  -1.2395308e+00   2.8467918e+00  -1.1169978e+00   1.5577045e-01   3.5617730e-01   9.1825090e-01
   2.0000000e+00  -4.2677066e-01   2.2347338e+00   4.2304853e-01   1.1906929e+00   8.2316143e-01   1.2021615e+00   1.5223139e-01  -2.1516951e-01  -1.3938662e-01  -2.5972081e-01   1.1803918e+00   1.1797566e+00  -1.9782895e-01   5.6990851e-01   9.9356331e-03   9.8633704e-01   1.3540875e+00   2.2656015e+00
   2.0000000e+00  -9.3873883e-01   1.3728955e+00  -8.2970382e-01   3.2472615e-01  -8.1274509e-01   8.1881472e-01   2.4780812e+00   5.6578978e-02   4.1494304e-01   3.9862219e-01   1.2403555e+00   5.3806083e-01  -1.1548175e+00  -1.2756772e+00   3.2842758e-01   2.5486015e+00  -9.8936558e-01  -4.5663707e-01
   1.0000000e+00  -2.5641116e-01  -2.2313066e-01   9.5832728e-01   2.3640554e-01   4.1308265e-01   1.9794539e-01  -1.9134507e+00   4.6424204e-01   2.9427137e-01  -1.0079631e+00  -2.0706315e+00   1.4027644e+00   1.9040146e+00   7.0141261e-01   1.1267981e+00  -5.8469873e-01  -3.0005226e-02  -4.7864985e-01
   2.0000000e+00   1.9646454e-01  -3.5598677e-01  -2.8642054e-01  -3.1099871e-01  -4.1113390e-01   1.4724543e+00   9.6640486e-01  -1.4523995e+00  -5.0789129e-01  -1.3018917e+00  -1.5942180e-02  -9.7905526e-01   6.7460855e-02   2.0850343e+00   3.2792227e-01   1.6511183e-01  -2.0328269e+00  -1.7295993e-01
   1.0000000e+00  -1.0179849e-02  -6.8519580e-01  -1.2315248e+00  -1.0241899e+00   4.1243482e-01  -5.0306452e-02   3.5170639e-01   6.9583448e-01   5.7765504e-01   5.4949017e-01  -8.4194769e-01   2.0511227e+00   6.0451247e-01  -1.2838203e+00  -4.9044980e-01   7.9677116e-01  -3.3509405e-01  -3.5677505e-01
   1.0000000e+00   7.0689270e-01  -1.1700497e+00   6.8565696e-01   1.1251186e+00   7.9775153e-01   1.4307737e-02  -1.3999878e+00   5.1097543e-01  -2.2556626e-01  -1.6094117e-01  -4.0547243e-01  -1.2649731e+00  -2.3849080e-01  -1.2365972e+00   4.4908977e-02   6.0667492e-01  -4.5669839e-01  -1.2833704e-01
   2.0000000e+00   3.8285802e-01   9.2658389e-01   6.2270756e-01   7.0262598e-01  -6.1831078e-03   1.6844001e+00   1.0684365e+00  -5.3660690e-01   7.7608934e-01   9.7053807e-01   8.2482535e-01  -2.5553831e+00  -1.2780283e+00  -1.2758123e+00   3.9729997e-01   2.2224184e+00   8.8120035e-01  -1.4293038e+00
   1.0000000e+00   1.4640372e-02  -5.0018588e-01  -1.7378110e+00  -6.9075706e-01   3.9313762e-01  -8.4279659e-01  -1.6942946e+00   3.1124079e+00  -1.7995430e-01   6.0491780e-01  -6.1541856e-01  -3.4796347e-01  -4.7921341e-01  -2.0262798e+00   1.4240332e-01   1.0715233e+00   2.0574537e-01  -1.3403483e+00
   2.0000000e+00   1.4691473e-01   1.7147223e-01  -4.4267737e-02   2.2135278e-02   1.2652441e+00   2.1391418e-01   2.4718918e+00  -9.7724245e-02  -8.2792687e-01  -1.5885707e-02  -6.8959176e-01   9.8336200e-02  -9.5405041e-01  -1.6219901e-01  -3.5131757e-01   1.0253556e+00  -4.2207572e-01  -6.7838283e-01
   2.0000000e+00   8.1819521e-01  -5.7726100e-01  -1.5547106e-01   7.4370020e-01  -1.9167499e+00  -1.0004965e+00  -1.8680696e-01  -8.5141888e-01   1.8392410e+00  -1.1554608e+00  -4.5694042e-01  -1.7060186e-02  -1.9419245e-01   1.2144607e+00   3.7173150e-01  -7.6241547e-02  -1.6911449e+00   5.8282215e-01
   2.0000000e+00  -8.0154972e-01   1.5063083e+00   4.9970377e-02   1.1952214e+00  -1.1965361e+00  -1.4465311e+00   6.1740639e-01   6.2742659e-01   6.2342134e-01   1.0745488e+00   6.3742126e-01  -1.3038522e+00   1.7990442e+00  -1.3973586e+00   5.9191012e-01  -1.3855474e-01  -1.6879945e+00   8.8703523e-01
   1.0000000e+00   1.1192318e+00   1.1869513e+00   3.4663582e-01  -4.7208247e-01   3.4098439e-01   9.6452448e-01   8.8059020e-01  -3.5681159e-01   3.8488236e-01   5.0207082e-01   9.5717644e-01   6.2000090e-01  -2.3762031e+00   2.6193075e+00   9.6239738e-01   4.3715687e-01  -5.2922296e-01   1.2249724e+00
   2.0000000e+00   2.9673586e+00   1.5496557e-01   4.2981750e-01   5.6750810e-02   5.7543644e-01   1.1874390e-01   5.6376085e-01   1.1536629e+00  -2.1933080e-01   7.4876331e-01   4.0485652e-01   7.4833947e-01  -9.7516304e-02  -8.0043802e-01   1.7854328e+00   2.4811030e-01  -8.2551696e-01   4.0026474e-01
   2.0000000e+00   2.0060871e-01  -9.8015772e-01  -7.8363600e-01  -1.6252807e-01   8.3060311e-01  -1.1304855e+00   2.0432979e+00   5.1464741e-01  -1.6739482e+00   3.5242252e-01   9.9327699e-01   1.5801482e-01  -6.0331337e-01   6.8076184e-01  -4.9899936e-01   5.9786977e-01   8.0028531e-01   1.0276077e+00
   2.0000000e+00  -9.0442663e-02  -5.5370552e-02   8.6433108e-01  -2.0947653e+00  -3.9789617e-01  -2.4570092e+00   6.9196886e-01   2.1647910e+00   2.5269590e+00   3.2337291e-01   6.3715901e-01   8.9022715e-01   1.5704823e+00   9.0973198e-01   1.3515031e+00  -6.4814288e-02   1.7950196e+00  -1.8576144e+00
   2.0000000e+00   4.5214497e-01   2.2547490e-01  -4.6422966e-01   1.9652973e+00   1.5702660e+00  -3.6422769e-01   1.8734685e-01  -1.8243287e-01  -1.0585193e+00  -4.6628959e-01   6.1133887e-01  -6.4126323e-01  -8.4128049e-01  -4.5315437e-01  -1.6214669e-01   5.2291618e-01   7.3216964e-01   5.7979433e-01
   2.0000000e+00   1.5103319e+00   4.3283742e-01   4.1434376e-01  -6.2836948e-01   1.2796409e+00   4.1789367e-01   3.6717184e-01   2.4386681e-01  -1.5719990e+00  -1.5066449e+00  -1.1848856e+00  -1.6447731e+00   1.6432402e+00  -1.4039696e+00  -1.8783517e+00   9.5398478e-01  -4.0120580e-01   9.4550419e-02
   2.0000000e+00   5.3485778e-01   3.9384841e-01  -9.8766042e-01   3.2452799e-01   4.1477295e-02   1.7937961e-01  -1.1223417e+00  -6.6705034e-01  -3.2854168e-01   7.7720941e-01   1.9736575e-01   5.9030180e-01  -8.6355392e-01  -9.6462255e-01  -1.1710665e-01   6.6958085e-01   6.8701388e-01  -2.2921964e+00
   2.0000000e+00  -2.5222097e-01  -1.4287448e+00   1.7334600e-01   2.4822433e-01   1.0809399e+00   1.5230417e+00   6.7554686e-01  -2.1245048e-01  -1.2465194e-01   8.8655751e-01  -1.4366508e+00  -1.2121939e+00  -6.5775849e-01   8.9808738e-02  -4.9697666e-01  -2.2341677e-01  -5.1814781e-01   1.5048413e+00
   2.0000000e+00  -7.5374495e-01   1.3846597e+00  -7.7374731e-01   7.6773054e-01   2.4505137e-01  -2.0092246e+00  -3.3546316e-01   3.4893781e-01  -4.6379800e-02  -6.0978308e-01   7.9716203e-01   1.1111865e+00   5.9091174e-01  -1.8687409e+00  -1.2317131e+00  -1.4901445e-02  -1.3558661e+00   1.5180685e+00
   2.0000000e+00  -7.1658964e-01   1.8136643e+00   1.3241457e+00  -2.4231169e-01  -5.7430278e-01   2.4575676e-01   6.5083043e-01   8.5680940e-01   3.1358102e-01  -4.6537853e-01  -8.7398325e-01   2.1303642e-01   1.4358152e+00   9.3272824e-01  -1.1737107e+00   3.1134977e-01   7.8664265e-01  -1.5713132e+00
   2.0000000e+00   1.5366713e+00   9.0817328e-01   7.7239797e-01  -1.3210688e+00  -1.1535656e+00  -6.5793946e-01  -5.2682074e-01  -4.6949205e-01  -2.5505495e-01  -7.7310770e-01   9.7418770e-01   9.6209848e-01   2.7442871e-01   1.1867402e+00   7.8966945e-01  -4.2971114e-02  -7.9121517e-01  -8.0854448e-02
   2.0000000e+00   8.4242475e-01  -1.6241237e-02   4.9312488e-01  -2.8761902e-02  -3.2766653e-01  -8.7369569e-01  -4.7374927e-01   7.9166869e-01  -1.2414758e+00  -1.0649271e+00  -1.7095553e+00  -6.9939668e-01  -5.4359882e-02  -4.1267996e-01  -1.2913525e+00   1.2225757e+00   2.7537280e-02  -1.0151989e+00
   2.0000000e+00   8.0154483e-02   4.4444754e-01   5.7531444e-01  -1.0217458e+00  -1.5518084e+00  -3.3992333e-02  -1.2970087e+00   1.0933590e-01   1.3564810e+00  -6.7049981e-01  -4.9126468e-01  -7.5717449e-01   1.9230376e+00   7.3779525e-01   5.4996633e-01   9.0138614e-01   2.0706088e-03  -9.8390176e-01
   2.0000000e+00  -4.9790198e-01   2.2596799e-01  -1.9096846e+00  -3.5160868e-01  -1.0188671e+00   5.6223261e-01  -4.9797322e-01   2.6324400e-01  -1.7855023e+00   9.1820773e-01   1.8893336e+00  -1.6784032e+00   1.5068980e+00  -9.9001761e-01  -1.4818433e+00  -7.1293671e-01  -4.8318908e-01   3.7635188e+00
   2.0000000e+00  -3.9616812e-01  -1.1894333e+00   8.2957513e-01   2.6548499e-02  -4.1319624e-01   2.8003673e-01   1.5372178e-01   2.4012607e-01   1.5152194e+00   1.0087939e+00  -2.0285236e+00   1.2444466e+00  -4.2406413e-01   2.5265099e+00  -8.0352621e-01  -4.7556425e-01  -5.3165607e-01  -4.4907640e-01
   2.0000000e+00  -1.6719834e+00  -2.4987752e+00   3.9592601e-01  -2.3061012e-01  -8.5034556e-01  -2.6262760e-01  -1.8475234e+00   8.2954304e-01   9.1093729e-01   1.2413668e+00  -1.7251408e+00  -3.5717080e-01  -2.9745580e-01  -1.0229795e+00   7.7529061e-01  -4.7619131e-01   2.1238978e+00  -1.2856430e+00
   2.0000000e+00   1.1865679e+00  -1.4752188e-01   5.1536171e-01  -6.5989421e-01  -6.2913453e-01   2.3948291e-01  -2.6724108e-01  -1.2168570e+00   1.7223784e+00   2.7779399e-02  -8.2178724e-01  -7.1207726e-01  -7.7292174e-01   1.5083025e+00   1.0748632e+00  -3.5728460e-01  -3.2013061e-01   1.3991100e+00
   2.0000000e+00  -2.2290753e-01  -1.3079232e+00   2.4415562e-01   1.9659121e+00  -7.6301492e-02  -1.2777710e+00   9.0300304e-01  -8.7555670e-01   5.6742364e-01   6.8355867e-01  -1.7877939e+00   6.6244666e-01  -1.9672887e-01  -1.4431292e+00  -1.7882088e+00  -1.5085539e+00  -8.5977455e-01  -1.2636993e+00
   2.0000000e+00   2.2498222e-02  -6.0020638e-01  -2.8817979e-02   5.9191748e-01  -8.8935190e-01   1.7960083e+00   8.4799825e-01   4.9554218e-01   6.1534637e-02  -8.2482828e-01   3.5780109e-01   8.6523797e-02   2.2345108e-01   8.5135973e-01  -5.2737269e-01   4.9407667e-01   7.0839696e-01   4.1364604e-01
   2.0000000e+00   1.2197539e+00   2.4067476e+00   1.2138360e+00  -1.0536303e-01   3.4514377e-01   1.9492472e+00   4.8216340e-01   1.4599809e+00   2.0084205e-01  -2.8542592e-02   4.0184382e-01   4.0738249e-01   4.0746859e-02  -1.1116651e+00   5.5760177e-01  -1.0296958e+00   7.2275460e-01   2.3621089e+00
   2.0000000e+00   3.9879064e-01   7.0028177e-01   4.2302850e-01   4.0716168e-01  -1.2228301e+00  -6.1198654e-01   2.1063974e-01   6.6209675e-01   2.5707269e-01   1.1178224e+00   4.6017750e-01   1.9535935e+00  -1.8580756e-01  -9.3611795e-02  -1.6158354e+00   1.3112883e-01   6.5830604e-01  -1.8418073e+00
   2.0000000e+00   7.9450190e-01   3.4198082e-02  -6.5700698e-02  -4.4800667e-01  -7.0385646e-02   4.5592558e-01   4.6872515e-01   8.9359451e-01   3.9188596e-01   6.4314250e-02  -1.4615070e-01  -2.2590693e+00  -9.7612037e-01  -6.6820282e-01   6.5973795e-01   1.3341635e+00  -2.2764520e-01  -5.6919976e-01
   2.0000000e+00  -6.2348580e-02   2.2465621e+00   2.7216507e-01   4.8142894e-01  -1.6603012e+00  -4.9065746e-01  -1.5162104e+00  -4.3324410e-01   9.7076756e-01  -6.4468523e-01   1.0375565e+00   7.0339308e-01   2.4119459e+00  -2.5199231e-01   3.9247048e-01  -1.2345115e+00  -3.5266911e-01  -2.3142358e+00
   2.0000000e+00   1.0811532e-01   8.7706159e-01  -9.9612306e-01   6.2354602e-01  -1.5684744e+00  -3.7235597e-01  -8.3695191e-02   1.6817929e-01   6.3853996e-01  -1.3180155e-01   1.5233659e+00  -1.0593126e+00   6.8679998e-01  -1.6113668e+00   1.0475645e+00  -2.2125825e+00   1.1136968e+00   1.7171896e+00
   2.0000000e+00   1.2450348e+00   7.4535282e-01  -1.1355719e-01  -2.7022848e-01   1.4414951e+00   3.5675409e-01  -6.1973488e-01  -2.9385442e-01  -1.3231710e+00   9.3464265e-01   4.9749935e-01   4.2798468e-02   1.1098168e+00  -7.1371229e-02  -6.5916090e-02  -9.7257964e-01   4.2057264e-01   7.6222158e-01
   2.0000000e+00  -1.7110868e+00   1.4187484e-01  -1.4798171e+00  -9.1134997e-01  -1.3396844e+00  -9.9721243e-01  -1.6541482e+00   6.1627990e-01   2.0639613e+00   1.1506641e+00  -6.6996607e-01  -1.3149427e+00   7.0820201e-02  -2.0680148e+00   2.0560446e+00   5.2863813e-01   3.5698036e-02  -8.9307792e-01
   2.0000000e+00   4.2722265e-01   2.5641875e-01   1.3922564e+00  -5.2702712e-01  -6.8001643e-01  -1.2159981e-01   1.1137804e+00   1.7972113e+00   7.0249020e-01   2.7008743e-01  -5.3294421e-01   1.6404727e-01  -2.4751866e-01   3.8313044e-01   4.1172635e-01   2.1383511e-01  -3.7963412e-01   2.0594113e+00
   2.0000000e+00   2.9083157e-01   5.3482418e-01   2.2061352e-01  -4.4611928e-02  -8.9983521e-02  -1.3638651e+00   3.2582272e-01   1.1782624e+00   6.8744332e-01   8.9239260e-01   4.9370964e-01  -8.5552561e-01   5.7869155e-01   2.5341395e+00   6.2936257e-01   1.3036945e+00  -2.8598737e-01  -4.9084121e-01
   2.0000000e+00   1.4476686e-01   4.1877787e-01   6.8290190e-01  -1.9538715e-01   1.0742718e-01  -7.6037726e-01  -7.0872340e-01   7.9200707e-02  -1.7010237e-01  -3.4736980e-01  -6.1757638e-01  -2.2297416e-01   4.3187575e-01   1.1795735e+00   1.2359809e+00   9.5549916e-01   2.6463893e+00   1.5173480e+00
   2.0000000e+00   7.1510522e-01   8.9762538e-01  -8.9627473e-01  -3.7995219e-01   1.1581157e+00   1.1745278e+00  -2.4067101e-01   1.6783102e-01   2.1281178e-01  -1.4284889e+00   8.1485293e-01  -7.6051951e-02  -3.6596863e-01   1.1835951e+00   1.6230290e+00  -5.2859070e-01   5.2542373e-01   8.7962144e-01
   2.0000000e+00  -3.4036618e-01  -1.4869707e+00   1.2000345e+00   5.2962400e-01   2.7982729e+00   1.4873022e+00  -1.0867115e+00  -6.3484494e-01   1.4817179e+00  -6.4809216e-02  -8.7290043e-01   6.3751197e-01   1.6248102e+00  -1.1037187e+00  -2.1710940e+00  -8.9397907e-01  -6.6550943e-01   4.7574698e-01
   2.0000000e+00   2.8602992e-01   1.6929123e+00  -3.0589784e-01   1.2254415e+00   7.6747956e-01  -4.5073492e-01  -1.4772371e+00   6.4976378e-01  -1.0597354e+00   3.9695232e-01   7.2109402e-01   9.0911682e-02   1.0276346e+00   4.8174527e-01  -1.1585658e+00  -4.8252640e-01  -1.6364894e+00  -7.1880370e-01
   2.0000000e+00  -4.5791179e-01  -4.5027152e-01  -1.4705516e+00  -2.7001343e+00  -3.0176231e-01  -1.0073336e+00  -3.4827354e-01   2.9770340e-01  -5.4986122e-01   1.2253892e+00  -3.0746745e-01   2.4688036e-01  -6.8338138e-01  -2.2853381e+00  -1.9312968e+00  -1.5546859e+00  -1.5400414e+00  -1.5111834e+00
   2.0000000e+00   1.9579072e-01   1.5674899e+00  -1.4558994e+00   7.9613910e-01   1.1189736e+00   5.5793040e-01  -4.8630665e-01  -1.0869671e+00  -2.4858508e+00   9.1815932e-01  -2.2815088e-01   1.0355425e+00   8.7331547e-01  -3.4777115e-01   1.9760720e-01  -2.2515264e+00   6.1869319e-01   5.2449615e-01
   2.0000000e+00   1.2380463e-01  -1.3579289e+00   6.0788570e-01   7.4708893e-01   8.6835854e-01  -4.6543474e-01   2.4420354e-01   1.0104822e+00   3.5639926e-01  -4.8321379e-01  -3.0437122e-01   1.1170686e+00   1.2372765e-01   1.1901071e+00  -1.9292422e-01   1.3829125e+00  -1.8294677e+00  -2.0577789e+00
   2.0000000e+00  -1.6208609e-01  -1.0965829e+00   6.0724896e-01   1.5359600e-02  -1.4418746e+00  -1.0793127e-02   1.5874553e+00  -1.1930913e+00   1.3970122e+00   1.2368368e+00   1.5478842e-02   6.8401846e-01  -1.0256388e+00   3.8887342e-01  -2.7062014e-01  -1.4906812e-01  -7.7176280e-01  -7.5781572e-01
   2.0000000e+00  -1.6366660e-01   2.8348079e-01  -7.0930789e-01   4.6835105e-01   3.6075201e-01   1.2009853e+00   2.6979077e-01  -9.9565328e-02   3.7502600e-01  -6.0345587e-01  -3.7871831e-01   2.7424298e-01  -3.9599266e-01   4.6649970e-01   6.4247892e-01   3.7043364e-01  -1.0557653e+00   1.8767704e+00
   2.0000000e+00  -6.0371448e-01   2.9411922e-02  -4.8838716e-01  -1.4131807e+00  -2.3109810e-01  -4.5971031e-01   1.4489648e+00  -1.6740672e-01  -1.9284135e+00   1.2030612e+00   8.6594398e-01   9.2433087e-01   1.4692449e-01   2.7701117e-01   4.8462827e-01  -2.3740747e-03   1.3004093e+00   3.2204164e-01
   2.0000000e+00  -1.1917668e-01  -1.0274932e+00  -2.9188046e-01   2.5848364e-01  -1.8524780e+00   8.5178002e-01  -8.6203849e-01  -5.2645781e-01  -1.6578355e+00   7.5460668e-01   8.6954595e-01   2.6601535e-01  -4.8235979e-01  -3.0186659e-01   8.7851096e-01   1.1734806e+00   5.3047955e-01   1.3126748e+00
   1.0000000e+00  -1.7336963e+00  -1.0918775e+00  -6.7500325e-01   1.1545698e+00   2.9815691e-01   1.8492557e+00   2.6139196e+00   1.2705059e+00  -9.9063875e-01   1.1545538e+00   9.3298753e-01   3.6618589e-01  -2.3882787e-01  -8.9471374e-01   3.7551639e-01  -1.0936575e+00  -2.6129869e-01   5.1997963e-01
   2.0000000e+00   1.0559339e-01   1.3976516e+00  -1.1131010e+00  -3.2983050e-01  -9.5996705e-01  -1.4788960e+00  -8.6563704e-03   2.0234052e-01  -9.8854364e-01   2.3852268e-01  -5.8899524e-01   5.7899682e-01   1.7847070e+00   1.8042887e+00  -4.9308087e-01  -7.5720782e-01   2.4975493e-01  -1.0783620e-01
   2.0000000e+00  -7.9250358e-01  -3.6133055e-01   1.5782179e-01   2.8341250e-01   1.6241019e+00   1.5370403e+00  -4.0209574e-01   6.4169604e-01  -3.7295097e-01   3.2858729e-01  -2.5445093e-02  -3.5899717e-02  -4.6213506e-01  -1.7673998e+00  -1.9890694e+00   6.8321671e-01   8.2473409e-01  -4.9067640e-02
   2.0000000e+00   1.0238269e+00  -1.5217410e-01   6.4104855e-01  -4.8016684e-01   6.5291357e-01  -1.0795307e+00   2.5188225e-01  -1.1272130e+00   4.2799526e-01  -4.8426071e-02  -5.6047168e-01   1.7998520e-01  -4.9438279e-01  -8.5011247e-01  -6.1006321e-01  -1.3685648e+00  -1.4368698e+00   3.2007368e-01
   2.0000000e+00  -8.6987017e-01   2.0028738e-01  -3.9043773e-01   3.4696962e-01   1.0965079e+00  -9.7922075e-01  -2.3645098e-01   2.1318855e-01  -4.5977211e-01  -5.8151752e-01   6.1823469e-01  -6.1494772e-01  -6.4243092e-01   6.2488252e-01  -2.1436854e+00  -5.6106224e-01   2.3588686e+00   1.4674607e-01
   1.0000000e+00  -2.3507717e-01   2.6015884e-01   7.8328041e-01   2.8811795e-01   8.9457163e-02  -7.7619316e-01   2.0370561e+00  -2.1867710e-02   6.8783514e-01  -7.2223982e-01   1.7164166e-01   4.0028186e-01   1.9660292e+00  -2.7570457e-01   1.8592755e-01   2.6348672e+00  -5.3203289e-01  -5.3022179e-01
   2.0000000e+00  -1.0736816e+00   9.5119798e-02  -2.1268715e+00  -7.2007917e-01   2.9707006e+00  -8.5698137e-01   7.8672790e-02  -1.3617544e+00  -4.5818430e-01  -1.6312313e+00   7.5249045e-01  -1.6027157e+00  -8.9681566e-01   1.0446721e+00  -6.8400867e-01   4.0346985e-01   1.9632592e+00  -1.7644177e-02
   2.0000000e+00  -1.0502841e-01   1.2709269e+00   5.0559088e-01  -9.8163039e-01  -1.3894070e+00   8.0083684e-01  -1.2824350e+00   1.7516232e+00  -3.2720715e-01  -9.0796917e-01  -3.6000330e-01  -1.2612406e+00   1.2852852e+00  -1.0607123e+00  -1.2130386e-03  -9.3723363e-01   7.3497707e-01  -1.6859686e-01
   2.0000000e+00  -6.1634694e-01  -5.1843238e-01  -1.3029980e+00  -3.3079405e-01   2.5842254e-01  -2.2721449e-01  -1.9618619e+00  -4.2495970e-01  -7.9377126e-01  -2.7306055e-01  -6.5660850e-01  -6.5443230e-01   6.9428983e-01   1.2958895e-01  -6.4698200e-01  -1.3991315e+00  -1.4517518e+00  -2.0640607e-01
   2.0000000e+00  -8.7266899e-01  -2.6671339e-01  -1.4551497e+00   1.5785628e-01   6.3716612e-01  -2.0589719e+00  -5.1504594e-01   7.7853285e-01  -3.6277846e-01  -1.7977028e+00  -4.7073885e-01   2.4048089e-01   2.9561517e-01   1.1036244e+00  -5.9325716e-01  -2.3010520e-01   2.0404817e+00  -1.0069542e+00
   1.0000000e+00   3.7454488e-01  -2.7152502e+00  -2.0498102e+00   4.6594419e-01   2.5076552e-01   3.6315269e-01  -1.3106334e+00  -5.7997495e-02   1.3582258e+00   2.6796271e-01  -2.0506165e-02  -2.0604670e+00   2.1367753e-02   2.8170958e-01   1.9162050e+00   5.4720559e-01   8.1851915e-01   2.1265218e-01
   2.0000000e+00   1.6344375e+00  -7.9762433e-01   1.9820761e+00  -5.0022618e-02  -6.5571374e-02  -1.0568433e-01   1.1163985e+00   2.5656683e+00  -6.1751548e-01  -4.2501674e-01  -2.4556341e-02  -2.0156933e-01  -1.4752953e+00   1.3203881e+00  -1.7648082e-01   1.2513400e+00  -2.5424923e+00  -1.2043160e+00
   2.0000000e+00  -5.6555433e-01   1.1382543e-01  -2.3919027e-01   1.5774942e+00   1.2057383e+00  -2.3573060e-01   1.3386147e+00   5.7402445e-01   2.9439955e-01   3.0936712e-01   2.8133529e+00   1.3468747e+00   1.0986517e-01  -6.4516413e-04  -7.0835189e-01   5.4137035e-01  -2.4886304e-01   1.6679985e+00
   2.0000000e+00  -7.5203289e-01  -1.7328510e-02  -8.9340650e-01  -1.1236901e+00  -1.2697070e+00   3.1303914e-01  -2.9218605e-02   9.3622099e-03  -3.2927648e-01  -2.2044739e-01  -1.1163491e-01   2.5258710e+00  -1.3583850e+00  -1.0307511e+00  -3.7298141e-01  -4.6963979e-01  -4.2734300e-01   1.4728042e+00
   2.0000000e+00  -7.0943316e-02   1.6646653e+00   3.2889562e-01  -8.1162570e-01  -4.8916961e-01  -1.8698967e+00  -1.3293762e+00   1.0689271e+00  -2.8746040e-01   1.6769753e+00   1.8662075e-01  -3.3862182e+00   5.1939106e-01  -4.4050991e-01   1.3528922e-01   1.7509552e-01  -1.8318935e+00   6.4986747e-01
   2.0000000e+00   2.6760436e-01   2.5861141e+00  -1.1254079e+00   6.8509700e-01   1.5817828e+00   2.0331592e-01   1.3204433e-01  -9.8603184e-03   1.5999115e+00   1.2805072e+00   1.0487903e+00  -9.4767431e-01   3.0904555e-01  -1.1920569e+00  -3.4315401e-01  -9.4524903e-01  -2.8133938e-01  -3.4352604e-03
   2.0000000e+00   4.3252753e-01   7.2074831e-01  -7.5076444e-01  -9.7009236e-01  -6.9076586e-01   7.5865365e-01   2.7574878e-01  -5.9270850e-03  -1.4182056e+00   2.3530139e+00   3.1220129e-01  -5.7021654e-01  -5.6583593e-01   8.1504855e-01  -6.6094472e-01  -1.4299212e+00  -4.3635019e-01  -8.7244087e-01
   1.0000000e+00  -8.9978301e-01  -1.2867031e+00  -1.0597356e+00   6.7139456e-01   8.4354193e-01   3.7046563e-01   7.1296626e-01   7.5968392e-02  -1.7810587e-01   1.2467146e+00   5.8001582e-01   7.8837872e-01  -1.8281277e+00  -1.5644386e+00  -6.0381335e-01  -2.3239997e-01  -3.4879220e-03   9.3314848e-02
   2.0000000e+00  -1.2794726e-01  -1.2265266e+00  -3.5989792e-01  -6.5214741e-01  -7.6463508e-01   6.3275071e-01  -2.0323467e-01   7.3885378e-01   1.5734763e-01   4.4685087e-01  -2.3376946e-01   1.5748593e-01   1.6143177e+00   9.9385553e-01  -5.2712589e-01  -5.9052291e-01  -1.2054137e+00   1.8219888e+00
   2.0000000e+00  -1.2335309e+00   1.1397261e+00   8.6190915e-01  -1.0176897e+00   1.3034407e+00   5.4902106e-01  -2.9308222e-01   4.4726652e-01   5.4408664e-01  -4.6756081e-01  -4.2537348e-01  -1.9323512e+00   2.3560094e-01   1.4270554e+00   7.3236308e-03  -1.0173525e+00  -1.4338206e+00  -1.9111605e+00
   2.0000000e+00   6.5028420e-01   5.1285335e-02   6.7709016e-01  -4.7219734e-01  -5.1992253e-01  -1.0118959e+00  -1.7646990e-01  -3.3462160e-01  -5.0299051e-01   1.2002777e-01   1.0214467e+00   6.5891730e-01  -2.0448837e+00   1.8841588e+00  -6.7021427e-01  -5.7574874e-01   9.5617239e-01  -8.5663324e-01
   2.0000000e+00  -6.1613369e-01   9.9741103e-01   1.0689345e+00   8.0640526e-01   1.3736975e+00   3.3980982e-02   2.1549298e+00   1.2695435e+00  -5.3540202e-01  -4.6204478e-01   5.3649556e-02  -8.8269560e-01  -4.8590665e-01  -2.7273769e-01   5.8052441e-01   6.4920371e-02   2.7376673e-01   1.0910556e+00
   1.0000000e+00   2.6487446e-01  -3.4608042e-01   1.1044783e+00  -1.3153350e+00   1.0565505e-01  -2.6601015e+00   7.3821191e-01   6.4231225e-01  -2.4200981e-01  -7.2362597e-01   7.1026908e-01  -1.8427229e+00  -8.7279369e-01   8.4068053e-01  -1.3003166e+00   5.6501593e-01   8.0795799e-01   3.0044519e-01
   2.0000000e+00   1.3435373e+00   2.4087104e+00  -2.3411834e+00   4.9010438e-01  -4.4843979e-02  -1.9054682e+00  -1.1916367e+00  -1.0744805e-01   1.0211037e+00  -5.3280883e-01   2.8171527e-01  -1.7180665e-01   1.4046255e-01  -4.6735345e-01  -7.9924028e-02  -1.8298664e-01  -1.0293956e+00  -1.4520854e+00
   2.0000000e+00  -1.8555319e+00  -4.2900963e-01   9.9516207e-01   7.2520356e-02  -1.2580701e+00  -1.2689127e+00   2.6219370e-01   4.3299698e-01   1.3436928e+00  -5.0501561e-01   2.8094244e-01  -2.1846880e-01  -1.0726138e+00  -9.8903900e-01  -2.8238422e-01   7.3827636e-01  -7.3181532e-01  -1.6044232e+00
   1.0000000e+00  -1.3135330e+00   5.3887027e-01   2.3894021e-01   7.7640803e-02   5.0515628e-01   5.6946017e-01   9.8099099e-01   9.6495036e-01   6.5191596e-01   9.9470807e-01  -1.1032212e-01   8.7651054e-01  -1.6409765e+00   2.3528520e-01  -2.0349068e-01   8.4081354e-01   3.6871997e-01   9.4734403e-01
   1.0000000e+00  -9.9408822e-01   3.2264311e-01  -3.8815657e-01  -8.1346728e-01   4.9045191e-01  -1.0771289e+00  -2.6068717e-01  -1.6676593e-01   1.0286498e+00   3.7383159e-01   7.2535696e-01  -8.7359411e-02  -2.4388779e-01  -1.3875153e-01   1.6648502e-01  -3.1141898e-01  -6.9688937e-02  -1.9670680e-01
   2.0000000e+00   2.9515482e-01  -3.5859771e-01   7.4081974e-01  -1.9281027e+00   8.6943698e-01   1.5178916e+00   4.9937292e-01  -2.9785717e-01  -1.1866917e-01   9.1829369e-01   9.7309771e-02   7.9941420e-01   3.1624447e-01  -1.1514286e+00  -2.8396015e-01  -1.4701571e+00  -1.8806355e+00   5.5764073e-01
   2.0000000e+00   1.2535543e+00  -7.5892063e-01   5.7517417e-02  -4.4978762e-01  -1.4462928e+00  -6.4968573e-01  -1.6949862e-01  -2.8221469e-01  -5.6806576e-01   3.8272320e-01  -2.1202593e+00   2.3940542e+00   6.2568671e-01   8.4758772e-01   4.7913738e-02  -8.8361662e-01  -2.1563332e-01  -7.4305618e-01
   2.0000000e+00   1.1104963e+00   3.7557471e-01   1.5466314e+00   1.7954710e-01   1.9766678e+00  -1.4263159e-01   1.3646534e+00   1.2562962e+00   7.9584986e-01   8.8450519e-01   6.5450143e-01   1.0262293e+00   1.5592433e+00   4.8573827e-01   2.2611504e+00  -8.5191717e-01   1.7070484e-01  -1.0788795e+00
   1.0000000e+00  -1.1737343e+00  -9.3169768e-01   3.6297480e-01  -1.1505738e+00   5.3823659e-01  -6.8452639e-01   8.9097577e-01  -1.7922887e+00   3.1545121e-01  -1.6636204e+00   1.6972714e-01   1.4800838e+00   1.3665948e+00  -2.9119757e-01   1.1413133e+00   5.1287258e-01   4.4093804e-01   9.5097085e-01
   2.0000000e+00  -1.1382898e+00   7.9282694e-01   6.8820736e-01   1.4382110e+00   7.5698961e-01  -8.6274534e-01   1.3180539e+00  -4.4003536e-01   1.2546706e-01   4.2698259e-01   8.7840143e-01   1.5086686e-01  -6.7386766e-01   2.2934391e-01  -3.2524380e-01  -8.0705256e-01  -2.4222413e+00  -2.2708998e-01
